/*
Navicat MySQL Data Transfer

Source Server         : 本地
Source Server Version : 80012
Source Host           : 127.0.0.1:3306
Source Database       : vcm

Target Server Type    : MYSQL
Target Server Version : 80012
File Encoding         : 65001

Date: 2019-08-28 17:24:24
*/

SET FOREIGN_KEY_CHECKS=0;

-- ----------------------------
-- Table structure for `t_behavior_log`
-- ----------------------------
DROP TABLE IF EXISTS `t_behavior_log`;
CREATE TABLE `t_behavior_log` (
  `behaviorLogId` bigint(20) NOT NULL AUTO_INCREMENT COMMENT '行为日志流水ID',
  `actionMethod` varchar(200) COLLATE utf8mb4_general_ci DEFAULT NULL COMMENT '响应方法',
  `actionDate` datetime DEFAULT NULL COMMENT '请求时间',
  `actionUser` varchar(100) COLLATE utf8mb4_general_ci DEFAULT NULL COMMENT '请求人',
  `actionUserId` varchar(32) COLLATE utf8mb4_general_ci DEFAULT NULL COMMENT '请求人ID',
  PRIMARY KEY (`behaviorLogId`)
) ENGINE=InnoDB AUTO_INCREMENT=6529 DEFAULT CHARSET=utf8mb4 COLLATE=utf8mb4_general_ci;

-- ----------------------------
-- Records of t_behavior_log
-- ----------------------------
INSERT INTO `t_behavior_log` VALUES ('4917', '/internationalize/initInternationalization', '2019-08-20 17:30:05', '', '');
INSERT INTO `t_behavior_log` VALUES ('4918', '/user/login', '2019-08-20 17:30:07', '', '');
INSERT INTO `t_behavior_log` VALUES ('4919', '/user/getUserInfo', '2019-08-20 17:30:08', '', '');
INSERT INTO `t_behavior_log` VALUES ('4920', '/msg/queryUserMsg', '2019-08-20 17:30:08', '系统管理员', '1');
INSERT INTO `t_behavior_log` VALUES ('4921', '/role/queryRoleList', '2019-08-20 17:30:12', '系统管理员', '1');
INSERT INTO `t_behavior_log` VALUES ('4922', '/role/loadTree', '2019-08-20 17:30:12', '系统管理员', '1');
INSERT INTO `t_behavior_log` VALUES ('4923', '/tree/getTreeList', '2019-08-20 17:30:17', '系统管理员', '1');
INSERT INTO `t_behavior_log` VALUES ('4924', '/tree/queryTreeButtonList', '2019-08-20 17:30:18', '系统管理员', '1');
INSERT INTO `t_behavior_log` VALUES ('4925', '/tree/getTreeByTreeId', '2019-08-20 17:30:19', '系统管理员', '1');
INSERT INTO `t_behavior_log` VALUES ('4926', '/tree/getTreeByTreeId', '2019-08-20 17:30:25', '系统管理员', '1');
INSERT INTO `t_behavior_log` VALUES ('4927', '/internationalize/initInternationalization', '2019-08-21 09:59:38', '', '');
INSERT INTO `t_behavior_log` VALUES ('4928', '/user/login', '2019-08-21 09:59:53', '', '');
INSERT INTO `t_behavior_log` VALUES ('4929', '/user/getUserInfo', '2019-08-21 09:59:55', '', '');
INSERT INTO `t_behavior_log` VALUES ('4930', '/msg/queryUserMsg', '2019-08-21 09:59:56', '系统管理员', '1');
INSERT INTO `t_behavior_log` VALUES ('4931', '/tree/getTreeList', '2019-08-21 10:00:02', '系统管理员', '1');
INSERT INTO `t_behavior_log` VALUES ('4932', '/tree/queryTreeButtonList', '2019-08-21 10:00:03', '系统管理员', '1');
INSERT INTO `t_behavior_log` VALUES ('4933', '/tree/checkTreeCode', '2019-08-21 10:00:27', '系统管理员', '1');
INSERT INTO `t_behavior_log` VALUES ('4934', '/tree/checkTreeCode', '2019-08-21 10:01:22', '系统管理员', '1');
INSERT INTO `t_behavior_log` VALUES ('4935', '/tree/addTree', '2019-08-21 10:01:23', '系统管理员', '1');
INSERT INTO `t_behavior_log` VALUES ('4936', '/tree/getTreeList', '2019-08-21 10:01:23', '系统管理员', '1');
INSERT INTO `t_behavior_log` VALUES ('4937', '/tree/queryTreeButtonList', '2019-08-21 10:01:25', '系统管理员', '1');
INSERT INTO `t_behavior_log` VALUES ('4938', '/tree/checkTreeCode', '2019-08-21 10:01:55', '系统管理员', '1');
INSERT INTO `t_behavior_log` VALUES ('4939', '/tree/checkTreeCode', '2019-08-21 10:02:05', '系统管理员', '1');
INSERT INTO `t_behavior_log` VALUES ('4940', '/tree/checkTreeCode', '2019-08-21 10:02:11', '系统管理员', '1');
INSERT INTO `t_behavior_log` VALUES ('4941', '/tree/addButton', '2019-08-21 10:02:11', '系统管理员', '1');
INSERT INTO `t_behavior_log` VALUES ('4942', '/tree/queryTreeButtonList', '2019-08-21 10:02:12', '系统管理员', '1');
INSERT INTO `t_behavior_log` VALUES ('4943', '/tree/checkTreeCode', '2019-08-21 10:02:35', '系统管理员', '1');
INSERT INTO `t_behavior_log` VALUES ('4944', '/tree/checkTreeCode', '2019-08-21 10:02:40', '系统管理员', '1');
INSERT INTO `t_behavior_log` VALUES ('4945', '/tree/addButton', '2019-08-21 10:02:40', '系统管理员', '1');
INSERT INTO `t_behavior_log` VALUES ('4946', '/tree/queryTreeButtonList', '2019-08-21 10:02:40', '系统管理员', '1');
INSERT INTO `t_behavior_log` VALUES ('4947', '/tree/checkTreeCode', '2019-08-21 10:02:52', '系统管理员', '1');
INSERT INTO `t_behavior_log` VALUES ('4948', '/tree/checkTreeCode', '2019-08-21 10:03:00', '系统管理员', '1');
INSERT INTO `t_behavior_log` VALUES ('4949', '/tree/checkTreeCode', '2019-08-21 10:03:14', '系统管理员', '1');
INSERT INTO `t_behavior_log` VALUES ('4950', '/tree/addButton', '2019-08-21 10:03:14', '系统管理员', '1');
INSERT INTO `t_behavior_log` VALUES ('4951', '/tree/queryTreeButtonList', '2019-08-21 10:03:15', '系统管理员', '1');
INSERT INTO `t_behavior_log` VALUES ('4952', '/tree/getTreeByTreeId', '2019-08-21 10:03:17', '系统管理员', '1');
INSERT INTO `t_behavior_log` VALUES ('4953', '/tree/checkTreeCode', '2019-08-21 10:03:20', '系统管理员', '1');
INSERT INTO `t_behavior_log` VALUES ('4954', '/tree/updateButton', '2019-08-21 10:03:20', '系统管理员', '1');
INSERT INTO `t_behavior_log` VALUES ('4955', '/tree/queryTreeButtonList', '2019-08-21 10:03:20', '系统管理员', '1');
INSERT INTO `t_behavior_log` VALUES ('4956', '/role/queryRoleList', '2019-08-21 10:03:22', '系统管理员', '1');
INSERT INTO `t_behavior_log` VALUES ('4957', '/role/loadTree', '2019-08-21 10:03:22', '系统管理员', '1');
INSERT INTO `t_behavior_log` VALUES ('4958', '/role/getRoleByRoleId', '2019-08-21 10:03:25', '系统管理员', '1');
INSERT INTO `t_behavior_log` VALUES ('4959', '/role/checkRoleCodeAndName', '2019-08-21 10:03:29', '系统管理员', '1');
INSERT INTO `t_behavior_log` VALUES ('4960', '/role/checkRoleCodeAndName', '2019-08-21 10:03:29', '系统管理员', '1');
INSERT INTO `t_behavior_log` VALUES ('4961', '/role/updateRole', '2019-08-21 10:03:29', '系统管理员', '1');
INSERT INTO `t_behavior_log` VALUES ('4962', '/role/queryRoleList', '2019-08-21 10:03:30', '系统管理员', '1');
INSERT INTO `t_behavior_log` VALUES ('4963', '/user/login', '2019-08-21 10:03:35', '', '');
INSERT INTO `t_behavior_log` VALUES ('4964', '/user/getUserInfo', '2019-08-21 10:03:35', '', '');
INSERT INTO `t_behavior_log` VALUES ('4965', '/msg/queryUserMsg', '2019-08-21 10:03:35', '系统管理员', '1');
INSERT INTO `t_behavior_log` VALUES ('4966', '/language/queryLanguageList', '2019-08-21 10:03:38', '系统管理员', '1');
INSERT INTO `t_behavior_log` VALUES ('4967', '/language/addLanguage', '2019-08-21 10:04:17', '系统管理员', '1');
INSERT INTO `t_behavior_log` VALUES ('4968', '/language/queryLanguageList', '2019-08-21 10:04:17', '系统管理员', '1');
INSERT INTO `t_behavior_log` VALUES ('4969', '/language/addLanguage', '2019-08-21 10:04:23', '系统管理员', '1');
INSERT INTO `t_behavior_log` VALUES ('4970', '/language/addLanguage', '2019-08-21 10:05:49', '系统管理员', '1');
INSERT INTO `t_behavior_log` VALUES ('4971', '/language/addLanguage', '2019-08-21 10:06:26', '系统管理员', '1');
INSERT INTO `t_behavior_log` VALUES ('4972', '/language/addLanguage', '2019-08-21 10:06:49', '系统管理员', '1');
INSERT INTO `t_behavior_log` VALUES ('4973', '/internationalize/initInternationalization', '2019-08-21 10:07:29', '', '');
INSERT INTO `t_behavior_log` VALUES ('4974', '/language/queryLanguageList', '2019-08-21 10:07:30', '系统管理员', '1');
INSERT INTO `t_behavior_log` VALUES ('4975', '/msg/queryUserMsg', '2019-08-21 10:07:30', '系统管理员', '1');
INSERT INTO `t_behavior_log` VALUES ('4976', '/language/addLanguage', '2019-08-21 10:11:15', '系统管理员', '1');
INSERT INTO `t_behavior_log` VALUES ('4977', '/language/queryLanguageList', '2019-08-21 10:11:15', '系统管理员', '1');
INSERT INTO `t_behavior_log` VALUES ('4978', '/language/addLanguage', '2019-08-21 10:11:21', '系统管理员', '1');
INSERT INTO `t_behavior_log` VALUES ('4979', '/language/queryLanguageList', '2019-08-21 10:11:21', '系统管理员', '1');
INSERT INTO `t_behavior_log` VALUES ('4980', '/language/queryLanguageList', '2019-08-21 10:11:26', '系统管理员', '1');
INSERT INTO `t_behavior_log` VALUES ('4981', '/language/queryLanguageList', '2019-08-21 10:11:30', '系统管理员', '1');
INSERT INTO `t_behavior_log` VALUES ('4982', '/language/deleteLanguage', '2019-08-21 10:11:32', '系统管理员', '1');
INSERT INTO `t_behavior_log` VALUES ('4983', '/language/queryLanguageList', '2019-08-21 10:11:32', '系统管理员', '1');
INSERT INTO `t_behavior_log` VALUES ('4984', '/language/deleteLanguage', '2019-08-21 10:11:35', '系统管理员', '1');
INSERT INTO `t_behavior_log` VALUES ('4985', '/language/queryLanguageList', '2019-08-21 10:11:36', '系统管理员', '1');
INSERT INTO `t_behavior_log` VALUES ('4986', '/language/deleteLanguage', '2019-08-21 10:11:38', '系统管理员', '1');
INSERT INTO `t_behavior_log` VALUES ('4987', '/language/queryLanguageList', '2019-08-21 10:11:38', '系统管理员', '1');
INSERT INTO `t_behavior_log` VALUES ('4988', '/language/queryLanguageList', '2019-08-21 10:13:40', '系统管理员', '1');
INSERT INTO `t_behavior_log` VALUES ('4989', '/language/addLanguage', '2019-08-21 10:13:47', '系统管理员', '1');
INSERT INTO `t_behavior_log` VALUES ('4990', '/language/queryLanguageList', '2019-08-21 10:13:47', '系统管理员', '1');
INSERT INTO `t_behavior_log` VALUES ('4991', '/language/addLanguage', '2019-08-21 10:13:51', '系统管理员', '1');
INSERT INTO `t_behavior_log` VALUES ('4992', '/language/queryLanguageList', '2019-08-21 10:13:51', '系统管理员', '1');
INSERT INTO `t_behavior_log` VALUES ('4993', '/language/addLanguage', '2019-08-21 10:13:56', '系统管理员', '1');
INSERT INTO `t_behavior_log` VALUES ('4994', '/language/queryLanguageList', '2019-08-21 10:13:57', '系统管理员', '1');
INSERT INTO `t_behavior_log` VALUES ('4995', '/language/getLanguage', '2019-08-21 10:13:58', '系统管理员', '1');
INSERT INTO `t_behavior_log` VALUES ('4996', '/language/updateLanguage', '2019-08-21 10:14:03', '系统管理员', '1');
INSERT INTO `t_behavior_log` VALUES ('4997', '/language/queryLanguageList', '2019-08-21 10:14:04', '系统管理员', '1');
INSERT INTO `t_behavior_log` VALUES ('4998', '/language/getLanguage', '2019-08-21 10:14:06', '系统管理员', '1');
INSERT INTO `t_behavior_log` VALUES ('4999', '/language/updateLanguage', '2019-08-21 10:14:10', '系统管理员', '1');
INSERT INTO `t_behavior_log` VALUES ('5000', '/language/queryLanguageList', '2019-08-21 10:14:10', '系统管理员', '1');
INSERT INTO `t_behavior_log` VALUES ('5001', '/language/deleteLanguage', '2019-08-21 10:14:13', '系统管理员', '1');
INSERT INTO `t_behavior_log` VALUES ('5002', '/language/queryLanguageList', '2019-08-21 10:14:13', '系统管理员', '1');
INSERT INTO `t_behavior_log` VALUES ('5003', '/language/queryLanguageList', '2019-08-21 10:14:29', '系统管理员', '1');
INSERT INTO `t_behavior_log` VALUES ('5004', '/internationalize/getInternationalizeTree', '2019-08-21 10:18:32', '系统管理员', '1');
INSERT INTO `t_behavior_log` VALUES ('5005', '/language/queryLanguageList', '2019-08-21 10:18:33', '系统管理员', '1');
INSERT INTO `t_behavior_log` VALUES ('5006', '/language/addLanguage', '2019-08-21 10:20:44', '系统管理员', '1');
INSERT INTO `t_behavior_log` VALUES ('5007', '/language/queryLanguageList', '2019-08-21 10:20:44', '系统管理员', '1');
INSERT INTO `t_behavior_log` VALUES ('5008', '/language/getLanguage', '2019-08-21 10:20:48', '系统管理员', '1');
INSERT INTO `t_behavior_log` VALUES ('5009', '/internationalize/initInternationalization', '2019-08-21 10:22:55', '', '');
INSERT INTO `t_behavior_log` VALUES ('5010', '/language/queryLanguageList', '2019-08-21 10:22:56', '系统管理员', '1');
INSERT INTO `t_behavior_log` VALUES ('5011', '/msg/queryUserMsg', '2019-08-21 10:22:56', '系统管理员', '1');
INSERT INTO `t_behavior_log` VALUES ('5012', '/language/addLanguage', '2019-08-21 10:23:07', '系统管理员', '1');
INSERT INTO `t_behavior_log` VALUES ('5013', '/language/queryLanguageList', '2019-08-21 10:23:08', '系统管理员', '1');
INSERT INTO `t_behavior_log` VALUES ('5014', '/language/addLanguage', '2019-08-21 10:23:12', '系统管理员', '1');
INSERT INTO `t_behavior_log` VALUES ('5015', '/language/queryLanguageList', '2019-08-21 10:23:12', '系统管理员', '1');
INSERT INTO `t_behavior_log` VALUES ('5016', '/language/addLanguage', '2019-08-21 10:23:17', '系统管理员', '1');
INSERT INTO `t_behavior_log` VALUES ('5017', '/language/queryLanguageList', '2019-08-21 10:23:17', '系统管理员', '1');
INSERT INTO `t_behavior_log` VALUES ('5018', '/language/getLanguage', '2019-08-21 10:23:19', '系统管理员', '1');
INSERT INTO `t_behavior_log` VALUES ('5019', '/internationalize/initInternationalization', '2019-08-21 10:25:03', '', '');
INSERT INTO `t_behavior_log` VALUES ('5020', '/msg/queryUserMsg', '2019-08-21 10:25:05', '系统管理员', '1');
INSERT INTO `t_behavior_log` VALUES ('5021', '/language/queryLanguageList', '2019-08-21 10:25:05', '系统管理员', '1');
INSERT INTO `t_behavior_log` VALUES ('5022', '/language/queryLanguageList', '2019-08-21 10:25:39', '系统管理员', '1');
INSERT INTO `t_behavior_log` VALUES ('5023', '/internationalize/initInternationalization', '2019-08-21 10:25:48', '', '');
INSERT INTO `t_behavior_log` VALUES ('5024', '/language/queryLanguageList', '2019-08-21 10:25:49', '系统管理员', '1');
INSERT INTO `t_behavior_log` VALUES ('5025', '/msg/queryUserMsg', '2019-08-21 10:25:49', '系统管理员', '1');
INSERT INTO `t_behavior_log` VALUES ('5026', '/language/getLanguage', '2019-08-21 10:25:52', '系统管理员', '1');
INSERT INTO `t_behavior_log` VALUES ('5027', '/language/getLanguage', '2019-08-21 10:25:54', '系统管理员', '1');
INSERT INTO `t_behavior_log` VALUES ('5028', '/language/updateLanguage', '2019-08-21 10:25:57', '系统管理员', '1');
INSERT INTO `t_behavior_log` VALUES ('5029', '/language/queryLanguageList', '2019-08-21 10:25:57', '系统管理员', '1');
INSERT INTO `t_behavior_log` VALUES ('5030', '/language/getLanguage', '2019-08-21 10:25:59', '系统管理员', '1');
INSERT INTO `t_behavior_log` VALUES ('5031', '/language/updateLanguage', '2019-08-21 10:26:03', '系统管理员', '1');
INSERT INTO `t_behavior_log` VALUES ('5032', '/language/queryLanguageList', '2019-08-21 10:26:03', '系统管理员', '1');
INSERT INTO `t_behavior_log` VALUES ('5033', '/language/deleteLanguage', '2019-08-21 10:26:06', '系统管理员', '1');
INSERT INTO `t_behavior_log` VALUES ('5034', '/language/queryLanguageList', '2019-08-21 10:26:06', '系统管理员', '1');
INSERT INTO `t_behavior_log` VALUES ('5035', '/language/deleteLanguage', '2019-08-21 10:26:08', '系统管理员', '1');
INSERT INTO `t_behavior_log` VALUES ('5036', '/language/queryLanguageList', '2019-08-21 10:26:08', '系统管理员', '1');
INSERT INTO `t_behavior_log` VALUES ('5037', '/language/deleteLanguage', '2019-08-21 10:26:09', '系统管理员', '1');
INSERT INTO `t_behavior_log` VALUES ('5038', '/language/queryLanguageList', '2019-08-21 10:26:10', '系统管理员', '1');
INSERT INTO `t_behavior_log` VALUES ('5039', '/language/deleteLanguage', '2019-08-21 10:26:11', '系统管理员', '1');
INSERT INTO `t_behavior_log` VALUES ('5040', '/language/queryLanguageList', '2019-08-21 10:26:11', '系统管理员', '1');
INSERT INTO `t_behavior_log` VALUES ('5041', '/language/deleteLanguage', '2019-08-21 10:26:13', '系统管理员', '1');
INSERT INTO `t_behavior_log` VALUES ('5042', '/language/queryLanguageList', '2019-08-21 10:26:13', '系统管理员', '1');
INSERT INTO `t_behavior_log` VALUES ('5043', '/language/deleteLanguage', '2019-08-21 10:26:14', '系统管理员', '1');
INSERT INTO `t_behavior_log` VALUES ('5044', '/language/queryLanguageList', '2019-08-21 10:26:15', '系统管理员', '1');
INSERT INTO `t_behavior_log` VALUES ('5045', '/internationalize/initInternationalization', '2019-08-21 10:26:38', '', '');
INSERT INTO `t_behavior_log` VALUES ('5046', '/language/queryLanguageList', '2019-08-21 10:26:40', '系统管理员', '1');
INSERT INTO `t_behavior_log` VALUES ('5047', '/msg/queryUserMsg', '2019-08-21 10:26:40', '系统管理员', '1');
INSERT INTO `t_behavior_log` VALUES ('5048', '/language/addLanguage', '2019-08-21 10:35:44', '系统管理员', '1');
INSERT INTO `t_behavior_log` VALUES ('5049', '/language/queryLanguageList', '2019-08-21 10:35:45', '系统管理员', '1');
INSERT INTO `t_behavior_log` VALUES ('5050', '/language/addLanguage', '2019-08-21 10:36:07', '系统管理员', '1');
INSERT INTO `t_behavior_log` VALUES ('5051', '/language/queryLanguageList', '2019-08-21 10:36:07', '系统管理员', '1');
INSERT INTO `t_behavior_log` VALUES ('5052', '/language/addLanguage', '2019-08-21 10:36:19', '系统管理员', '1');
INSERT INTO `t_behavior_log` VALUES ('5053', '/language/queryLanguageList', '2019-08-21 10:36:19', '系统管理员', '1');
INSERT INTO `t_behavior_log` VALUES ('5054', '/internationalize/initInternationalization', '2019-08-21 10:37:06', '', '');
INSERT INTO `t_behavior_log` VALUES ('5055', '/language/queryLanguageList', '2019-08-21 10:37:07', '系统管理员', '1');
INSERT INTO `t_behavior_log` VALUES ('5056', '/msg/queryUserMsg', '2019-08-21 10:37:07', '系统管理员', '1');
INSERT INTO `t_behavior_log` VALUES ('5057', '/internationalize/getInternationalizeTree', '2019-08-21 10:37:10', '系统管理员', '1');
INSERT INTO `t_behavior_log` VALUES ('5058', '/language/queryLanguageList', '2019-08-21 10:37:11', '系统管理员', '1');
INSERT INTO `t_behavior_log` VALUES ('5059', '/internationalize/initInternationalization', '2019-08-21 14:17:02', '', '');
INSERT INTO `t_behavior_log` VALUES ('5060', '/user/refreshToken', '2019-08-21 14:17:04', '', '');
INSERT INTO `t_behavior_log` VALUES ('5061', '/user/refreshToken', '2019-08-21 14:17:04', '', '');
INSERT INTO `t_behavior_log` VALUES ('5062', '/user/login', '2019-08-21 14:17:06', '', '');
INSERT INTO `t_behavior_log` VALUES ('5063', '/user/getUserInfo', '2019-08-21 14:17:08', '', '');
INSERT INTO `t_behavior_log` VALUES ('5064', '/msg/queryUserMsg', '2019-08-21 14:17:08', '系统管理员', '1');
INSERT INTO `t_behavior_log` VALUES ('5065', '/language/queryLanguageList', '2019-08-21 14:17:10', '系统管理员', '1');
INSERT INTO `t_behavior_log` VALUES ('5066', '/tree/getTreeList', '2019-08-21 14:17:13', '系统管理员', '1');
INSERT INTO `t_behavior_log` VALUES ('5067', '/tree/queryTreeButtonList', '2019-08-21 14:17:14', '系统管理员', '1');
INSERT INTO `t_behavior_log` VALUES ('5068', '/tree/checkTreeCode', '2019-08-21 14:17:33', '系统管理员', '1');
INSERT INTO `t_behavior_log` VALUES ('5069', '/tree/checkTreeCode', '2019-08-21 14:17:50', '系统管理员', '1');
INSERT INTO `t_behavior_log` VALUES ('5070', '/tree/addTree', '2019-08-21 14:17:50', '系统管理员', '1');
INSERT INTO `t_behavior_log` VALUES ('5071', '/tree/getTreeList', '2019-08-21 14:17:50', '系统管理员', '1');
INSERT INTO `t_behavior_log` VALUES ('5072', '/role/loadTree', '2019-08-21 14:17:54', '系统管理员', '1');
INSERT INTO `t_behavior_log` VALUES ('5073', '/role/queryRoleList', '2019-08-21 14:17:54', '系统管理员', '1');
INSERT INTO `t_behavior_log` VALUES ('5074', '/role/getRoleByRoleId', '2019-08-21 14:17:55', '系统管理员', '1');
INSERT INTO `t_behavior_log` VALUES ('5075', '/role/checkRoleCodeAndName', '2019-08-21 14:17:59', '系统管理员', '1');
INSERT INTO `t_behavior_log` VALUES ('5076', '/role/checkRoleCodeAndName', '2019-08-21 14:17:59', '系统管理员', '1');
INSERT INTO `t_behavior_log` VALUES ('5077', '/role/updateRole', '2019-08-21 14:17:59', '系统管理员', '1');
INSERT INTO `t_behavior_log` VALUES ('5078', '/role/queryRoleList', '2019-08-21 14:18:00', '系统管理员', '1');
INSERT INTO `t_behavior_log` VALUES ('5079', '/user/login', '2019-08-21 14:18:04', '', '');
INSERT INTO `t_behavior_log` VALUES ('5080', '/user/getUserInfo', '2019-08-21 14:18:04', '', '');
INSERT INTO `t_behavior_log` VALUES ('5081', '/msg/queryUserMsg', '2019-08-21 14:18:04', '系统管理员', '1');
INSERT INTO `t_behavior_log` VALUES ('5082', '/internationalization/getInternationalizationTree', '2019-08-21 14:18:06', '系统管理员', '1');
INSERT INTO `t_behavior_log` VALUES ('5083', '/internationalize/initInternationalization', '2019-08-21 14:19:01', '', '');
INSERT INTO `t_behavior_log` VALUES ('5084', '/msg/queryUserMsg', '2019-08-21 14:19:02', '系统管理员', '1');
INSERT INTO `t_behavior_log` VALUES ('5085', '/internationalization/getInternationalizationTree', '2019-08-21 14:19:02', '系统管理员', '1');
INSERT INTO `t_behavior_log` VALUES ('5086', '/internationalize/getInternationalizeTree', '2019-08-21 14:20:08', '系统管理员', '1');
INSERT INTO `t_behavior_log` VALUES ('5087', '/msg/queryMessageList', '2019-08-21 14:20:25', '系统管理员', '1');
INSERT INTO `t_behavior_log` VALUES ('5088', '/user/queryUserList', '2019-08-21 14:20:25', '系统管理员', '1');
INSERT INTO `t_behavior_log` VALUES ('5089', '/internationalize/getInternationalizeTree', '2019-08-21 14:20:28', '系统管理员', '1');
INSERT INTO `t_behavior_log` VALUES ('5090', '/language/queryLanguageList', '2019-08-21 14:20:29', '系统管理员', '1');
INSERT INTO `t_behavior_log` VALUES ('5091', '/internationalization/getInternationalizationTree', '2019-08-21 14:20:36', '系统管理员', '1');
INSERT INTO `t_behavior_log` VALUES ('5092', '/tree/getTreeList', '2019-08-21 14:20:58', '系统管理员', '1');
INSERT INTO `t_behavior_log` VALUES ('5093', '/tree/queryTreeButtonList', '2019-08-21 14:20:59', '系统管理员', '1');
INSERT INTO `t_behavior_log` VALUES ('5094', '/tree/queryTreeButtonList', '2019-08-21 14:21:02', '系统管理员', '1');
INSERT INTO `t_behavior_log` VALUES ('5095', '/tree/getTreeByTreeId', '2019-08-21 14:21:03', '系统管理员', '1');
INSERT INTO `t_behavior_log` VALUES ('5096', '/tree/queryTreeButtonList', '2019-08-21 14:21:06', '系统管理员', '1');
INSERT INTO `t_behavior_log` VALUES ('5097', '/tree/checkTreeCode', '2019-08-21 14:21:21', '系统管理员', '1');
INSERT INTO `t_behavior_log` VALUES ('5098', '/tree/checkTreeCode', '2019-08-21 14:21:49', '系统管理员', '1');
INSERT INTO `t_behavior_log` VALUES ('5099', '/tree/getTreeByTreeId', '2019-08-21 14:21:50', '系统管理员', '1');
INSERT INTO `t_behavior_log` VALUES ('5100', '/tree/checkTreeCode', '2019-08-21 14:21:53', '系统管理员', '1');
INSERT INTO `t_behavior_log` VALUES ('5101', '/tree/checkTreeCode', '2019-08-21 14:22:09', '系统管理员', '1');
INSERT INTO `t_behavior_log` VALUES ('5102', '/tree/checkTreeCode', '2019-08-21 14:22:14', '系统管理员', '1');
INSERT INTO `t_behavior_log` VALUES ('5103', '/tree/checkTreeCode', '2019-08-21 14:22:35', '系统管理员', '1');
INSERT INTO `t_behavior_log` VALUES ('5104', '/tree/checkTreeCode', '2019-08-21 14:22:35', '系统管理员', '1');
INSERT INTO `t_behavior_log` VALUES ('5105', '/tree/addButton', '2019-08-21 14:22:35', '系统管理员', '1');
INSERT INTO `t_behavior_log` VALUES ('5106', '/tree/queryTreeButtonList', '2019-08-21 14:22:36', '系统管理员', '1');
INSERT INTO `t_behavior_log` VALUES ('5107', '/tree/checkTreeCode', '2019-08-21 14:22:42', '系统管理员', '1');
INSERT INTO `t_behavior_log` VALUES ('5108', '/tree/checkTreeCode', '2019-08-21 14:22:59', '系统管理员', '1');
INSERT INTO `t_behavior_log` VALUES ('5109', '/tree/addButton', '2019-08-21 14:22:59', '系统管理员', '1');
INSERT INTO `t_behavior_log` VALUES ('5110', '/tree/queryTreeButtonList', '2019-08-21 14:23:00', '系统管理员', '1');
INSERT INTO `t_behavior_log` VALUES ('5111', '/tree/getTreeByTreeId', '2019-08-21 14:23:05', '系统管理员', '1');
INSERT INTO `t_behavior_log` VALUES ('5112', '/tree/checkTreeCode', '2019-08-21 14:23:08', '系统管理员', '1');
INSERT INTO `t_behavior_log` VALUES ('5113', '/tree/checkTreeCode', '2019-08-21 14:23:14', '系统管理员', '1');
INSERT INTO `t_behavior_log` VALUES ('5114', '/tree/checkTreeCode', '2019-08-21 14:23:45', '系统管理员', '1');
INSERT INTO `t_behavior_log` VALUES ('5115', '/tree/addButton', '2019-08-21 14:23:45', '系统管理员', '1');
INSERT INTO `t_behavior_log` VALUES ('5116', '/tree/queryTreeButtonList', '2019-08-21 14:23:45', '系统管理员', '1');
INSERT INTO `t_behavior_log` VALUES ('5117', '/role/loadTree', '2019-08-21 14:23:47', '系统管理员', '1');
INSERT INTO `t_behavior_log` VALUES ('5118', '/role/queryRoleList', '2019-08-21 14:23:47', '系统管理员', '1');
INSERT INTO `t_behavior_log` VALUES ('5119', '/role/getRoleByRoleId', '2019-08-21 14:23:51', '系统管理员', '1');
INSERT INTO `t_behavior_log` VALUES ('5120', '/role/checkRoleCodeAndName', '2019-08-21 14:23:55', '系统管理员', '1');
INSERT INTO `t_behavior_log` VALUES ('5121', '/role/checkRoleCodeAndName', '2019-08-21 14:23:55', '系统管理员', '1');
INSERT INTO `t_behavior_log` VALUES ('5122', '/role/updateRole', '2019-08-21 14:23:55', '系统管理员', '1');
INSERT INTO `t_behavior_log` VALUES ('5123', '/role/queryRoleList', '2019-08-21 14:23:56', '系统管理员', '1');
INSERT INTO `t_behavior_log` VALUES ('5124', '/internationalization/getInternationalizationTree', '2019-08-21 14:23:58', '系统管理员', '1');
INSERT INTO `t_behavior_log` VALUES ('5125', '/user/login', '2019-08-21 14:24:02', '', '');
INSERT INTO `t_behavior_log` VALUES ('5126', '/user/getUserInfo', '2019-08-21 14:24:03', '', '');
INSERT INTO `t_behavior_log` VALUES ('5127', '/msg/queryUserMsg', '2019-08-21 14:24:03', '系统管理员', '1');
INSERT INTO `t_behavior_log` VALUES ('5128', '/internationalization/getInternationalizationTree', '2019-08-21 14:24:05', '系统管理员', '1');
INSERT INTO `t_behavior_log` VALUES ('5129', '/internationalization/getInternationalizationTree', '2019-08-21 14:35:42', '系统管理员', '1');
INSERT INTO `t_behavior_log` VALUES ('5130', '/internationalization/getInternationalizationTree', '2019-08-21 14:40:05', '系统管理员', '1');
INSERT INTO `t_behavior_log` VALUES ('5131', '/internationalize/initInternationalization', '2019-08-21 14:40:19', '', '');
INSERT INTO `t_behavior_log` VALUES ('5132', '/internationalization/getInternationalizationTree', '2019-08-21 14:40:19', '系统管理员', '1');
INSERT INTO `t_behavior_log` VALUES ('5133', '/msg/queryUserMsg', '2019-08-21 14:40:19', '系统管理员', '1');
INSERT INTO `t_behavior_log` VALUES ('5134', '/language/queryLanguageList', '2019-08-21 14:43:15', '系统管理员', '1');
INSERT INTO `t_behavior_log` VALUES ('5135', '/internationalization/getInternationalizationTree', '2019-08-21 14:43:17', '系统管理员', '1');
INSERT INTO `t_behavior_log` VALUES ('5136', '/internationalize/initInternationalization', '2019-08-21 14:44:17', '', '');
INSERT INTO `t_behavior_log` VALUES ('5137', '/internationalization/getInternationalizationTree', '2019-08-21 14:44:19', '系统管理员', '1');
INSERT INTO `t_behavior_log` VALUES ('5138', '/msg/queryUserMsg', '2019-08-21 14:44:19', '系统管理员', '1');
INSERT INTO `t_behavior_log` VALUES ('5139', '/tree/getTreeList', '2019-08-21 14:50:16', '系统管理员', '1');
INSERT INTO `t_behavior_log` VALUES ('5140', '/tree/queryTreeButtonList', '2019-08-21 14:50:18', '系统管理员', '1');
INSERT INTO `t_behavior_log` VALUES ('5141', '/tree/getTreeByTreeId', '2019-08-21 14:50:20', '系统管理员', '1');
INSERT INTO `t_behavior_log` VALUES ('5142', '/tree/checkTreeCode', '2019-08-21 14:50:36', '系统管理员', '1');
INSERT INTO `t_behavior_log` VALUES ('5143', '/tree/updateButton', '2019-08-21 14:50:37', '系统管理员', '1');
INSERT INTO `t_behavior_log` VALUES ('5144', '/tree/queryTreeButtonList', '2019-08-21 14:50:37', '系统管理员', '1');
INSERT INTO `t_behavior_log` VALUES ('5145', '/tree/getTreeByTreeId', '2019-08-21 14:50:38', '系统管理员', '1');
INSERT INTO `t_behavior_log` VALUES ('5146', '/tree/checkTreeCode', '2019-08-21 14:50:41', '系统管理员', '1');
INSERT INTO `t_behavior_log` VALUES ('5147', '/tree/updateButton', '2019-08-21 14:50:41', '系统管理员', '1');
INSERT INTO `t_behavior_log` VALUES ('5148', '/tree/queryTreeButtonList', '2019-08-21 14:50:42', '系统管理员', '1');
INSERT INTO `t_behavior_log` VALUES ('5149', '/internationalization/getInternationalizationTree', '2019-08-21 15:05:11', '系统管理员', '1');
INSERT INTO `t_behavior_log` VALUES ('5150', '/user/login', '2019-08-21 15:05:14', '', '');
INSERT INTO `t_behavior_log` VALUES ('5151', '/user/getUserInfo', '2019-08-21 15:05:15', '', '');
INSERT INTO `t_behavior_log` VALUES ('5152', '/msg/queryUserMsg', '2019-08-21 15:05:15', '系统管理员', '1');
INSERT INTO `t_behavior_log` VALUES ('5153', '/internationalization/getInternationalizationTree', '2019-08-21 15:05:17', '系统管理员', '1');
INSERT INTO `t_behavior_log` VALUES ('5154', '/internationalization/getLanguage', '2019-08-21 15:05:20', '系统管理员', '1');
INSERT INTO `t_behavior_log` VALUES ('5155', '/internationalize/initInternationalization', '2019-08-21 15:17:11', '', '');
INSERT INTO `t_behavior_log` VALUES ('5156', '/msg/queryUserMsg', '2019-08-21 15:17:11', '系统管理员', '1');
INSERT INTO `t_behavior_log` VALUES ('5157', '/internationalization/getInternationalizationTree', '2019-08-21 15:17:11', '系统管理员', '1');
INSERT INTO `t_behavior_log` VALUES ('5158', '/internationalization/getLanguage', '2019-08-21 15:17:15', '系统管理员', '1');
INSERT INTO `t_behavior_log` VALUES ('5159', '/internationalize/initInternationalization', '2019-08-21 15:17:42', '', '');
INSERT INTO `t_behavior_log` VALUES ('5160', '/internationalization/getInternationalizationTree', '2019-08-21 15:17:42', '系统管理员', '1');
INSERT INTO `t_behavior_log` VALUES ('5161', '/msg/queryUserMsg', '2019-08-21 15:17:42', '系统管理员', '1');
INSERT INTO `t_behavior_log` VALUES ('5162', '/internationalization/getLanguage', '2019-08-21 15:17:44', '系统管理员', '1');
INSERT INTO `t_behavior_log` VALUES ('5163', '/internationalize/initInternationalization', '2019-08-21 15:19:17', '', '');
INSERT INTO `t_behavior_log` VALUES ('5164', '/msg/queryUserMsg', '2019-08-21 15:19:18', '系统管理员', '1');
INSERT INTO `t_behavior_log` VALUES ('5165', '/internationalization/getInternationalizationTree', '2019-08-21 15:19:18', '系统管理员', '1');
INSERT INTO `t_behavior_log` VALUES ('5166', '/internationalization/getLanguage', '2019-08-21 15:19:20', '系统管理员', '1');
INSERT INTO `t_behavior_log` VALUES ('5167', '/internationalize/initInternationalization', '2019-08-21 15:21:24', '', '');
INSERT INTO `t_behavior_log` VALUES ('5168', '/internationalization/getInternationalizationTree', '2019-08-21 15:21:25', '系统管理员', '1');
INSERT INTO `t_behavior_log` VALUES ('5169', '/msg/queryUserMsg', '2019-08-21 15:21:25', '系统管理员', '1');
INSERT INTO `t_behavior_log` VALUES ('5170', '/internationalize/initInternationalization', '2019-08-21 15:22:01', '', '');
INSERT INTO `t_behavior_log` VALUES ('5171', '/msg/queryUserMsg', '2019-08-21 15:22:02', '系统管理员', '1');
INSERT INTO `t_behavior_log` VALUES ('5172', '/internationalization/getInternationalizationTree', '2019-08-21 15:22:02', '系统管理员', '1');
INSERT INTO `t_behavior_log` VALUES ('5173', '/internationalization/getLanguage', '2019-08-21 15:23:02', '系统管理员', '1');
INSERT INTO `t_behavior_log` VALUES ('5174', '/internationalize/initInternationalization', '2019-08-21 15:23:08', '', '');
INSERT INTO `t_behavior_log` VALUES ('5175', '/internationalization/getLanguage', '2019-08-21 15:23:09', '系统管理员', '1');
INSERT INTO `t_behavior_log` VALUES ('5176', '/msg/queryUserMsg', '2019-08-21 15:23:09', '系统管理员', '1');
INSERT INTO `t_behavior_log` VALUES ('5177', '/internationalization/getInternationalizationTree', '2019-08-21 15:23:09', '系统管理员', '1');
INSERT INTO `t_behavior_log` VALUES ('5178', '/internationalization/getLanguage', '2019-08-21 15:23:25', '系统管理员', '1');
INSERT INTO `t_behavior_log` VALUES ('5179', '/internationalize/initInternationalization', '2019-08-21 15:23:29', '', '');
INSERT INTO `t_behavior_log` VALUES ('5180', '/internationalization/getLanguage', '2019-08-21 15:23:29', '系统管理员', '1');
INSERT INTO `t_behavior_log` VALUES ('5181', '/msg/queryUserMsg', '2019-08-21 15:23:29', '系统管理员', '1');
INSERT INTO `t_behavior_log` VALUES ('5182', '/internationalization/getInternationalizationTree', '2019-08-21 15:23:29', '系统管理员', '1');
INSERT INTO `t_behavior_log` VALUES ('5183', '/internationalize/initInternationalization', '2019-08-21 15:23:44', '', '');
INSERT INTO `t_behavior_log` VALUES ('5184', '/msg/queryUserMsg', '2019-08-21 15:23:44', '系统管理员', '1');
INSERT INTO `t_behavior_log` VALUES ('5185', '/internationalization/getInternationalizationTree', '2019-08-21 15:23:44', '系统管理员', '1');
INSERT INTO `t_behavior_log` VALUES ('5186', '/internationalization/getLanguage', '2019-08-21 15:23:44', '系统管理员', '1');
INSERT INTO `t_behavior_log` VALUES ('5187', '/internationalization/getLanguage', '2019-08-21 15:24:18', '系统管理员', '1');
INSERT INTO `t_behavior_log` VALUES ('5188', '/internationalize/initInternationalization', '2019-08-21 15:24:21', '', '');
INSERT INTO `t_behavior_log` VALUES ('5189', '/internationalization/getLanguage', '2019-08-21 15:24:22', '系统管理员', '1');
INSERT INTO `t_behavior_log` VALUES ('5190', '/internationalization/getInternationalizationTree', '2019-08-21 15:24:22', '系统管理员', '1');
INSERT INTO `t_behavior_log` VALUES ('5191', '/msg/queryUserMsg', '2019-08-21 15:24:22', '系统管理员', '1');
INSERT INTO `t_behavior_log` VALUES ('5192', '/internationalization/getLanguage', '2019-08-21 15:24:53', '系统管理员', '1');
INSERT INTO `t_behavior_log` VALUES ('5193', '/internationalize/initInternationalization', '2019-08-21 15:24:59', '', '');
INSERT INTO `t_behavior_log` VALUES ('5194', '/msg/queryUserMsg', '2019-08-21 15:24:59', '系统管理员', '1');
INSERT INTO `t_behavior_log` VALUES ('5195', '/internationalization/getLanguage', '2019-08-21 15:24:59', '系统管理员', '1');
INSERT INTO `t_behavior_log` VALUES ('5196', '/internationalization/getInternationalizationTree', '2019-08-21 15:24:59', '系统管理员', '1');
INSERT INTO `t_behavior_log` VALUES ('5197', '/internationalization/getLanguage', '2019-08-21 15:32:22', '系统管理员', '1');
INSERT INTO `t_behavior_log` VALUES ('5198', '/internationalization/getLanguage', '2019-08-21 15:33:38', '系统管理员', '1');
INSERT INTO `t_behavior_log` VALUES ('5199', '/internationalization/getLanguage', '2019-08-21 15:33:44', '系统管理员', '1');
INSERT INTO `t_behavior_log` VALUES ('5200', '/internationalize/initInternationalization', '2019-08-21 15:33:50', '', '');
INSERT INTO `t_behavior_log` VALUES ('5201', '/internationalization/getLanguage', '2019-08-21 15:33:50', '系统管理员', '1');
INSERT INTO `t_behavior_log` VALUES ('5202', '/msg/queryUserMsg', '2019-08-21 15:33:50', '系统管理员', '1');
INSERT INTO `t_behavior_log` VALUES ('5203', '/internationalization/getInternationalizationTree', '2019-08-21 15:33:50', '系统管理员', '1');
INSERT INTO `t_behavior_log` VALUES ('5204', '/internationalization/getLanguage', '2019-08-21 15:34:59', '系统管理员', '1');
INSERT INTO `t_behavior_log` VALUES ('5205', '/internationalize/initInternationalization', '2019-08-21 15:35:03', '', '');
INSERT INTO `t_behavior_log` VALUES ('5206', '/internationalization/getLanguage', '2019-08-21 15:35:04', '系统管理员', '1');
INSERT INTO `t_behavior_log` VALUES ('5207', '/internationalization/getInternationalizationTree', '2019-08-21 15:35:04', '系统管理员', '1');
INSERT INTO `t_behavior_log` VALUES ('5208', '/msg/queryUserMsg', '2019-08-21 15:35:04', '系统管理员', '1');
INSERT INTO `t_behavior_log` VALUES ('5209', '/internationalization/getLanguage', '2019-08-21 16:02:46', '系统管理员', '1');
INSERT INTO `t_behavior_log` VALUES ('5210', '/user/refreshToken', '2019-08-21 16:39:27', '', '');
INSERT INTO `t_behavior_log` VALUES ('5211', '/user/refreshToken', '2019-08-21 16:39:27', '', '');
INSERT INTO `t_behavior_log` VALUES ('5212', '/internationalization/getLanguage', '2019-08-21 16:39:29', '系统管理员', '1');
INSERT INTO `t_behavior_log` VALUES ('5213', '/internationalization/getInternationalizationTree', '2019-08-21 16:39:29', '系统管理员', '1');
INSERT INTO `t_behavior_log` VALUES ('5214', '/internationalize/initInternationalization', '2019-08-21 16:43:05', '', '');
INSERT INTO `t_behavior_log` VALUES ('5215', '/internationalization/getLanguage', '2019-08-21 16:43:05', '系统管理员', '1');
INSERT INTO `t_behavior_log` VALUES ('5216', '/internationalization/getInternationalizationTree', '2019-08-21 16:43:05', '系统管理员', '1');
INSERT INTO `t_behavior_log` VALUES ('5217', '/msg/queryUserMsg', '2019-08-21 16:43:05', '系统管理员', '1');
INSERT INTO `t_behavior_log` VALUES ('5218', '/internationalization/getLanguage', '2019-08-21 16:44:03', '系统管理员', '1');
INSERT INTO `t_behavior_log` VALUES ('5219', '/internationalize/initInternationalization', '2019-08-21 16:44:10', '', '');
INSERT INTO `t_behavior_log` VALUES ('5220', '/msg/queryUserMsg', '2019-08-21 16:44:10', '系统管理员', '1');
INSERT INTO `t_behavior_log` VALUES ('5221', '/internationalization/getInternationalizationTree', '2019-08-21 16:44:10', '系统管理员', '1');
INSERT INTO `t_behavior_log` VALUES ('5222', '/internationalization/getLanguage', '2019-08-21 16:44:10', '系统管理员', '1');
INSERT INTO `t_behavior_log` VALUES ('5223', '/internationalization/getLanguage', '2019-08-21 16:45:57', '系统管理员', '1');
INSERT INTO `t_behavior_log` VALUES ('5224', '/internationalize/initInternationalization', '2019-08-21 16:46:00', '', '');
INSERT INTO `t_behavior_log` VALUES ('5225', '/internationalization/getLanguage', '2019-08-21 16:46:01', '系统管理员', '1');
INSERT INTO `t_behavior_log` VALUES ('5226', '/msg/queryUserMsg', '2019-08-21 16:46:01', '系统管理员', '1');
INSERT INTO `t_behavior_log` VALUES ('5227', '/internationalization/getInternationalizationTree', '2019-08-21 16:46:01', '系统管理员', '1');
INSERT INTO `t_behavior_log` VALUES ('5228', '/internationalization/getLanguage', '2019-08-21 16:55:32', '系统管理员', '1');
INSERT INTO `t_behavior_log` VALUES ('5229', '/internationalize/initInternationalization', '2019-08-21 16:55:43', '', '');
INSERT INTO `t_behavior_log` VALUES ('5230', '/internationalization/getLanguage', '2019-08-21 16:55:43', '系统管理员', '1');
INSERT INTO `t_behavior_log` VALUES ('5231', '/internationalization/getInternationalizationTree', '2019-08-21 16:55:43', '系统管理员', '1');
INSERT INTO `t_behavior_log` VALUES ('5232', '/msg/queryUserMsg', '2019-08-21 16:55:43', '系统管理员', '1');
INSERT INTO `t_behavior_log` VALUES ('5233', '/internationalize/initInternationalization', '2019-08-21 17:01:28', '', '');
INSERT INTO `t_behavior_log` VALUES ('5234', '/internationalization/getLanguage', '2019-08-21 17:01:28', '系统管理员', '1');
INSERT INTO `t_behavior_log` VALUES ('5235', '/msg/queryUserMsg', '2019-08-21 17:01:28', '系统管理员', '1');
INSERT INTO `t_behavior_log` VALUES ('5236', '/internationalization/getInternationalizationTree', '2019-08-21 17:01:28', '系统管理员', '1');
INSERT INTO `t_behavior_log` VALUES ('5237', '/internationalization/getLanguage', '2019-08-21 17:02:39', '系统管理员', '1');
INSERT INTO `t_behavior_log` VALUES ('5238', '/internationalize/initInternationalization', '2019-08-21 17:02:44', '', '');
INSERT INTO `t_behavior_log` VALUES ('5239', '/internationalization/getInternationalizationTree', '2019-08-21 17:02:44', '系统管理员', '1');
INSERT INTO `t_behavior_log` VALUES ('5240', '/msg/queryUserMsg', '2019-08-21 17:02:44', '系统管理员', '1');
INSERT INTO `t_behavior_log` VALUES ('5241', '/internationalization/getLanguage', '2019-08-21 17:02:44', '系统管理员', '1');
INSERT INTO `t_behavior_log` VALUES ('5242', '/internationalization/getLanguage', '2019-08-21 17:03:55', '系统管理员', '1');
INSERT INTO `t_behavior_log` VALUES ('5243', '/internationalize/initInternationalization', '2019-08-21 17:04:04', '', '');
INSERT INTO `t_behavior_log` VALUES ('5244', '/internationalization/getLanguage', '2019-08-21 17:04:04', '系统管理员', '1');
INSERT INTO `t_behavior_log` VALUES ('5245', '/internationalization/getInternationalizationTree', '2019-08-21 17:04:04', '系统管理员', '1');
INSERT INTO `t_behavior_log` VALUES ('5246', '/msg/queryUserMsg', '2019-08-21 17:04:04', '系统管理员', '1');
INSERT INTO `t_behavior_log` VALUES ('5247', '/internationalization/getLanguage', '2019-08-21 17:08:42', '系统管理员', '1');
INSERT INTO `t_behavior_log` VALUES ('5248', '/internationalize/initInternationalization', '2019-08-21 17:08:47', '', '');
INSERT INTO `t_behavior_log` VALUES ('5249', '/internationalization/getLanguage', '2019-08-21 17:08:48', '系统管理员', '1');
INSERT INTO `t_behavior_log` VALUES ('5250', '/msg/queryUserMsg', '2019-08-21 17:08:48', '系统管理员', '1');
INSERT INTO `t_behavior_log` VALUES ('5251', '/internationalization/getInternationalizationTree', '2019-08-21 17:08:48', '系统管理员', '1');
INSERT INTO `t_behavior_log` VALUES ('5252', '/internationalize/initInternationalization', '2019-08-21 17:14:28', '', '');
INSERT INTO `t_behavior_log` VALUES ('5253', '/internationalization/getLanguage', '2019-08-21 17:14:29', '系统管理员', '1');
INSERT INTO `t_behavior_log` VALUES ('5254', '/msg/queryUserMsg', '2019-08-21 17:14:29', '系统管理员', '1');
INSERT INTO `t_behavior_log` VALUES ('5255', '/internationalization/getInternationalizationTree', '2019-08-21 17:14:29', '系统管理员', '1');
INSERT INTO `t_behavior_log` VALUES ('5256', '/internationalization/getLanguage', '2019-08-21 17:14:51', '系统管理员', '1');
INSERT INTO `t_behavior_log` VALUES ('5257', '/internationalize/initInternationalization', '2019-08-21 17:21:53', '', '');
INSERT INTO `t_behavior_log` VALUES ('5258', '/internationalization/getLanguage', '2019-08-21 17:21:54', '系统管理员', '1');
INSERT INTO `t_behavior_log` VALUES ('5259', '/internationalization/getInternationalizationTree', '2019-08-21 17:21:54', '系统管理员', '1');
INSERT INTO `t_behavior_log` VALUES ('5260', '/msg/queryUserMsg', '2019-08-21 17:21:54', '系统管理员', '1');
INSERT INTO `t_behavior_log` VALUES ('5261', '/internationalize/initInternationalization', '2019-08-21 17:24:32', '', '');
INSERT INTO `t_behavior_log` VALUES ('5262', '/internationalization/getLanguage', '2019-08-21 17:24:32', '系统管理员', '1');
INSERT INTO `t_behavior_log` VALUES ('5263', '/msg/queryUserMsg', '2019-08-21 17:24:32', '系统管理员', '1');
INSERT INTO `t_behavior_log` VALUES ('5264', '/internationalization/getInternationalizationTree', '2019-08-21 17:24:32', '系统管理员', '1');
INSERT INTO `t_behavior_log` VALUES ('5265', '/internationalization/getLanguage', '2019-08-21 17:25:11', '系统管理员', '1');
INSERT INTO `t_behavior_log` VALUES ('5266', '/internationalize/initInternationalization', '2019-08-21 17:25:15', '', '');
INSERT INTO `t_behavior_log` VALUES ('5267', '/internationalization/getInternationalizationTree', '2019-08-21 17:25:15', '系统管理员', '1');
INSERT INTO `t_behavior_log` VALUES ('5268', '/internationalization/getLanguage', '2019-08-21 17:25:15', '系统管理员', '1');
INSERT INTO `t_behavior_log` VALUES ('5269', '/msg/queryUserMsg', '2019-08-21 17:25:15', '系统管理员', '1');
INSERT INTO `t_behavior_log` VALUES ('5270', '/internationalize/initInternationalization', '2019-08-21 17:29:57', '', '');
INSERT INTO `t_behavior_log` VALUES ('5271', '/internationalization/getLanguage', '2019-08-21 17:29:58', '系统管理员', '1');
INSERT INTO `t_behavior_log` VALUES ('5272', '/internationalization/getInternationalizationTree', '2019-08-21 17:29:58', '系统管理员', '1');
INSERT INTO `t_behavior_log` VALUES ('5273', '/msg/queryUserMsg', '2019-08-21 17:29:58', '系统管理员', '1');
INSERT INTO `t_behavior_log` VALUES ('5274', '/language/queryLanguageList', '2019-08-21 17:31:24', '系统管理员', '1');
INSERT INTO `t_behavior_log` VALUES ('5275', '/internationalize/getInternationalizeTree', '2019-08-21 17:31:27', '系统管理员', '1');
INSERT INTO `t_behavior_log` VALUES ('5276', '/internationalize/deleteInternationalization', '2019-08-21 17:31:34', '系统管理员', '1');
INSERT INTO `t_behavior_log` VALUES ('5277', '/internationalize/initInternationalization', '2019-08-21 17:31:37', '', '');
INSERT INTO `t_behavior_log` VALUES ('5278', '/msg/queryUserMsg', '2019-08-21 17:31:38', '系统管理员', '1');
INSERT INTO `t_behavior_log` VALUES ('5279', '/internationalize/getInternationalizeTree', '2019-08-21 17:31:38', '系统管理员', '1');
INSERT INTO `t_behavior_log` VALUES ('5280', '/internationalize/deleteInternationalization', '2019-08-21 17:31:47', '系统管理员', '1');
INSERT INTO `t_behavior_log` VALUES ('5281', '/internationalize/initInternationalization', '2019-08-21 17:31:49', '', '');
INSERT INTO `t_behavior_log` VALUES ('5282', '/msg/queryUserMsg', '2019-08-21 17:31:50', '系统管理员', '1');
INSERT INTO `t_behavior_log` VALUES ('5283', '/internationalize/getInternationalizeTree', '2019-08-21 17:31:50', '系统管理员', '1');
INSERT INTO `t_behavior_log` VALUES ('5284', '/internationalize/deleteInternationalization', '2019-08-21 17:32:30', '系统管理员', '1');
INSERT INTO `t_behavior_log` VALUES ('5285', '/internationalize/deleteInternationalization', '2019-08-21 17:32:39', '系统管理员', '1');
INSERT INTO `t_behavior_log` VALUES ('5286', '/internationalize/deleteInternationalization', '2019-08-21 17:32:44', '系统管理员', '1');
INSERT INTO `t_behavior_log` VALUES ('5287', '/internationalize/initInternationalization', '2019-08-21 17:33:57', '', '');
INSERT INTO `t_behavior_log` VALUES ('5288', '/internationalize/getInternationalizeTree', '2019-08-21 17:33:57', '系统管理员', '1');
INSERT INTO `t_behavior_log` VALUES ('5289', '/msg/queryUserMsg', '2019-08-21 17:33:57', '系统管理员', '1');
INSERT INTO `t_behavior_log` VALUES ('5290', '/internationalization/getLanguage', '2019-08-21 17:33:59', '系统管理员', '1');
INSERT INTO `t_behavior_log` VALUES ('5291', '/internationalization/getInternationalizationTree', '2019-08-21 17:33:59', '系统管理员', '1');
INSERT INTO `t_behavior_log` VALUES ('5292', '/internationalize/initInternationalization', '2019-08-21 17:44:51', '', '');
INSERT INTO `t_behavior_log` VALUES ('5293', '/user/refreshToken', '2019-08-21 17:44:51', '', '');
INSERT INTO `t_behavior_log` VALUES ('5294', '/user/refreshToken', '2019-08-21 17:44:51', '', '');
INSERT INTO `t_behavior_log` VALUES ('5295', '/user/refreshToken', '2019-08-21 17:44:51', '', '');
INSERT INTO `t_behavior_log` VALUES ('5296', '/internationalization/getLanguage', '2019-08-21 17:44:52', '系统管理员', '1');
INSERT INTO `t_behavior_log` VALUES ('5297', '/msg/queryUserMsg', '2019-08-21 17:44:52', '系统管理员', '1');
INSERT INTO `t_behavior_log` VALUES ('5298', '/internationalization/getInternationalizationTree', '2019-08-21 17:44:52', '系统管理员', '1');
INSERT INTO `t_behavior_log` VALUES ('5299', '/user/login', '2019-08-21 17:44:53', '', '');
INSERT INTO `t_behavior_log` VALUES ('5300', '/user/getUserInfo', '2019-08-21 17:44:54', '', '');
INSERT INTO `t_behavior_log` VALUES ('5301', '/msg/queryUserMsg', '2019-08-21 17:44:54', '系统管理员', '1');
INSERT INTO `t_behavior_log` VALUES ('5302', '/internationalization/getLanguage', '2019-08-21 17:44:55', '系统管理员', '1');
INSERT INTO `t_behavior_log` VALUES ('5303', '/internationalization/getInternationalizationTree', '2019-08-21 17:44:55', '系统管理员', '1');
INSERT INTO `t_behavior_log` VALUES ('5304', '/internationalize/initInternationalization', '2019-08-21 17:48:06', '', '');
INSERT INTO `t_behavior_log` VALUES ('5305', '/internationalization/getInternationalizationTree', '2019-08-21 17:48:06', '系统管理员', '1');
INSERT INTO `t_behavior_log` VALUES ('5306', '/internationalization/getLanguage', '2019-08-21 17:48:06', '系统管理员', '1');
INSERT INTO `t_behavior_log` VALUES ('5307', '/msg/queryUserMsg', '2019-08-21 17:48:06', '系统管理员', '1');
INSERT INTO `t_behavior_log` VALUES ('5308', '/internationalization/getLanguage', '2019-08-21 17:50:49', '系统管理员', '1');
INSERT INTO `t_behavior_log` VALUES ('5309', '/internationalize/initInternationalization', '2019-08-21 17:50:56', '', '');
INSERT INTO `t_behavior_log` VALUES ('5310', '/internationalization/getLanguage', '2019-08-21 17:50:56', '系统管理员', '1');
INSERT INTO `t_behavior_log` VALUES ('5311', '/msg/queryUserMsg', '2019-08-21 17:50:56', '系统管理员', '1');
INSERT INTO `t_behavior_log` VALUES ('5312', '/internationalization/getInternationalizationTree', '2019-08-21 17:50:56', '系统管理员', '1');
INSERT INTO `t_behavior_log` VALUES ('5313', '/internationalization/getLanguage', '2019-08-21 17:51:56', '系统管理员', '1');
INSERT INTO `t_behavior_log` VALUES ('5314', '/internationalization/getLanguage', '2019-08-21 17:52:14', '系统管理员', '1');
INSERT INTO `t_behavior_log` VALUES ('5315', '/internationalization/getLanguage', '2019-08-21 17:52:25', '系统管理员', '1');
INSERT INTO `t_behavior_log` VALUES ('5316', '/internationalize/initInternationalization', '2019-08-21 17:52:30', '', '');
INSERT INTO `t_behavior_log` VALUES ('5317', '/internationalization/getLanguage', '2019-08-21 17:52:31', '系统管理员', '1');
INSERT INTO `t_behavior_log` VALUES ('5318', '/internationalization/getInternationalizationTree', '2019-08-21 17:52:31', '系统管理员', '1');
INSERT INTO `t_behavior_log` VALUES ('5319', '/msg/queryUserMsg', '2019-08-21 17:52:31', '系统管理员', '1');
INSERT INTO `t_behavior_log` VALUES ('5320', '/internationalization/getLanguage', '2019-08-21 17:53:28', '系统管理员', '1');
INSERT INTO `t_behavior_log` VALUES ('5321', '/internationalization/getLanguage', '2019-08-21 17:53:38', '系统管理员', '1');
INSERT INTO `t_behavior_log` VALUES ('5322', '/internationalization/getLanguage', '2019-08-21 17:55:19', '系统管理员', '1');
INSERT INTO `t_behavior_log` VALUES ('5323', '/internationalize/initInternationalization', '2019-08-21 17:55:25', '', '');
INSERT INTO `t_behavior_log` VALUES ('5324', '/internationalization/getLanguage', '2019-08-21 17:55:25', '系统管理员', '1');
INSERT INTO `t_behavior_log` VALUES ('5325', '/msg/queryUserMsg', '2019-08-21 17:55:25', '系统管理员', '1');
INSERT INTO `t_behavior_log` VALUES ('5326', '/internationalization/getInternationalizationTree', '2019-08-21 17:55:25', '系统管理员', '1');
INSERT INTO `t_behavior_log` VALUES ('5327', '/internationalization/getLanguage', '2019-08-21 17:57:15', '系统管理员', '1');
INSERT INTO `t_behavior_log` VALUES ('5328', '/internationalize/initInternationalization', '2019-08-21 17:57:42', '', '');
INSERT INTO `t_behavior_log` VALUES ('5329', '/msg/queryUserMsg', '2019-08-21 17:57:43', '系统管理员', '1');
INSERT INTO `t_behavior_log` VALUES ('5330', '/internationalization/getInternationalizationTree', '2019-08-21 17:57:43', '系统管理员', '1');
INSERT INTO `t_behavior_log` VALUES ('5331', '/internationalization/getLanguage', '2019-08-21 17:57:43', '系统管理员', '1');
INSERT INTO `t_behavior_log` VALUES ('5332', '/internationalize/initInternationalization', '2019-08-21 17:58:03', '', '');
INSERT INTO `t_behavior_log` VALUES ('5333', '/internationalization/getInternationalizationTree', '2019-08-21 17:58:04', '系统管理员', '1');
INSERT INTO `t_behavior_log` VALUES ('5334', '/msg/queryUserMsg', '2019-08-21 17:58:04', '系统管理员', '1');
INSERT INTO `t_behavior_log` VALUES ('5335', '/internationalization/getLanguage', '2019-08-21 17:58:04', '系统管理员', '1');
INSERT INTO `t_behavior_log` VALUES ('5336', '/internationalize/initInternationalization', '2019-08-21 17:58:32', '', '');
INSERT INTO `t_behavior_log` VALUES ('5337', '/internationalization/getLanguage', '2019-08-21 17:58:32', '系统管理员', '1');
INSERT INTO `t_behavior_log` VALUES ('5338', '/internationalization/getInternationalizationTree', '2019-08-21 17:58:32', '系统管理员', '1');
INSERT INTO `t_behavior_log` VALUES ('5339', '/msg/queryUserMsg', '2019-08-21 17:58:32', '系统管理员', '1');
INSERT INTO `t_behavior_log` VALUES ('5340', '/internationalization/getLanguage', '2019-08-21 18:00:05', '系统管理员', '1');
INSERT INTO `t_behavior_log` VALUES ('5341', '/internationalize/initInternationalization', '2019-08-21 18:00:10', '', '');
INSERT INTO `t_behavior_log` VALUES ('5342', '/internationalization/getLanguage', '2019-08-21 18:00:10', '系统管理员', '1');
INSERT INTO `t_behavior_log` VALUES ('5343', '/internationalization/getInternationalizationTree', '2019-08-21 18:00:10', '系统管理员', '1');
INSERT INTO `t_behavior_log` VALUES ('5344', '/msg/queryUserMsg', '2019-08-21 18:00:10', '系统管理员', '1');
INSERT INTO `t_behavior_log` VALUES ('5345', '/internationalization/getLanguage', '2019-08-21 18:01:37', '系统管理员', '1');
INSERT INTO `t_behavior_log` VALUES ('5346', '/internationalization/getLanguage', '2019-08-21 18:02:47', '系统管理员', '1');
INSERT INTO `t_behavior_log` VALUES ('5347', '/internationalize/initInternationalization', '2019-08-21 18:02:53', '', '');
INSERT INTO `t_behavior_log` VALUES ('5348', '/internationalization/getLanguage', '2019-08-21 18:02:53', '系统管理员', '1');
INSERT INTO `t_behavior_log` VALUES ('5349', '/internationalization/getInternationalizationTree', '2019-08-21 18:02:53', '系统管理员', '1');
INSERT INTO `t_behavior_log` VALUES ('5350', '/msg/queryUserMsg', '2019-08-21 18:02:53', '系统管理员', '1');
INSERT INTO `t_behavior_log` VALUES ('5351', '/internationalization/getLanguage', '2019-08-21 18:05:05', '系统管理员', '1');
INSERT INTO `t_behavior_log` VALUES ('5352', '/internationalize/initInternationalization', '2019-08-21 18:05:10', '', '');
INSERT INTO `t_behavior_log` VALUES ('5353', '/internationalization/getLanguage', '2019-08-21 18:05:10', '系统管理员', '1');
INSERT INTO `t_behavior_log` VALUES ('5354', '/internationalization/getInternationalizationTree', '2019-08-21 18:05:10', '系统管理员', '1');
INSERT INTO `t_behavior_log` VALUES ('5355', '/msg/queryUserMsg', '2019-08-21 18:05:10', '系统管理员', '1');
INSERT INTO `t_behavior_log` VALUES ('5356', '/internationalization/getLanguage', '2019-08-21 18:06:29', '系统管理员', '1');
INSERT INTO `t_behavior_log` VALUES ('5357', '/internationalize/initInternationalization', '2019-08-21 18:06:34', '', '');
INSERT INTO `t_behavior_log` VALUES ('5358', '/internationalization/getLanguage', '2019-08-21 18:06:34', '系统管理员', '1');
INSERT INTO `t_behavior_log` VALUES ('5359', '/msg/queryUserMsg', '2019-08-21 18:06:34', '系统管理员', '1');
INSERT INTO `t_behavior_log` VALUES ('5360', '/internationalization/getInternationalizationTree', '2019-08-21 18:06:34', '系统管理员', '1');
INSERT INTO `t_behavior_log` VALUES ('5361', '/internationalization/getLanguage', '2019-08-21 18:06:55', '系统管理员', '1');
INSERT INTO `t_behavior_log` VALUES ('5362', '/internationalize/initInternationalization', '2019-08-21 18:06:59', '', '');
INSERT INTO `t_behavior_log` VALUES ('5363', '/internationalization/getInternationalizationTree', '2019-08-21 18:07:00', '系统管理员', '1');
INSERT INTO `t_behavior_log` VALUES ('5364', '/msg/queryUserMsg', '2019-08-21 18:07:00', '系统管理员', '1');
INSERT INTO `t_behavior_log` VALUES ('5365', '/internationalization/getLanguage', '2019-08-21 18:07:00', '系统管理员', '1');
INSERT INTO `t_behavior_log` VALUES ('5366', '/internationalization/getLanguage', '2019-08-21 18:07:54', '系统管理员', '1');
INSERT INTO `t_behavior_log` VALUES ('5367', '/internationalize/initInternationalization', '2019-08-21 18:10:00', '', '');
INSERT INTO `t_behavior_log` VALUES ('5368', '/internationalization/getLanguage', '2019-08-21 18:10:00', '系统管理员', '1');
INSERT INTO `t_behavior_log` VALUES ('5369', '/internationalization/getInternationalizationTree', '2019-08-21 18:10:00', '系统管理员', '1');
INSERT INTO `t_behavior_log` VALUES ('5370', '/msg/queryUserMsg', '2019-08-21 18:10:00', '系统管理员', '1');
INSERT INTO `t_behavior_log` VALUES ('5371', '/internationalization/getLanguage', '2019-08-21 18:11:17', '系统管理员', '1');
INSERT INTO `t_behavior_log` VALUES ('5372', '/internationalization/getLanguage', '2019-08-21 18:11:20', '系统管理员', '1');
INSERT INTO `t_behavior_log` VALUES ('5373', '/internationalize/initInternationalization', '2019-08-21 18:11:24', '', '');
INSERT INTO `t_behavior_log` VALUES ('5374', '/internationalization/getInternationalizationTree', '2019-08-21 18:11:25', '系统管理员', '1');
INSERT INTO `t_behavior_log` VALUES ('5375', '/internationalization/getLanguage', '2019-08-21 18:11:25', '系统管理员', '1');
INSERT INTO `t_behavior_log` VALUES ('5376', '/msg/queryUserMsg', '2019-08-21 18:11:25', '系统管理员', '1');
INSERT INTO `t_behavior_log` VALUES ('5377', '/internationalize/initInternationalization', '2019-08-21 18:12:32', '', '');
INSERT INTO `t_behavior_log` VALUES ('5378', '/internationalization/getLanguage', '2019-08-21 18:12:32', '系统管理员', '1');
INSERT INTO `t_behavior_log` VALUES ('5379', '/msg/queryUserMsg', '2019-08-21 18:12:32', '系统管理员', '1');
INSERT INTO `t_behavior_log` VALUES ('5380', '/internationalization/getInternationalizationTree', '2019-08-21 18:12:32', '系统管理员', '1');
INSERT INTO `t_behavior_log` VALUES ('5381', '/internationalize/initInternationalization', '2019-08-21 18:14:36', '', '');
INSERT INTO `t_behavior_log` VALUES ('5382', '/internationalization/getInternationalizationTree', '2019-08-21 18:14:36', '系统管理员', '1');
INSERT INTO `t_behavior_log` VALUES ('5383', '/internationalization/getLanguage', '2019-08-21 18:14:36', '系统管理员', '1');
INSERT INTO `t_behavior_log` VALUES ('5384', '/msg/queryUserMsg', '2019-08-21 18:14:36', '系统管理员', '1');
INSERT INTO `t_behavior_log` VALUES ('5385', '/internationalization/getLanguage', '2019-08-21 18:15:28', '系统管理员', '1');
INSERT INTO `t_behavior_log` VALUES ('5386', '/internationalize/initInternationalization', '2019-08-21 18:16:23', '', '');
INSERT INTO `t_behavior_log` VALUES ('5387', '/internationalization/getInternationalizationTree', '2019-08-21 18:16:24', '系统管理员', '1');
INSERT INTO `t_behavior_log` VALUES ('5388', '/msg/queryUserMsg', '2019-08-21 18:16:24', '系统管理员', '1');
INSERT INTO `t_behavior_log` VALUES ('5389', '/internationalization/getLanguage', '2019-08-21 18:16:28', '系统管理员', '1');
INSERT INTO `t_behavior_log` VALUES ('5390', '/internationalize/initInternationalization', '2019-08-21 18:17:38', '', '');
INSERT INTO `t_behavior_log` VALUES ('5391', '/msg/queryUserMsg', '2019-08-21 18:17:38', '系统管理员', '1');
INSERT INTO `t_behavior_log` VALUES ('5392', '/internationalization/getInternationalizationTree', '2019-08-21 18:17:38', '系统管理员', '1');
INSERT INTO `t_behavior_log` VALUES ('5393', '/internationalization/getLanguage', '2019-08-21 18:17:40', '系统管理员', '1');
INSERT INTO `t_behavior_log` VALUES ('5394', '/internationalization/getLanguage', '2019-08-21 18:18:02', '系统管理员', '1');
INSERT INTO `t_behavior_log` VALUES ('5395', '/internationalize/initInternationalization', '2019-08-21 18:18:05', '', '');
INSERT INTO `t_behavior_log` VALUES ('5396', '/internationalization/getLanguage', '2019-08-21 18:18:06', '系统管理员', '1');
INSERT INTO `t_behavior_log` VALUES ('5397', '/internationalization/getInternationalizationTree', '2019-08-21 18:18:06', '系统管理员', '1');
INSERT INTO `t_behavior_log` VALUES ('5398', '/msg/queryUserMsg', '2019-08-21 18:18:06', '系统管理员', '1');
INSERT INTO `t_behavior_log` VALUES ('5399', '/internationalize/initInternationalization', '2019-08-21 18:18:32', '', '');
INSERT INTO `t_behavior_log` VALUES ('5400', '/internationalization/getLanguage', '2019-08-21 18:18:33', '系统管理员', '1');
INSERT INTO `t_behavior_log` VALUES ('5401', '/internationalization/getInternationalizationTree', '2019-08-21 18:18:33', '系统管理员', '1');
INSERT INTO `t_behavior_log` VALUES ('5402', '/msg/queryUserMsg', '2019-08-21 18:18:33', '系统管理员', '1');
INSERT INTO `t_behavior_log` VALUES ('5403', '/internationalize/initInternationalization', '2019-08-22 16:33:52', '', '');
INSERT INTO `t_behavior_log` VALUES ('5404', '/user/login', '2019-08-22 16:33:54', '', '');
INSERT INTO `t_behavior_log` VALUES ('5405', '/user/getUserInfo', '2019-08-22 16:33:55', '', '');
INSERT INTO `t_behavior_log` VALUES ('5406', '/msg/queryUserMsg', '2019-08-22 16:33:55', '系统管理员', '1');
INSERT INTO `t_behavior_log` VALUES ('5407', '/internationalization/getInternationalizationTree', '2019-08-22 16:33:57', '系统管理员', '1');
INSERT INTO `t_behavior_log` VALUES ('5408', '/internationalization/getLanguage', '2019-08-22 16:33:57', '系统管理员', '1');
INSERT INTO `t_behavior_log` VALUES ('5409', '/internationalization/getLanguage', '2019-08-22 17:09:29', '系统管理员', '1');
INSERT INTO `t_behavior_log` VALUES ('5410', '/internationalization/getLanguage', '2019-08-22 17:10:08', '系统管理员', '1');
INSERT INTO `t_behavior_log` VALUES ('5411', '/internationalization/getLanguage', '2019-08-22 17:10:10', '系统管理员', '1');
INSERT INTO `t_behavior_log` VALUES ('5412', '/internationalize/initInternationalization', '2019-08-22 17:10:19', '', '');
INSERT INTO `t_behavior_log` VALUES ('5413', '/internationalization/getLanguage', '2019-08-22 17:10:19', '系统管理员', '1');
INSERT INTO `t_behavior_log` VALUES ('5414', '/internationalization/getInternationalizationTree', '2019-08-22 17:10:19', '系统管理员', '1');
INSERT INTO `t_behavior_log` VALUES ('5415', '/msg/queryUserMsg', '2019-08-22 17:10:19', '系统管理员', '1');
INSERT INTO `t_behavior_log` VALUES ('5416', '/internationalization/getLanguage', '2019-08-22 17:10:47', '系统管理员', '1');
INSERT INTO `t_behavior_log` VALUES ('5417', '/internationalize/initInternationalization', '2019-08-22 17:10:51', '', '');
INSERT INTO `t_behavior_log` VALUES ('5418', '/internationalization/getLanguage', '2019-08-22 17:10:51', '系统管理员', '1');
INSERT INTO `t_behavior_log` VALUES ('5419', '/internationalization/getInternationalizationTree', '2019-08-22 17:10:51', '系统管理员', '1');
INSERT INTO `t_behavior_log` VALUES ('5420', '/msg/queryUserMsg', '2019-08-22 17:10:51', '系统管理员', '1');
INSERT INTO `t_behavior_log` VALUES ('5421', '/internationalization/getLanguage', '2019-08-22 17:11:27', '系统管理员', '1');
INSERT INTO `t_behavior_log` VALUES ('5422', '/internationalize/initInternationalization', '2019-08-22 17:11:31', '', '');
INSERT INTO `t_behavior_log` VALUES ('5423', '/internationalization/getLanguage', '2019-08-22 17:11:32', '系统管理员', '1');
INSERT INTO `t_behavior_log` VALUES ('5424', '/msg/queryUserMsg', '2019-08-22 17:11:32', '系统管理员', '1');
INSERT INTO `t_behavior_log` VALUES ('5425', '/internationalization/getInternationalizationTree', '2019-08-22 17:11:32', '系统管理员', '1');
INSERT INTO `t_behavior_log` VALUES ('5426', '/internationalization/getLanguage', '2019-08-22 17:12:27', '系统管理员', '1');
INSERT INTO `t_behavior_log` VALUES ('5427', '/internationalize/initInternationalization', '2019-08-22 17:12:30', '', '');
INSERT INTO `t_behavior_log` VALUES ('5428', '/internationalization/getLanguage', '2019-08-22 17:12:30', '系统管理员', '1');
INSERT INTO `t_behavior_log` VALUES ('5429', '/msg/queryUserMsg', '2019-08-22 17:12:30', '系统管理员', '1');
INSERT INTO `t_behavior_log` VALUES ('5430', '/internationalization/getInternationalizationTree', '2019-08-22 17:12:30', '系统管理员', '1');
INSERT INTO `t_behavior_log` VALUES ('5431', '/internationalize/initInternationalization', '2019-08-22 17:23:59', '', '');
INSERT INTO `t_behavior_log` VALUES ('5432', '/internationalization/getLanguage', '2019-08-22 17:23:59', '系统管理员', '1');
INSERT INTO `t_behavior_log` VALUES ('5433', '/internationalization/getInternationalizationTree', '2019-08-22 17:23:59', '系统管理员', '1');
INSERT INTO `t_behavior_log` VALUES ('5434', '/msg/queryUserMsg', '2019-08-22 17:23:59', '系统管理员', '1');
INSERT INTO `t_behavior_log` VALUES ('5435', '/internationalize/initInternationalization', '2019-08-22 17:26:54', '', '');
INSERT INTO `t_behavior_log` VALUES ('5436', '/internationalization/getInternationalizationTree', '2019-08-22 17:26:55', '系统管理员', '1');
INSERT INTO `t_behavior_log` VALUES ('5437', '/internationalization/getLanguage', '2019-08-22 17:26:55', '系统管理员', '1');
INSERT INTO `t_behavior_log` VALUES ('5438', '/msg/queryUserMsg', '2019-08-22 17:26:55', '系统管理员', '1');
INSERT INTO `t_behavior_log` VALUES ('5439', '/internationalize/initInternationalization', '2019-08-22 17:27:17', '', '');
INSERT INTO `t_behavior_log` VALUES ('5440', '/internationalization/getLanguage', '2019-08-22 17:27:18', '系统管理员', '1');
INSERT INTO `t_behavior_log` VALUES ('5441', '/internationalization/getInternationalizationTree', '2019-08-22 17:27:18', '系统管理员', '1');
INSERT INTO `t_behavior_log` VALUES ('5442', '/msg/queryUserMsg', '2019-08-22 17:27:18', '系统管理员', '1');
INSERT INTO `t_behavior_log` VALUES ('5443', '/internationalize/initInternationalization', '2019-08-22 17:28:25', '', '');
INSERT INTO `t_behavior_log` VALUES ('5444', '/internationalization/getLanguage', '2019-08-22 17:28:25', '系统管理员', '1');
INSERT INTO `t_behavior_log` VALUES ('5445', '/internationalization/getInternationalizationTree', '2019-08-22 17:28:25', '系统管理员', '1');
INSERT INTO `t_behavior_log` VALUES ('5446', '/msg/queryUserMsg', '2019-08-22 17:28:25', '系统管理员', '1');
INSERT INTO `t_behavior_log` VALUES ('5447', '/internationalization/getLanguage', '2019-08-22 17:31:13', '系统管理员', '1');
INSERT INTO `t_behavior_log` VALUES ('5448', '/internationalize/initInternationalization', '2019-08-22 17:31:21', '', '');
INSERT INTO `t_behavior_log` VALUES ('5449', '/internationalization/getLanguage', '2019-08-22 17:31:21', '系统管理员', '1');
INSERT INTO `t_behavior_log` VALUES ('5450', '/internationalization/getInternationalizationTree', '2019-08-22 17:31:21', '系统管理员', '1');
INSERT INTO `t_behavior_log` VALUES ('5451', '/msg/queryUserMsg', '2019-08-22 17:31:21', '系统管理员', '1');
INSERT INTO `t_behavior_log` VALUES ('5452', '/internationalize/initInternationalization', '2019-08-22 17:31:57', '', '');
INSERT INTO `t_behavior_log` VALUES ('5453', '/internationalization/getLanguage', '2019-08-22 17:31:57', '系统管理员', '1');
INSERT INTO `t_behavior_log` VALUES ('5454', '/msg/queryUserMsg', '2019-08-22 17:31:57', '系统管理员', '1');
INSERT INTO `t_behavior_log` VALUES ('5455', '/internationalization/getInternationalizationTree', '2019-08-22 17:31:57', '系统管理员', '1');
INSERT INTO `t_behavior_log` VALUES ('5456', '/internationalize/initInternationalization', '2019-08-22 17:32:36', '', '');
INSERT INTO `t_behavior_log` VALUES ('5457', '/internationalization/getInternationalizationTree', '2019-08-22 17:32:37', '系统管理员', '1');
INSERT INTO `t_behavior_log` VALUES ('5458', '/internationalization/getLanguage', '2019-08-22 17:32:37', '系统管理员', '1');
INSERT INTO `t_behavior_log` VALUES ('5459', '/msg/queryUserMsg', '2019-08-22 17:32:37', '系统管理员', '1');
INSERT INTO `t_behavior_log` VALUES ('5460', '/internationalize/initInternationalization', '2019-08-22 17:34:01', '', '');
INSERT INTO `t_behavior_log` VALUES ('5461', '/internationalize/initInternationalization', '2019-08-22 17:34:47', '', '');
INSERT INTO `t_behavior_log` VALUES ('5462', '/internationalize/initInternationalization', '2019-08-22 17:35:18', '', '');
INSERT INTO `t_behavior_log` VALUES ('5463', '/internationalize/initInternationalization', '2019-08-22 18:14:42', '', '');
INSERT INTO `t_behavior_log` VALUES ('5464', '/internationalize/initInternationalization', '2019-08-22 18:15:27', '', '');
INSERT INTO `t_behavior_log` VALUES ('5465', '/user/refreshToken', '2019-08-22 18:15:28', '', '');
INSERT INTO `t_behavior_log` VALUES ('5466', '/internationalization/getLanguage', '2019-08-22 18:15:29', '系统管理员', '1');
INSERT INTO `t_behavior_log` VALUES ('5467', '/internationalize/initInternationalization', '2019-08-22 18:20:41', '', '');
INSERT INTO `t_behavior_log` VALUES ('5468', '/internationalization/getLanguage', '2019-08-22 18:20:41', '系统管理员', '1');
INSERT INTO `t_behavior_log` VALUES ('5469', '/internationalize/initInternationalization', '2019-08-22 18:20:49', '', '');
INSERT INTO `t_behavior_log` VALUES ('5470', '/internationalization/getLanguage', '2019-08-22 18:20:49', '系统管理员', '1');
INSERT INTO `t_behavior_log` VALUES ('5471', '/internationalize/initInternationalization', '2019-08-22 18:20:55', '', '');
INSERT INTO `t_behavior_log` VALUES ('5472', '/internationalization/getLanguage', '2019-08-22 18:20:55', '系统管理员', '1');
INSERT INTO `t_behavior_log` VALUES ('5473', '/internationalize/initInternationalization', '2019-08-22 18:20:57', '', '');
INSERT INTO `t_behavior_log` VALUES ('5474', '/internationalization/getLanguage', '2019-08-22 18:20:57', '系统管理员', '1');
INSERT INTO `t_behavior_log` VALUES ('5475', '/internationalize/initInternationalization', '2019-08-22 18:21:19', '', '');
INSERT INTO `t_behavior_log` VALUES ('5476', '/internationalization/getLanguage', '2019-08-22 18:21:20', '系统管理员', '1');
INSERT INTO `t_behavior_log` VALUES ('5477', '/internationalization/getLanguage', '2019-08-22 18:21:37', '系统管理员', '1');
INSERT INTO `t_behavior_log` VALUES ('5478', '/internationalize/initInternationalization', '2019-08-22 18:21:41', '', '');
INSERT INTO `t_behavior_log` VALUES ('5479', '/internationalization/getLanguage', '2019-08-22 18:21:41', '系统管理员', '1');
INSERT INTO `t_behavior_log` VALUES ('5480', '/internationalization/getLanguage', '2019-08-22 18:21:54', '系统管理员', '1');
INSERT INTO `t_behavior_log` VALUES ('5481', '/internationalization/getLanguage', '2019-08-22 18:22:19', '系统管理员', '1');
INSERT INTO `t_behavior_log` VALUES ('5482', '/internationalization/getLanguage', '2019-08-22 18:22:27', '系统管理员', '1');
INSERT INTO `t_behavior_log` VALUES ('5483', '/internationalization/getInternationalizationTree', '2019-08-22 18:22:27', '系统管理员', '1');
INSERT INTO `t_behavior_log` VALUES ('5484', '/msg/queryUserMsg', '2019-08-22 18:22:27', '系统管理员', '1');
INSERT INTO `t_behavior_log` VALUES ('5485', '/internationalize/initInternationalization', '2019-08-22 18:22:33', '', '');
INSERT INTO `t_behavior_log` VALUES ('5486', '/internationalization/getLanguage', '2019-08-22 18:22:33', '系统管理员', '1');
INSERT INTO `t_behavior_log` VALUES ('5487', '/internationalization/getInternationalizationTree', '2019-08-22 18:22:33', '系统管理员', '1');
INSERT INTO `t_behavior_log` VALUES ('5488', '/msg/queryUserMsg', '2019-08-22 18:22:33', '系统管理员', '1');
INSERT INTO `t_behavior_log` VALUES ('5489', '/language/queryLanguageList', '2019-08-22 18:22:40', '系统管理员', '1');
INSERT INTO `t_behavior_log` VALUES ('5490', '/internationalization/getLanguage', '2019-08-22 18:22:43', '系统管理员', '1');
INSERT INTO `t_behavior_log` VALUES ('5491', '/internationalization/getInternationalizationTree', '2019-08-22 18:22:43', '系统管理员', '1');
INSERT INTO `t_behavior_log` VALUES ('5492', '/internationalization/getLanguage', '2019-08-22 18:27:24', '系统管理员', '1');
INSERT INTO `t_behavior_log` VALUES ('5493', '/internationalize/initInternationalization', '2019-08-22 18:27:30', '', '');
INSERT INTO `t_behavior_log` VALUES ('5494', '/msg/queryUserMsg', '2019-08-22 18:27:31', '系统管理员', '1');
INSERT INTO `t_behavior_log` VALUES ('5495', '/internationalization/getInternationalizationTree', '2019-08-22 18:27:31', '系统管理员', '1');
INSERT INTO `t_behavior_log` VALUES ('5496', '/internationalization/getLanguage', '2019-08-22 18:27:31', '系统管理员', '1');
INSERT INTO `t_behavior_log` VALUES ('5497', '/internationalize/initInternationalization', '2019-08-22 18:32:51', '', '');
INSERT INTO `t_behavior_log` VALUES ('5498', '/internationalization/getLanguage', '2019-08-22 18:32:52', '系统管理员', '1');
INSERT INTO `t_behavior_log` VALUES ('5499', '/internationalization/getInternationalizationTree', '2019-08-22 18:32:52', '系统管理员', '1');
INSERT INTO `t_behavior_log` VALUES ('5500', '/msg/queryUserMsg', '2019-08-22 18:32:52', '系统管理员', '1');
INSERT INTO `t_behavior_log` VALUES ('5501', '/internationalize/initInternationalization', '2019-08-22 18:32:59', '', '');
INSERT INTO `t_behavior_log` VALUES ('5502', '/internationalization/getLanguage', '2019-08-22 18:32:59', '系统管理员', '1');
INSERT INTO `t_behavior_log` VALUES ('5503', '/internationalization/getLanguage', '2019-08-22 18:33:38', '系统管理员', '1');
INSERT INTO `t_behavior_log` VALUES ('5504', '/internationalize/initInternationalization', '2019-08-22 18:33:41', '', '');
INSERT INTO `t_behavior_log` VALUES ('5505', '/internationalization/getLanguage', '2019-08-22 18:33:41', '系统管理员', '1');
INSERT INTO `t_behavior_log` VALUES ('5506', '/internationalize/initInternationalization', '2019-08-22 18:33:55', '', '');
INSERT INTO `t_behavior_log` VALUES ('5507', '/internationalization/getLanguage', '2019-08-22 18:33:55', '系统管理员', '1');
INSERT INTO `t_behavior_log` VALUES ('5508', '/internationalization/getLanguage', '2019-08-22 18:36:12', '系统管理员', '1');
INSERT INTO `t_behavior_log` VALUES ('5509', '/internationalize/initInternationalization', '2019-08-23 14:41:34', '', '');
INSERT INTO `t_behavior_log` VALUES ('5510', '/user/login', '2019-08-23 14:41:36', '', '');
INSERT INTO `t_behavior_log` VALUES ('5511', '/user/getUserInfo', '2019-08-23 14:41:38', '', '');
INSERT INTO `t_behavior_log` VALUES ('5512', '/msg/queryUserMsg', '2019-08-23 14:41:39', '系统管理员', '1');
INSERT INTO `t_behavior_log` VALUES ('5513', '/internationalization/getInternationalizationTree', '2019-08-23 14:41:40', '系统管理员', '1');
INSERT INTO `t_behavior_log` VALUES ('5514', '/internationalization/getLanguage', '2019-08-23 14:41:40', '系统管理员', '1');
INSERT INTO `t_behavior_log` VALUES ('5515', '/internationalization/getLanguage', '2019-08-23 14:44:06', '系统管理员', '1');
INSERT INTO `t_behavior_log` VALUES ('5516', '/internationalization/getInternationalizationTree', '2019-08-23 14:44:06', '系统管理员', '1');
INSERT INTO `t_behavior_log` VALUES ('5517', '/msg/queryUserMsg', '2019-08-23 14:44:06', '系统管理员', '1');
INSERT INTO `t_behavior_log` VALUES ('5518', '/internationalize/initInternationalization', '2019-08-23 14:44:05', '', '');
INSERT INTO `t_behavior_log` VALUES ('5519', '/internationalize/initInternationalization', '2019-08-23 14:44:21', '', '');
INSERT INTO `t_behavior_log` VALUES ('5520', '/internationalization/getLanguage', '2019-08-23 14:44:21', '系统管理员', '1');
INSERT INTO `t_behavior_log` VALUES ('5521', '/msg/queryUserMsg', '2019-08-23 14:44:21', '系统管理员', '1');
INSERT INTO `t_behavior_log` VALUES ('5522', '/internationalization/getInternationalizationTree', '2019-08-23 14:44:21', '系统管理员', '1');
INSERT INTO `t_behavior_log` VALUES ('5523', '/tree/getTreeList', '2019-08-23 14:45:17', '系统管理员', '1');
INSERT INTO `t_behavior_log` VALUES ('5524', '/tree/queryTreeButtonList', '2019-08-23 14:45:24', '系统管理员', '1');
INSERT INTO `t_behavior_log` VALUES ('5525', '/tree/getTreeByTreeId', '2019-08-23 14:45:26', '系统管理员', '1');
INSERT INTO `t_behavior_log` VALUES ('5526', '/tree/checkTreeCode', '2019-08-23 14:45:53', '系统管理员', '1');
INSERT INTO `t_behavior_log` VALUES ('5527', '/tree/updateButton', '2019-08-23 14:45:54', '系统管理员', '1');
INSERT INTO `t_behavior_log` VALUES ('5528', '/tree/queryTreeButtonList', '2019-08-23 14:45:54', '系统管理员', '1');
INSERT INTO `t_behavior_log` VALUES ('5529', '/user/login', '2019-08-23 14:45:59', '', '');
INSERT INTO `t_behavior_log` VALUES ('5530', '/user/getUserInfo', '2019-08-23 14:46:01', '', '');
INSERT INTO `t_behavior_log` VALUES ('5531', '/msg/queryUserMsg', '2019-08-23 14:46:02', '系统管理员', '1');
INSERT INTO `t_behavior_log` VALUES ('5532', '/internationalization/getLanguage', '2019-08-23 14:46:11', '系统管理员', '1');
INSERT INTO `t_behavior_log` VALUES ('5533', '/internationalization/getInternationalizationTree', '2019-08-23 14:46:11', '系统管理员', '1');
INSERT INTO `t_behavior_log` VALUES ('5534', '/internationalization/addInternationalize', '2019-08-23 14:46:20', '系统管理员', '1');
INSERT INTO `t_behavior_log` VALUES ('5535', '/internationalization/addInternationalize', '2019-08-23 14:47:06', '系统管理员', '1');
INSERT INTO `t_behavior_log` VALUES ('5536', '/internationalization/getLanguage', '2019-08-23 14:49:40', '系统管理员', '1');
INSERT INTO `t_behavior_log` VALUES ('5537', '/internationalize/initInternationalization', '2019-08-23 14:49:47', '', '');
INSERT INTO `t_behavior_log` VALUES ('5538', '/internationalization/getLanguage', '2019-08-23 14:49:48', '系统管理员', '1');
INSERT INTO `t_behavior_log` VALUES ('5539', '/msg/queryUserMsg', '2019-08-23 14:49:48', '系统管理员', '1');
INSERT INTO `t_behavior_log` VALUES ('5540', '/internationalization/getInternationalizationTree', '2019-08-23 14:49:48', '系统管理员', '1');
INSERT INTO `t_behavior_log` VALUES ('5541', '/internationalization/addInternationalize', '2019-08-23 14:50:00', '系统管理员', '1');
INSERT INTO `t_behavior_log` VALUES ('5542', '/internationalization/addInternationalize', '2019-08-23 14:55:47', '系统管理员', '1');
INSERT INTO `t_behavior_log` VALUES ('5543', '/internationalize/initInternationalization', '2019-08-23 14:56:44', '', '');
INSERT INTO `t_behavior_log` VALUES ('5544', '/internationalization/getLanguage', '2019-08-23 14:56:45', '系统管理员', '1');
INSERT INTO `t_behavior_log` VALUES ('5545', '/internationalization/getInternationalizationTree', '2019-08-23 14:56:45', '系统管理员', '1');
INSERT INTO `t_behavior_log` VALUES ('5546', '/msg/queryUserMsg', '2019-08-23 14:56:45', '系统管理员', '1');
INSERT INTO `t_behavior_log` VALUES ('5547', '/internationalization/addInternationalize', '2019-08-23 14:57:15', '系统管理员', '1');
INSERT INTO `t_behavior_log` VALUES ('5548', '/internationalization/getLanguage', '2019-08-23 14:57:48', '系统管理员', '1');
INSERT INTO `t_behavior_log` VALUES ('5549', '/internationalize/initInternationalization', '2019-08-23 14:57:54', '', '');
INSERT INTO `t_behavior_log` VALUES ('5550', '/internationalization/getLanguage', '2019-08-23 14:57:55', '系统管理员', '1');
INSERT INTO `t_behavior_log` VALUES ('5551', '/msg/queryUserMsg', '2019-08-23 14:57:55', '系统管理员', '1');
INSERT INTO `t_behavior_log` VALUES ('5552', '/internationalization/getInternationalizationTree', '2019-08-23 14:57:55', '系统管理员', '1');
INSERT INTO `t_behavior_log` VALUES ('5553', '/internationalization/addInternationalize', '2019-08-23 14:58:01', '系统管理员', '1');
INSERT INTO `t_behavior_log` VALUES ('5554', '/internationalize/initInternationalization', '2019-08-23 14:58:50', '', '');
INSERT INTO `t_behavior_log` VALUES ('5555', '/internationalization/getInternationalizationTree', '2019-08-23 14:58:50', '系统管理员', '1');
INSERT INTO `t_behavior_log` VALUES ('5556', '/msg/queryUserMsg', '2019-08-23 14:58:50', '系统管理员', '1');
INSERT INTO `t_behavior_log` VALUES ('5557', '/internationalization/getLanguage', '2019-08-23 14:58:50', '系统管理员', '1');
INSERT INTO `t_behavior_log` VALUES ('5558', '/internationalization/addInternationalize', '2019-08-23 14:58:57', '系统管理员', '1');
INSERT INTO `t_behavior_log` VALUES ('5559', '/internationalize/initInternationalization', '2019-08-23 15:35:02', '', '');
INSERT INTO `t_behavior_log` VALUES ('5560', '/internationalization/getInternationalizationTree', '2019-08-23 15:35:03', '系统管理员', '1');
INSERT INTO `t_behavior_log` VALUES ('5561', '/msg/queryUserMsg', '2019-08-23 15:35:03', '系统管理员', '1');
INSERT INTO `t_behavior_log` VALUES ('5562', '/internationalization/getLanguage', '2019-08-23 15:35:03', '系统管理员', '1');
INSERT INTO `t_behavior_log` VALUES ('5563', '/internationalization/addInternationalize', '2019-08-23 15:35:10', '系统管理员', '1');
INSERT INTO `t_behavior_log` VALUES ('5564', '/internationalization/getLanguage', '2019-08-23 15:35:43', '系统管理员', '1');
INSERT INTO `t_behavior_log` VALUES ('5565', '/internationalize/initInternationalization', '2019-08-23 15:35:51', '', '');
INSERT INTO `t_behavior_log` VALUES ('5566', '/internationalization/getLanguage', '2019-08-23 15:35:52', '系统管理员', '1');
INSERT INTO `t_behavior_log` VALUES ('5567', '/internationalization/getInternationalizationTree', '2019-08-23 15:35:52', '系统管理员', '1');
INSERT INTO `t_behavior_log` VALUES ('5568', '/msg/queryUserMsg', '2019-08-23 15:35:52', '系统管理员', '1');
INSERT INTO `t_behavior_log` VALUES ('5569', '/internationalization/addInternationalize', '2019-08-23 15:35:59', '系统管理员', '1');
INSERT INTO `t_behavior_log` VALUES ('5570', '/internationalize/initInternationalization', '2019-08-23 15:42:45', '', '');
INSERT INTO `t_behavior_log` VALUES ('5571', '/internationalization/getInternationalizationTree', '2019-08-23 15:42:45', '系统管理员', '1');
INSERT INTO `t_behavior_log` VALUES ('5572', '/internationalization/getLanguage', '2019-08-23 15:42:45', '系统管理员', '1');
INSERT INTO `t_behavior_log` VALUES ('5573', '/msg/queryUserMsg', '2019-08-23 15:42:45', '系统管理员', '1');
INSERT INTO `t_behavior_log` VALUES ('5574', '/internationalization/addInternationalize', '2019-08-23 15:42:58', '系统管理员', '1');
INSERT INTO `t_behavior_log` VALUES ('5575', '/internationalize/initInternationalization', '2019-08-23 15:45:51', '', '');
INSERT INTO `t_behavior_log` VALUES ('5576', '/internationalization/getInternationalizationTree', '2019-08-23 15:45:51', '系统管理员', '1');
INSERT INTO `t_behavior_log` VALUES ('5577', '/msg/queryUserMsg', '2019-08-23 15:45:51', '系统管理员', '1');
INSERT INTO `t_behavior_log` VALUES ('5578', '/internationalization/getLanguage', '2019-08-23 15:45:51', '系统管理员', '1');
INSERT INTO `t_behavior_log` VALUES ('5579', '/internationalization/addInternationalize', '2019-08-23 15:45:58', '系统管理员', '1');
INSERT INTO `t_behavior_log` VALUES ('5580', '/user/refreshToken', '2019-08-23 15:46:09', '', '');
INSERT INTO `t_behavior_log` VALUES ('5581', '/internationalization/addInternationalize', '2019-08-23 15:46:10', '系统管理员', '1');
INSERT INTO `t_behavior_log` VALUES ('5582', '/internationalize/initInternationalization', '2019-08-23 15:53:50', '', '');
INSERT INTO `t_behavior_log` VALUES ('5583', '/msg/queryUserMsg', '2019-08-23 15:53:50', '系统管理员', '1');
INSERT INTO `t_behavior_log` VALUES ('5584', '/internationalization/getLanguage', '2019-08-23 15:53:50', '系统管理员', '1');
INSERT INTO `t_behavior_log` VALUES ('5585', '/internationalization/getInternationalizationTree', '2019-08-23 15:53:50', '系统管理员', '1');
INSERT INTO `t_behavior_log` VALUES ('5586', '/internationalization/addInternationalize', '2019-08-23 15:53:59', '系统管理员', '1');
INSERT INTO `t_behavior_log` VALUES ('5587', '/internationalization/addInternationalize', '2019-08-23 16:16:41', '系统管理员', '1');
INSERT INTO `t_behavior_log` VALUES ('5588', '/internationalize/initInternationalization', '2019-08-23 17:03:35', '', '');
INSERT INTO `t_behavior_log` VALUES ('5589', '/user/refreshToken', '2019-08-23 17:03:37', '', '');
INSERT INTO `t_behavior_log` VALUES ('5590', '/user/refreshToken', '2019-08-23 17:03:37', '', '');
INSERT INTO `t_behavior_log` VALUES ('5591', '/user/refreshToken', '2019-08-23 17:03:37', '', '');
INSERT INTO `t_behavior_log` VALUES ('5592', '/msg/queryUserMsg', '2019-08-23 17:03:38', '系统管理员', '1');
INSERT INTO `t_behavior_log` VALUES ('5593', '/internationalization/getInternationalizationTree', '2019-08-23 17:03:38', '系统管理员', '1');
INSERT INTO `t_behavior_log` VALUES ('5594', '/internationalization/getLanguage', '2019-08-23 17:03:38', '系统管理员', '1');
INSERT INTO `t_behavior_log` VALUES ('5595', '/user/login', '2019-08-23 17:03:39', '', '');
INSERT INTO `t_behavior_log` VALUES ('5596', '/user/getUserInfo', '2019-08-23 17:03:41', '', '');
INSERT INTO `t_behavior_log` VALUES ('5597', '/msg/queryUserMsg', '2019-08-23 17:03:42', '系统管理员', '1');
INSERT INTO `t_behavior_log` VALUES ('5598', '/internationalization/getLanguage', '2019-08-23 17:03:44', '系统管理员', '1');
INSERT INTO `t_behavior_log` VALUES ('5599', '/internationalization/getInternationalizationTree', '2019-08-23 17:03:44', '系统管理员', '1');
INSERT INTO `t_behavior_log` VALUES ('5600', '/internationalization/addInternationalize', '2019-08-23 17:03:51', '系统管理员', '1');
INSERT INTO `t_behavior_log` VALUES ('5601', '/internationalize/initInternationalization', '2019-08-23 17:08:39', '', '');
INSERT INTO `t_behavior_log` VALUES ('5602', '/internationalization/getLanguage', '2019-08-23 17:08:40', '系统管理员', '1');
INSERT INTO `t_behavior_log` VALUES ('5603', '/internationalization/getInternationalizationTree', '2019-08-23 17:08:40', '系统管理员', '1');
INSERT INTO `t_behavior_log` VALUES ('5604', '/msg/queryUserMsg', '2019-08-23 17:08:40', '系统管理员', '1');
INSERT INTO `t_behavior_log` VALUES ('5605', '/internationalize/initInternationalization', '2019-08-23 17:11:30', '', '');
INSERT INTO `t_behavior_log` VALUES ('5606', '/msg/queryUserMsg', '2019-08-23 17:11:31', '系统管理员', '1');
INSERT INTO `t_behavior_log` VALUES ('5607', '/internationalization/getInternationalizationTree', '2019-08-23 17:11:31', '系统管理员', '1');
INSERT INTO `t_behavior_log` VALUES ('5608', '/internationalization/getLanguage', '2019-08-23 17:11:31', '系统管理员', '1');
INSERT INTO `t_behavior_log` VALUES ('5609', '/internationalization/addInternationalize', '2019-08-23 17:11:40', '系统管理员', '1');
INSERT INTO `t_behavior_log` VALUES ('5610', '/internationalize/initInternationalization', '2019-08-23 17:12:07', '', '');
INSERT INTO `t_behavior_log` VALUES ('5611', '/internationalization/getInternationalizationTree', '2019-08-23 17:12:08', '系统管理员', '1');
INSERT INTO `t_behavior_log` VALUES ('5612', '/internationalization/getLanguage', '2019-08-23 17:12:08', '系统管理员', '1');
INSERT INTO `t_behavior_log` VALUES ('5613', '/msg/queryUserMsg', '2019-08-23 17:12:08', '系统管理员', '1');
INSERT INTO `t_behavior_log` VALUES ('5614', '/user/login', '2019-08-26 10:21:27', '', '');
INSERT INTO `t_behavior_log` VALUES ('5615', '/user/getUserInfo', '2019-08-26 10:21:31', '', '');
INSERT INTO `t_behavior_log` VALUES ('5616', '/msg/queryUserMsg', '2019-08-26 10:21:32', '系统管理员', '1');
INSERT INTO `t_behavior_log` VALUES ('5617', '/internationalization/getInternationalizationTree', '2019-08-26 10:21:34', '系统管理员', '1');
INSERT INTO `t_behavior_log` VALUES ('5618', '/internationalization/getLanguage', '2019-08-26 10:21:34', '系统管理员', '1');
INSERT INTO `t_behavior_log` VALUES ('5619', '/internationalization/addInternationalize', '2019-08-26 10:22:31', '系统管理员', '1');
INSERT INTO `t_behavior_log` VALUES ('5620', '/internationalization/addInternationalize', '2019-08-26 10:22:38', '系统管理员', '1');
INSERT INTO `t_behavior_log` VALUES ('5621', '/internationalization/addInternationalize', '2019-08-26 10:22:45', '系统管理员', '1');
INSERT INTO `t_behavior_log` VALUES ('5622', '/internationalization/addInternationalize', '2019-08-26 10:22:52', '系统管理员', '1');
INSERT INTO `t_behavior_log` VALUES ('5623', '/internationalization/addInternationalize', '2019-08-26 10:22:59', '系统管理员', '1');
INSERT INTO `t_behavior_log` VALUES ('5624', '/internationalization/addInternationalize', '2019-08-26 10:23:05', '系统管理员', '1');
INSERT INTO `t_behavior_log` VALUES ('5625', '/internationalization/getLanguage', '2019-08-26 10:46:32', '系统管理员', '1');
INSERT INTO `t_behavior_log` VALUES ('5626', '/internationalization/getInternationalizationTree', '2019-08-26 10:46:32', '系统管理员', '1');
INSERT INTO `t_behavior_log` VALUES ('5627', '/internationalize/initInternationalization', '2019-08-26 10:46:46', '', '');
INSERT INTO `t_behavior_log` VALUES ('5628', '/internationalization/getInternationalizationTree', '2019-08-26 10:46:46', '系统管理员', '1');
INSERT INTO `t_behavior_log` VALUES ('5629', '/internationalization/getLanguage', '2019-08-26 10:46:46', '系统管理员', '1');
INSERT INTO `t_behavior_log` VALUES ('5630', '/msg/queryUserMsg', '2019-08-26 10:46:46', '系统管理员', '1');
INSERT INTO `t_behavior_log` VALUES ('5631', '/internationalization/deleteInternationalization', '2019-08-26 10:46:54', '系统管理员', '1');
INSERT INTO `t_behavior_log` VALUES ('5632', '/internationalization/deleteInternationalization', '2019-08-26 10:47:31', '系统管理员', '1');
INSERT INTO `t_behavior_log` VALUES ('5633', '/internationalization/deleteInternationalization', '2019-08-26 10:48:51', '系统管理员', '1');
INSERT INTO `t_behavior_log` VALUES ('5634', '/internationalization/deleteInternationalization', '2019-08-26 10:48:59', '系统管理员', '1');
INSERT INTO `t_behavior_log` VALUES ('5635', '/internationalization/addInternationalize', '2019-08-26 10:49:06', '系统管理员', '1');
INSERT INTO `t_behavior_log` VALUES ('5636', '/internationalization/addInternationalize', '2019-08-26 10:49:13', '系统管理员', '1');
INSERT INTO `t_behavior_log` VALUES ('5637', '/internationalization/addInternationalize', '2019-08-26 10:49:20', '系统管理员', '1');
INSERT INTO `t_behavior_log` VALUES ('5638', '/internationalization/deleteInternationalization', '2019-08-26 10:49:23', '系统管理员', '1');
INSERT INTO `t_behavior_log` VALUES ('5639', '/internationalization/deleteInternationalization', '2019-08-26 10:50:08', '系统管理员', '1');
INSERT INTO `t_behavior_log` VALUES ('5640', '/internationalization/deleteInternationalization', '2019-08-26 10:50:11', '系统管理员', '1');
INSERT INTO `t_behavior_log` VALUES ('5641', '/internationalization/deleteInternationalization', '2019-08-26 10:50:14', '系统管理员', '1');
INSERT INTO `t_behavior_log` VALUES ('5642', '/internationalization/deleteInternationalization', '2019-08-26 10:50:16', '系统管理员', '1');
INSERT INTO `t_behavior_log` VALUES ('5643', '/internationalization/deleteInternationalization', '2019-08-26 10:50:19', '系统管理员', '1');
INSERT INTO `t_behavior_log` VALUES ('5644', '/internationalization/deleteInternationalization', '2019-08-26 10:50:21', '系统管理员', '1');
INSERT INTO `t_behavior_log` VALUES ('5645', '/internationalization/deleteInternationalization', '2019-08-26 10:50:23', '系统管理员', '1');
INSERT INTO `t_behavior_log` VALUES ('5646', '/internationalization/addInternationalize', '2019-08-26 10:50:40', '系统管理员', '1');
INSERT INTO `t_behavior_log` VALUES ('5647', '/internationalization/getLanguage', '2019-08-26 10:52:46', '系统管理员', '1');
INSERT INTO `t_behavior_log` VALUES ('5648', '/internationalization/getInternationalizationTree', '2019-08-26 10:52:46', '系统管理员', '1');
INSERT INTO `t_behavior_log` VALUES ('5649', '/internationalize/initInternationalization', '2019-08-26 13:45:48', '', '');
INSERT INTO `t_behavior_log` VALUES ('5650', '/user/refreshToken', '2019-08-26 13:45:49', '', '');
INSERT INTO `t_behavior_log` VALUES ('5651', '/user/refreshToken', '2019-08-26 13:45:49', '', '');
INSERT INTO `t_behavior_log` VALUES ('5652', '/user/refreshToken', '2019-08-26 13:45:49', '', '');
INSERT INTO `t_behavior_log` VALUES ('5653', '/user/login', '2019-08-26 13:45:52', '', '');
INSERT INTO `t_behavior_log` VALUES ('5654', '/user/getUserInfo', '2019-08-26 13:45:54', '', '');
INSERT INTO `t_behavior_log` VALUES ('5655', '/msg/queryUserMsg', '2019-08-26 13:45:54', '系统管理员', '1');
INSERT INTO `t_behavior_log` VALUES ('5656', '/internationalization/getInternationalizationTree', '2019-08-26 13:45:56', '系统管理员', '1');
INSERT INTO `t_behavior_log` VALUES ('5657', '/internationalization/getLanguage', '2019-08-26 13:45:56', '系统管理员', '1');
INSERT INTO `t_behavior_log` VALUES ('5658', '/tree/getTreeList', '2019-08-26 13:46:05', '系统管理员', '1');
INSERT INTO `t_behavior_log` VALUES ('5659', '/tree/queryTreeButtonList', '2019-08-26 13:46:07', '系统管理员', '1');
INSERT INTO `t_behavior_log` VALUES ('5660', '/tree/getTreeByTreeId', '2019-08-26 13:46:10', '系统管理员', '1');
INSERT INTO `t_behavior_log` VALUES ('5661', '/internationalize/initInternationalization', '2019-08-26 13:47:32', '', '');
INSERT INTO `t_behavior_log` VALUES ('5662', '/msg/queryUserMsg', '2019-08-26 13:47:32', '系统管理员', '1');
INSERT INTO `t_behavior_log` VALUES ('5663', '/tree/getTreeList', '2019-08-26 13:47:32', '系统管理员', '1');
INSERT INTO `t_behavior_log` VALUES ('5664', '/internationalization/getLanguage', '2019-08-26 13:47:34', '系统管理员', '1');
INSERT INTO `t_behavior_log` VALUES ('5665', '/internationalization/getInternationalizationTree', '2019-08-26 13:47:34', '系统管理员', '1');
INSERT INTO `t_behavior_log` VALUES ('5666', '/internationalization/getInternationalizationById', '2019-08-26 13:47:36', '系统管理员', '1');
INSERT INTO `t_behavior_log` VALUES ('5667', '/internationalize/initInternationalization', '2019-08-26 13:55:04', '', '');
INSERT INTO `t_behavior_log` VALUES ('5668', '/internationalization/getLanguage', '2019-08-26 13:55:04', '系统管理员', '1');
INSERT INTO `t_behavior_log` VALUES ('5669', '/internationalization/getInternationalizationTree', '2019-08-26 13:55:04', '系统管理员', '1');
INSERT INTO `t_behavior_log` VALUES ('5670', '/msg/queryUserMsg', '2019-08-26 13:55:04', '系统管理员', '1');
INSERT INTO `t_behavior_log` VALUES ('5671', '/internationalization/getInternationalizationById', '2019-08-26 13:55:08', '系统管理员', '1');
INSERT INTO `t_behavior_log` VALUES ('5672', '/internationalization/getLanguage', '2019-08-26 13:55:08', '系统管理员', '1');
INSERT INTO `t_behavior_log` VALUES ('5673', '/internationalization/addInternationalize', '2019-08-26 13:55:32', '系统管理员', '1');
INSERT INTO `t_behavior_log` VALUES ('5674', '/internationalization/getInternationalizationById', '2019-08-26 13:55:35', '系统管理员', '1');
INSERT INTO `t_behavior_log` VALUES ('5675', '/internationalization/getLanguage', '2019-08-26 13:55:35', '系统管理员', '1');
INSERT INTO `t_behavior_log` VALUES ('5676', '/internationalization/getInternationalizationById', '2019-08-26 13:55:56', '系统管理员', '1');
INSERT INTO `t_behavior_log` VALUES ('5677', '/internationalization/getLanguage', '2019-08-26 13:55:56', '系统管理员', '1');
INSERT INTO `t_behavior_log` VALUES ('5678', '/internationalization/getLanguage', '2019-08-26 13:58:45', '系统管理员', '1');
INSERT INTO `t_behavior_log` VALUES ('5679', '/internationalization/getInternationalizationById', '2019-08-26 13:58:50', '系统管理员', '1');
INSERT INTO `t_behavior_log` VALUES ('5680', '/internationalize/initInternationalization', '2019-08-26 13:58:57', '', '');
INSERT INTO `t_behavior_log` VALUES ('5681', '/internationalization/getLanguage', '2019-08-26 13:58:57', '系统管理员', '1');
INSERT INTO `t_behavior_log` VALUES ('5682', '/msg/queryUserMsg', '2019-08-26 13:58:57', '系统管理员', '1');
INSERT INTO `t_behavior_log` VALUES ('5683', '/internationalization/getLanguage', '2019-08-26 13:58:57', '系统管理员', '1');
INSERT INTO `t_behavior_log` VALUES ('5684', '/internationalization/getInternationalizationTree', '2019-08-26 13:58:57', '系统管理员', '1');
INSERT INTO `t_behavior_log` VALUES ('5685', '/internationalization/getInternationalizationById', '2019-08-26 13:59:01', '系统管理员', '1');
INSERT INTO `t_behavior_log` VALUES ('5686', '/internationalization/getInternationalizationById', '2019-08-26 13:59:05', '系统管理员', '1');
INSERT INTO `t_behavior_log` VALUES ('5687', '/internationalization/getInternationalizationById', '2019-08-26 13:59:08', '系统管理员', '1');
INSERT INTO `t_behavior_log` VALUES ('5688', '/internationalization/getLanguage', '2019-08-26 14:01:16', '系统管理员', '1');
INSERT INTO `t_behavior_log` VALUES ('5689', '/internationalize/initInternationalization', '2019-08-26 14:01:23', '', '');
INSERT INTO `t_behavior_log` VALUES ('5690', '/internationalization/getLanguage', '2019-08-26 14:01:23', '系统管理员', '1');
INSERT INTO `t_behavior_log` VALUES ('5691', '/internationalization/getLanguage', '2019-08-26 14:01:23', '系统管理员', '1');
INSERT INTO `t_behavior_log` VALUES ('5692', '/internationalization/getInternationalizationTree', '2019-08-26 14:01:23', '系统管理员', '1');
INSERT INTO `t_behavior_log` VALUES ('5693', '/msg/queryUserMsg', '2019-08-26 14:01:23', '系统管理员', '1');
INSERT INTO `t_behavior_log` VALUES ('5694', '/internationalization/getInternationalizationById', '2019-08-26 14:01:27', '系统管理员', '1');
INSERT INTO `t_behavior_log` VALUES ('5695', '/internationalization/getInternationalizationById', '2019-08-26 14:01:29', '系统管理员', '1');
INSERT INTO `t_behavior_log` VALUES ('5696', '/internationalization/getLanguage', '2019-08-26 14:01:49', '系统管理员', '1');
INSERT INTO `t_behavior_log` VALUES ('5697', '/internationalization/getInternationalizationById', '2019-08-26 14:01:52', '系统管理员', '1');
INSERT INTO `t_behavior_log` VALUES ('5698', '/internationalization/getLanguage', '2019-08-26 14:02:10', '系统管理员', '1');
INSERT INTO `t_behavior_log` VALUES ('5699', '/internationalize/initInternationalization', '2019-08-26 14:02:17', '', '');
INSERT INTO `t_behavior_log` VALUES ('5700', '/internationalization/getLanguage', '2019-08-26 14:02:18', '系统管理员', '1');
INSERT INTO `t_behavior_log` VALUES ('5701', '/internationalization/getLanguage', '2019-08-26 14:02:18', '系统管理员', '1');
INSERT INTO `t_behavior_log` VALUES ('5702', '/msg/queryUserMsg', '2019-08-26 14:02:18', '系统管理员', '1');
INSERT INTO `t_behavior_log` VALUES ('5703', '/internationalization/getInternationalizationTree', '2019-08-26 14:02:18', '系统管理员', '1');
INSERT INTO `t_behavior_log` VALUES ('5704', '/internationalization/getInternationalizationById', '2019-08-26 14:02:21', '系统管理员', '1');
INSERT INTO `t_behavior_log` VALUES ('5705', '/internationalization/getLanguage', '2019-08-26 14:02:52', '系统管理员', '1');
INSERT INTO `t_behavior_log` VALUES ('5706', '/internationalization/getLanguage', '2019-08-26 14:05:20', '系统管理员', '1');
INSERT INTO `t_behavior_log` VALUES ('5707', '/internationalize/initInternationalization', '2019-08-26 14:05:27', '', '');
INSERT INTO `t_behavior_log` VALUES ('5708', '/internationalization/getLanguage', '2019-08-26 14:05:28', '系统管理员', '1');
INSERT INTO `t_behavior_log` VALUES ('5709', '/msg/queryUserMsg', '2019-08-26 14:05:28', '系统管理员', '1');
INSERT INTO `t_behavior_log` VALUES ('5710', '/internationalization/getLanguage', '2019-08-26 14:05:28', '系统管理员', '1');
INSERT INTO `t_behavior_log` VALUES ('5711', '/internationalization/getInternationalizationTree', '2019-08-26 14:05:28', '系统管理员', '1');
INSERT INTO `t_behavior_log` VALUES ('5712', '/internationalization/getInternationalizationById', '2019-08-26 14:05:31', '系统管理员', '1');
INSERT INTO `t_behavior_log` VALUES ('5713', '/internationalization/getInternationalizationById', '2019-08-26 14:05:35', '系统管理员', '1');
INSERT INTO `t_behavior_log` VALUES ('5714', '/internationalization/getInternationalizationById', '2019-08-26 14:05:37', '系统管理员', '1');
INSERT INTO `t_behavior_log` VALUES ('5715', '/internationalize/initInternationalization', '2019-08-26 14:24:14', '', '');
INSERT INTO `t_behavior_log` VALUES ('5716', '/internationalization/getInternationalizationTree', '2019-08-26 14:24:15', '系统管理员', '1');
INSERT INTO `t_behavior_log` VALUES ('5717', '/internationalization/getLanguage', '2019-08-26 14:24:15', '系统管理员', '1');
INSERT INTO `t_behavior_log` VALUES ('5718', '/internationalization/getLanguage', '2019-08-26 14:24:15', '系统管理员', '1');
INSERT INTO `t_behavior_log` VALUES ('5719', '/msg/queryUserMsg', '2019-08-26 14:24:15', '系统管理员', '1');
INSERT INTO `t_behavior_log` VALUES ('5720', '/internationalize/initInternationalization', '2019-08-26 14:24:24', '', '');
INSERT INTO `t_behavior_log` VALUES ('5721', '/internationalization/getLanguage', '2019-08-26 14:24:25', '系统管理员', '1');
INSERT INTO `t_behavior_log` VALUES ('5722', '/msg/queryUserMsg', '2019-08-26 14:24:25', '系统管理员', '1');
INSERT INTO `t_behavior_log` VALUES ('5723', '/internationalization/getLanguage', '2019-08-26 14:24:25', '系统管理员', '1');
INSERT INTO `t_behavior_log` VALUES ('5724', '/internationalization/getInternationalizationTree', '2019-08-26 14:24:25', '系统管理员', '1');
INSERT INTO `t_behavior_log` VALUES ('5725', '/language/queryLanguageList', '2019-08-26 14:24:30', '系统管理员', '1');
INSERT INTO `t_behavior_log` VALUES ('5726', '/internationalization/getLanguage', '2019-08-26 14:24:31', '系统管理员', '1');
INSERT INTO `t_behavior_log` VALUES ('5727', '/internationalization/getLanguage', '2019-08-26 14:24:31', '系统管理员', '1');
INSERT INTO `t_behavior_log` VALUES ('5728', '/internationalization/getInternationalizationTree', '2019-08-26 14:24:31', '系统管理员', '1');
INSERT INTO `t_behavior_log` VALUES ('5729', '/internationalization/getInternationalizationById', '2019-08-26 14:24:44', '系统管理员', '1');
INSERT INTO `t_behavior_log` VALUES ('5730', '/internationalization/getLanguage', '2019-08-26 14:26:27', '系统管理员', '1');
INSERT INTO `t_behavior_log` VALUES ('5731', '/internationalize/initInternationalization', '2019-08-26 14:26:37', '', '');
INSERT INTO `t_behavior_log` VALUES ('5732', '/internationalization/getLanguage', '2019-08-26 14:26:38', '系统管理员', '1');
INSERT INTO `t_behavior_log` VALUES ('5733', '/internationalization/getLanguage', '2019-08-26 14:26:38', '系统管理员', '1');
INSERT INTO `t_behavior_log` VALUES ('5734', '/internationalization/getInternationalizationTree', '2019-08-26 14:26:38', '系统管理员', '1');
INSERT INTO `t_behavior_log` VALUES ('5735', '/msg/queryUserMsg', '2019-08-26 14:26:38', '系统管理员', '1');
INSERT INTO `t_behavior_log` VALUES ('5736', '/internationalization/getInternationalizationById', '2019-08-26 14:26:42', '系统管理员', '1');
INSERT INTO `t_behavior_log` VALUES ('5737', '/tree/getTreeList', '2019-08-26 14:26:50', '系统管理员', '1');
INSERT INTO `t_behavior_log` VALUES ('5738', '/tree/queryTreeButtonList', '2019-08-26 14:26:51', '系统管理员', '1');
INSERT INTO `t_behavior_log` VALUES ('5739', '/tree/getTreeByTreeId', '2019-08-26 14:26:53', '系统管理员', '1');
INSERT INTO `t_behavior_log` VALUES ('5740', '/tree/checkTreeCode', '2019-08-26 14:27:06', '系统管理员', '1');
INSERT INTO `t_behavior_log` VALUES ('5741', '/tree/updateButton', '2019-08-26 14:27:07', '系统管理员', '1');
INSERT INTO `t_behavior_log` VALUES ('5742', '/tree/queryTreeButtonList', '2019-08-26 14:27:07', '系统管理员', '1');
INSERT INTO `t_behavior_log` VALUES ('5743', '/tree/getTreeByTreeId', '2019-08-26 14:27:08', '系统管理员', '1');
INSERT INTO `t_behavior_log` VALUES ('5744', '/user/login', '2019-08-26 14:27:14', '', '');
INSERT INTO `t_behavior_log` VALUES ('5745', '/user/getUserInfo', '2019-08-26 14:27:16', '', '');
INSERT INTO `t_behavior_log` VALUES ('5746', '/msg/queryUserMsg', '2019-08-26 14:27:16', '系统管理员', '1');
INSERT INTO `t_behavior_log` VALUES ('5747', '/internationalization/getLanguage', '2019-08-26 14:27:18', '系统管理员', '1');
INSERT INTO `t_behavior_log` VALUES ('5748', '/internationalization/getInternationalizationTree', '2019-08-26 14:27:18', '系统管理员', '1');
INSERT INTO `t_behavior_log` VALUES ('5749', '/internationalization/getLanguage', '2019-08-26 14:27:18', '系统管理员', '1');
INSERT INTO `t_behavior_log` VALUES ('5750', '/internationalization/getInternationalizationById', '2019-08-26 14:27:21', '系统管理员', '1');
INSERT INTO `t_behavior_log` VALUES ('5751', '/internationalization/updateInternationalize', '2019-08-26 14:27:27', '系统管理员', '1');
INSERT INTO `t_behavior_log` VALUES ('5752', '/internationalization/getInternationalizationById', '2019-08-26 14:27:31', '系统管理员', '1');
INSERT INTO `t_behavior_log` VALUES ('5753', '/internationalization/getInternationalizationById', '2019-08-26 14:28:03', '系统管理员', '1');
INSERT INTO `t_behavior_log` VALUES ('5754', '/internationalization/updateInternationalize', '2019-08-26 14:28:07', '系统管理员', '1');
INSERT INTO `t_behavior_log` VALUES ('5755', '/internationalization/getInternationalizationById', '2019-08-26 14:28:09', '系统管理员', '1');
INSERT INTO `t_behavior_log` VALUES ('5756', '/internationalization/getInternationalizationById', '2019-08-26 14:29:28', '系统管理员', '1');
INSERT INTO `t_behavior_log` VALUES ('5757', '/internationalization/updateInternationalize', '2019-08-26 14:29:31', '系统管理员', '1');
INSERT INTO `t_behavior_log` VALUES ('5758', '/internationalize/initInternationalization', '2019-08-26 14:35:01', '', '');
INSERT INTO `t_behavior_log` VALUES ('5759', '/msg/queryUserMsg', '2019-08-26 14:35:01', '系统管理员', '1');
INSERT INTO `t_behavior_log` VALUES ('5760', '/internationalization/getInternationalizationTree', '2019-08-26 14:35:01', '系统管理员', '1');
INSERT INTO `t_behavior_log` VALUES ('5761', '/internationalization/getLanguage', '2019-08-26 14:35:01', '系统管理员', '1');
INSERT INTO `t_behavior_log` VALUES ('5762', '/internationalization/getLanguage', '2019-08-26 14:35:01', '系统管理员', '1');
INSERT INTO `t_behavior_log` VALUES ('5763', '/internationalization/getInternationalizationById', '2019-08-26 14:35:05', '系统管理员', '1');
INSERT INTO `t_behavior_log` VALUES ('5764', '/internationalization/updateInternationalize', '2019-08-26 14:35:14', '系统管理员', '1');
INSERT INTO `t_behavior_log` VALUES ('5765', '/internationalization/getInternationalizationById', '2019-08-26 14:35:17', '系统管理员', '1');
INSERT INTO `t_behavior_log` VALUES ('5766', '/internationalization/updateInternationalize', '2019-08-26 14:35:21', '系统管理员', '1');
INSERT INTO `t_behavior_log` VALUES ('5767', '/internationalization/addInternationalize', '2019-08-26 14:35:27', '系统管理员', '1');
INSERT INTO `t_behavior_log` VALUES ('5768', '/internationalization/getInternationalizationById', '2019-08-26 14:35:30', '系统管理员', '1');
INSERT INTO `t_behavior_log` VALUES ('5769', '/internationalization/updateInternationalize', '2019-08-26 14:35:34', '系统管理员', '1');
INSERT INTO `t_behavior_log` VALUES ('5770', '/internationalization/deleteInternationalization', '2019-08-26 14:35:37', '系统管理员', '1');
INSERT INTO `t_behavior_log` VALUES ('5771', '/internationalization/deleteInternationalization', '2019-08-26 14:35:40', '系统管理员', '1');
INSERT INTO `t_behavior_log` VALUES ('5772', '/language/queryLanguageList', '2019-08-26 14:38:18', '系统管理员', '1');
INSERT INTO `t_behavior_log` VALUES ('5773', '/internationalize/getInternationalizeTree', '2019-08-26 14:38:21', '系统管理员', '1');
INSERT INTO `t_behavior_log` VALUES ('5774', '/internationalize/getInternationalizationBySystemInternationalizationId', '2019-08-26 14:38:25', '系统管理员', '1');
INSERT INTO `t_behavior_log` VALUES ('5775', '/internationalize/checkInternationalizationKey', '2019-08-26 14:38:27', '系统管理员', '1');
INSERT INTO `t_behavior_log` VALUES ('5776', '/internationalization/getLanguage', '2019-08-26 14:38:28', '系统管理员', '1');
INSERT INTO `t_behavior_log` VALUES ('5777', '/internationalization/getLanguage', '2019-08-26 14:38:28', '系统管理员', '1');
INSERT INTO `t_behavior_log` VALUES ('5778', '/internationalization/getInternationalizationTree', '2019-08-26 14:38:28', '系统管理员', '1');
INSERT INTO `t_behavior_log` VALUES ('5779', '/language/queryLanguageList', '2019-08-26 14:38:32', '系统管理员', '1');
INSERT INTO `t_behavior_log` VALUES ('5780', '/language/addLanguage', '2019-08-26 14:38:40', '系统管理员', '1');
INSERT INTO `t_behavior_log` VALUES ('5781', '/language/queryLanguageList', '2019-08-26 14:38:40', '系统管理员', '1');
INSERT INTO `t_behavior_log` VALUES ('5782', '/internationalization/getLanguage', '2019-08-26 14:38:41', '系统管理员', '1');
INSERT INTO `t_behavior_log` VALUES ('5783', '/internationalization/getInternationalizationTree', '2019-08-26 14:38:41', '系统管理员', '1');
INSERT INTO `t_behavior_log` VALUES ('5784', '/internationalization/getLanguage', '2019-08-26 14:38:41', '系统管理员', '1');
INSERT INTO `t_behavior_log` VALUES ('5785', '/internationalization/getInternationalizationById', '2019-08-26 14:38:45', '系统管理员', '1');
INSERT INTO `t_behavior_log` VALUES ('5786', '/internationalization/updateInternationalize', '2019-08-26 14:38:48', '系统管理员', '1');
INSERT INTO `t_behavior_log` VALUES ('5787', '/internationalization/getInternationalizationById', '2019-08-26 14:38:49', '系统管理员', '1');
INSERT INTO `t_behavior_log` VALUES ('5788', '/internationalization/updateInternationalize', '2019-08-26 14:38:53', '系统管理员', '1');
INSERT INTO `t_behavior_log` VALUES ('5789', '/internationalize/initInternationalization', '2019-08-26 14:40:38', '', '');
INSERT INTO `t_behavior_log` VALUES ('5790', '/internationalize/initInternationalization', '2019-08-26 14:41:00', '', '');
INSERT INTO `t_behavior_log` VALUES ('5791', '/internationalize/initInternationalization', '2019-08-26 14:41:13', '', '');
INSERT INTO `t_behavior_log` VALUES ('5792', '/internationalize/initInternationalization', '2019-08-26 14:41:59', '', '');
INSERT INTO `t_behavior_log` VALUES ('5793', '/internationalize/initInternationalization', '2019-08-26 14:42:19', '', '');
INSERT INTO `t_behavior_log` VALUES ('5794', '/internationalize/initInternationalization', '2019-08-26 14:42:33', '', '');
INSERT INTO `t_behavior_log` VALUES ('5795', '/internationalize/initInternationalization', '2019-08-26 14:42:38', '', '');
INSERT INTO `t_behavior_log` VALUES ('5796', '/internationalize/initInternationalization', '2019-08-26 14:43:15', '', '');
INSERT INTO `t_behavior_log` VALUES ('5797', '/internationalize/initInternationalization', '2019-08-26 14:43:29', '', '');
INSERT INTO `t_behavior_log` VALUES ('5798', '/user/login', '2019-08-26 14:43:33', '', '');
INSERT INTO `t_behavior_log` VALUES ('5799', '/user/getUserInfo', '2019-08-26 14:43:35', '', '');
INSERT INTO `t_behavior_log` VALUES ('5800', '/msg/queryUserMsg', '2019-08-26 14:43:36', '系统管理员', '1');
INSERT INTO `t_behavior_log` VALUES ('5801', '/internationalize/initInternationalization', '2019-08-26 14:46:56', '', '');
INSERT INTO `t_behavior_log` VALUES ('5802', '/msg/queryUserMsg', '2019-08-26 14:46:56', '系统管理员', '1');
INSERT INTO `t_behavior_log` VALUES ('5803', '/internationalization/getLanguage', '2019-08-26 14:46:58', '系统管理员', '1');
INSERT INTO `t_behavior_log` VALUES ('5804', '/internationalization/getLanguage', '2019-08-26 14:46:58', '系统管理员', '1');
INSERT INTO `t_behavior_log` VALUES ('5805', '/internationalization/getInternationalizationTree', '2019-08-26 14:46:58', '系统管理员', '1');
INSERT INTO `t_behavior_log` VALUES ('5806', '/language/queryLanguageList', '2019-08-26 14:47:00', '系统管理员', '1');
INSERT INTO `t_behavior_log` VALUES ('5807', '/internationalization/getLanguage', '2019-08-26 14:47:02', '系统管理员', '1');
INSERT INTO `t_behavior_log` VALUES ('5808', '/internationalization/getLanguage', '2019-08-26 14:47:02', '系统管理员', '1');
INSERT INTO `t_behavior_log` VALUES ('5809', '/internationalization/getInternationalizationTree', '2019-08-26 14:47:02', '系统管理员', '1');
INSERT INTO `t_behavior_log` VALUES ('5810', '/internationalize/initInternationalization', '2019-08-26 14:47:22', '', '');
INSERT INTO `t_behavior_log` VALUES ('5811', '/internationalization/getLanguage', '2019-08-26 14:47:22', '系统管理员', '1');
INSERT INTO `t_behavior_log` VALUES ('5812', '/internationalization/getInternationalizationTree', '2019-08-26 14:47:22', '系统管理员', '1');
INSERT INTO `t_behavior_log` VALUES ('5813', '/internationalization/getLanguage', '2019-08-26 14:47:22', '系统管理员', '1');
INSERT INTO `t_behavior_log` VALUES ('5814', '/msg/queryUserMsg', '2019-08-26 14:47:22', '系统管理员', '1');
INSERT INTO `t_behavior_log` VALUES ('5815', '/internationalize/initInternationalization', '2019-08-26 14:47:37', '', '');
INSERT INTO `t_behavior_log` VALUES ('5816', '/internationalization/getLanguage', '2019-08-26 14:47:37', '系统管理员', '1');
INSERT INTO `t_behavior_log` VALUES ('5817', '/internationalization/getLanguage', '2019-08-26 14:47:37', '系统管理员', '1');
INSERT INTO `t_behavior_log` VALUES ('5818', '/internationalization/getInternationalizationTree', '2019-08-26 14:47:37', '系统管理员', '1');
INSERT INTO `t_behavior_log` VALUES ('5819', '/msg/queryUserMsg', '2019-08-26 14:47:37', '系统管理员', '1');
INSERT INTO `t_behavior_log` VALUES ('5820', '/dict/queryDictList', '2019-08-26 14:47:42', '系统管理员', '1');
INSERT INTO `t_behavior_log` VALUES ('5821', '/role/loadTree', '2019-08-26 14:47:45', '系统管理员', '1');
INSERT INTO `t_behavior_log` VALUES ('5822', '/role/queryRoleList', '2019-08-26 14:47:45', '系统管理员', '1');
INSERT INTO `t_behavior_log` VALUES ('5823', '/tree/getTreeList', '2019-08-26 14:47:47', '系统管理员', '1');
INSERT INTO `t_behavior_log` VALUES ('5824', '/org/getOrgTree', '2019-08-26 14:47:48', '系统管理员', '1');
INSERT INTO `t_behavior_log` VALUES ('5825', '/user/queryUserList', '2019-08-26 14:47:48', '系统管理员', '1');
INSERT INTO `t_behavior_log` VALUES ('5826', '/behaviorLog/queryBehaviorLogList', '2019-08-26 14:47:50', '系统管理员', '1');
INSERT INTO `t_behavior_log` VALUES ('5827', '/user/queryUserList', '2019-08-26 14:47:51', '系统管理员', '1');
INSERT INTO `t_behavior_log` VALUES ('5828', '/msg/queryMessageList', '2019-08-26 14:47:51', '系统管理员', '1');
INSERT INTO `t_behavior_log` VALUES ('5829', '/internationalize/getInternationalizeTree', '2019-08-26 14:47:52', '系统管理员', '1');
INSERT INTO `t_behavior_log` VALUES ('5830', '/internationalization/getLanguage', '2019-08-26 14:47:54', '系统管理员', '1');
INSERT INTO `t_behavior_log` VALUES ('5831', '/internationalization/getLanguage', '2019-08-26 14:47:54', '系统管理员', '1');
INSERT INTO `t_behavior_log` VALUES ('5832', '/internationalization/getInternationalizationTree', '2019-08-26 14:47:54', '系统管理员', '1');
INSERT INTO `t_behavior_log` VALUES ('5833', '/language/queryLanguageList', '2019-08-26 14:47:56', '系统管理员', '1');
INSERT INTO `t_behavior_log` VALUES ('5834', '/internationalize/getInternationalizeTree', '2019-08-26 14:48:01', '系统管理员', '1');
INSERT INTO `t_behavior_log` VALUES ('5835', '/user/queryUserList', '2019-08-26 14:48:04', '系统管理员', '1');
INSERT INTO `t_behavior_log` VALUES ('5836', '/msg/queryMessageList', '2019-08-26 14:48:04', '系统管理员', '1');
INSERT INTO `t_behavior_log` VALUES ('5837', '/internationalize/getInternationalizeTree', '2019-08-26 14:48:05', '系统管理员', '1');
INSERT INTO `t_behavior_log` VALUES ('5838', '/language/queryLanguageList', '2019-08-26 14:48:17', '系统管理员', '1');
INSERT INTO `t_behavior_log` VALUES ('5839', '/internationalization/getInternationalizationTree', '2019-08-26 14:48:20', '系统管理员', '1');
INSERT INTO `t_behavior_log` VALUES ('5840', '/internationalization/getLanguage', '2019-08-26 14:48:20', '系统管理员', '1');
INSERT INTO `t_behavior_log` VALUES ('5841', '/internationalization/getLanguage', '2019-08-26 14:48:20', '系统管理员', '1');
INSERT INTO `t_behavior_log` VALUES ('5842', '/user/queryUserList', '2019-08-26 14:48:24', '系统管理员', '1');
INSERT INTO `t_behavior_log` VALUES ('5843', '/msg/queryMessageList', '2019-08-26 14:48:24', '系统管理员', '1');
INSERT INTO `t_behavior_log` VALUES ('5844', '/internationalize/getInternationalizeTree', '2019-08-26 14:48:25', '系统管理员', '1');
INSERT INTO `t_behavior_log` VALUES ('5845', '/language/queryLanguageList', '2019-08-26 14:48:27', '系统管理员', '1');
INSERT INTO `t_behavior_log` VALUES ('5846', '/internationalize/getInternationalizeTree', '2019-08-26 14:48:29', '系统管理员', '1');
INSERT INTO `t_behavior_log` VALUES ('5847', '/user/queryUserList', '2019-08-26 14:48:29', '系统管理员', '1');
INSERT INTO `t_behavior_log` VALUES ('5848', '/msg/queryMessageList', '2019-08-26 14:48:29', '系统管理员', '1');
INSERT INTO `t_behavior_log` VALUES ('5849', '/tree/getTreeList', '2019-08-26 14:48:41', '系统管理员', '1');
INSERT INTO `t_behavior_log` VALUES ('5850', '/tree/queryTreeButtonList', '2019-08-26 14:48:42', '系统管理员', '1');
INSERT INTO `t_behavior_log` VALUES ('5851', '/tree/queryTreeButtonList', '2019-08-26 14:48:44', '系统管理员', '1');
INSERT INTO `t_behavior_log` VALUES ('5852', '/tree/queryTreeButtonList', '2019-08-26 14:48:45', '系统管理员', '1');
INSERT INTO `t_behavior_log` VALUES ('5853', '/tree/queryTreeButtonList', '2019-08-26 14:48:46', '系统管理员', '1');
INSERT INTO `t_behavior_log` VALUES ('5854', '/tree/queryTreeButtonList', '2019-08-26 14:48:47', '系统管理员', '1');
INSERT INTO `t_behavior_log` VALUES ('5855', '/internationalization/getLanguage', '2019-08-26 14:48:54', '系统管理员', '1');
INSERT INTO `t_behavior_log` VALUES ('5856', '/internationalization/getLanguage', '2019-08-26 14:48:54', '系统管理员', '1');
INSERT INTO `t_behavior_log` VALUES ('5857', '/internationalization/getInternationalizationTree', '2019-08-26 14:48:54', '系统管理员', '1');
INSERT INTO `t_behavior_log` VALUES ('5858', '/internationalization/getInternationalizationById', '2019-08-26 14:48:58', '系统管理员', '1');
INSERT INTO `t_behavior_log` VALUES ('5859', '/internationalization/getLanguage', '2019-08-26 14:56:51', '系统管理员', '1');
INSERT INTO `t_behavior_log` VALUES ('5860', '/internationalization/getInternationalizationTree', '2019-08-26 14:56:51', '系统管理员', '1');
INSERT INTO `t_behavior_log` VALUES ('5861', '/internationalization/getLanguage', '2019-08-26 14:56:51', '系统管理员', '1');
INSERT INTO `t_behavior_log` VALUES ('5862', '/internationalization/getLanguage', '2019-08-26 14:56:51', '系统管理员', '1');
INSERT INTO `t_behavior_log` VALUES ('5863', '/internationalize/initInternationalization', '2019-08-26 14:56:57', '', '');
INSERT INTO `t_behavior_log` VALUES ('5864', '/internationalization/getInternationalizationTree', '2019-08-26 14:56:57', '系统管理员', '1');
INSERT INTO `t_behavior_log` VALUES ('5865', '/internationalization/getLanguage', '2019-08-26 14:56:57', '系统管理员', '1');
INSERT INTO `t_behavior_log` VALUES ('5866', '/msg/queryUserMsg', '2019-08-26 14:56:57', '系统管理员', '1');
INSERT INTO `t_behavior_log` VALUES ('5867', '/internationalization/getLanguage', '2019-08-26 14:56:57', '系统管理员', '1');
INSERT INTO `t_behavior_log` VALUES ('5868', '/internationalization/getLanguage', '2019-08-26 14:56:57', '系统管理员', '1');
INSERT INTO `t_behavior_log` VALUES ('5869', '/internationalization/getInternationalizationById', '2019-08-26 14:57:03', '系统管理员', '1');
INSERT INTO `t_behavior_log` VALUES ('5870', '/internationalization/getInternationalizationById', '2019-08-26 14:57:07', '系统管理员', '1');
INSERT INTO `t_behavior_log` VALUES ('5871', '/internationalization/getInternationalizationById', '2019-08-26 14:57:13', '系统管理员', '1');
INSERT INTO `t_behavior_log` VALUES ('5872', '/internationalization/getInternationalizationTree', '2019-08-26 15:00:46', '系统管理员', '1');
INSERT INTO `t_behavior_log` VALUES ('5873', '/internationalization/getLanguage', '2019-08-26 15:00:46', '系统管理员', '1');
INSERT INTO `t_behavior_log` VALUES ('5874', '/internationalization/getLanguage', '2019-08-26 15:00:46', '系统管理员', '1');
INSERT INTO `t_behavior_log` VALUES ('5875', '/internationalization/getLanguage', '2019-08-26 15:00:46', '系统管理员', '1');
INSERT INTO `t_behavior_log` VALUES ('5876', '/internationalization/getInternationalizationById', '2019-08-26 15:00:51', '系统管理员', '1');
INSERT INTO `t_behavior_log` VALUES ('5877', '/internationalization/getInternationalizationById', '2019-08-26 15:00:56', '系统管理员', '1');
INSERT INTO `t_behavior_log` VALUES ('5878', '/internationalization/getInternationalizationById', '2019-08-26 15:01:00', '系统管理员', '1');
INSERT INTO `t_behavior_log` VALUES ('5879', '/internationalization/getInternationalizationById', '2019-08-26 15:01:03', '系统管理员', '1');
INSERT INTO `t_behavior_log` VALUES ('5880', '/internationalization/getInternationalizationById', '2019-08-26 15:01:04', '系统管理员', '1');
INSERT INTO `t_behavior_log` VALUES ('5881', '/internationalization/getInternationalizationById', '2019-08-26 15:01:05', '系统管理员', '1');
INSERT INTO `t_behavior_log` VALUES ('5882', '/internationalization/getInternationalizationById', '2019-08-26 15:01:06', '系统管理员', '1');
INSERT INTO `t_behavior_log` VALUES ('5883', '/internationalization/getInternationalizationById', '2019-08-26 15:01:07', '系统管理员', '1');
INSERT INTO `t_behavior_log` VALUES ('5884', '/internationalization/getInternationalizationById', '2019-08-26 15:01:09', '系统管理员', '1');
INSERT INTO `t_behavior_log` VALUES ('5885', '/internationalization/getInternationalizationById', '2019-08-26 15:01:10', '系统管理员', '1');
INSERT INTO `t_behavior_log` VALUES ('5886', '/internationalization/getInternationalizationById', '2019-08-26 15:01:29', '系统管理员', '1');
INSERT INTO `t_behavior_log` VALUES ('5887', '/internationalization/getInternationalizationById', '2019-08-26 15:01:43', '系统管理员', '1');
INSERT INTO `t_behavior_log` VALUES ('5888', '/internationalization/getLanguage', '2019-08-26 15:02:48', '系统管理员', '1');
INSERT INTO `t_behavior_log` VALUES ('5889', '/internationalization/getLanguage', '2019-08-26 15:02:48', '系统管理员', '1');
INSERT INTO `t_behavior_log` VALUES ('5890', '/internationalization/getInternationalizationTree', '2019-08-26 15:02:48', '系统管理员', '1');
INSERT INTO `t_behavior_log` VALUES ('5891', '/internationalization/getLanguage', '2019-08-26 15:02:48', '系统管理员', '1');
INSERT INTO `t_behavior_log` VALUES ('5892', '/internationalization/getInternationalizationById', '2019-08-26 15:02:52', '系统管理员', '1');
INSERT INTO `t_behavior_log` VALUES ('5893', '/internationalization/getInternationalizationById', '2019-08-26 15:02:54', '系统管理员', '1');
INSERT INTO `t_behavior_log` VALUES ('5894', '/internationalization/getInternationalizationById', '2019-08-26 15:02:57', '系统管理员', '1');
INSERT INTO `t_behavior_log` VALUES ('5895', '/internationalization/getInternationalizationById', '2019-08-26 15:02:59', '系统管理员', '1');
INSERT INTO `t_behavior_log` VALUES ('5896', '/internationalization/getLanguage', '2019-08-26 15:03:30', '系统管理员', '1');
INSERT INTO `t_behavior_log` VALUES ('5897', '/internationalization/getInternationalizationTree', '2019-08-26 15:03:30', '系统管理员', '1');
INSERT INTO `t_behavior_log` VALUES ('5898', '/internationalization/getLanguage', '2019-08-26 15:03:30', '系统管理员', '1');
INSERT INTO `t_behavior_log` VALUES ('5899', '/internationalization/getLanguage', '2019-08-26 15:03:30', '系统管理员', '1');
INSERT INTO `t_behavior_log` VALUES ('5900', '/internationalization/getLanguage', '2019-08-26 15:04:17', '系统管理员', '1');
INSERT INTO `t_behavior_log` VALUES ('5901', '/internationalization/getLanguage', '2019-08-26 15:04:17', '系统管理员', '1');
INSERT INTO `t_behavior_log` VALUES ('5902', '/internationalization/getInternationalizationTree', '2019-08-26 15:04:17', '系统管理员', '1');
INSERT INTO `t_behavior_log` VALUES ('5903', '/internationalization/getLanguage', '2019-08-26 15:04:17', '系统管理员', '1');
INSERT INTO `t_behavior_log` VALUES ('5904', '/internationalization/getInternationalizationById', '2019-08-26 15:04:19', '系统管理员', '1');
INSERT INTO `t_behavior_log` VALUES ('5905', '/internationalization/getInternationalizationById', '2019-08-26 15:04:20', '系统管理员', '1');
INSERT INTO `t_behavior_log` VALUES ('5906', '/internationalization/getLanguage', '2019-08-26 15:04:35', '系统管理员', '1');
INSERT INTO `t_behavior_log` VALUES ('5907', '/internationalization/getLanguage', '2019-08-26 15:04:35', '系统管理员', '1');
INSERT INTO `t_behavior_log` VALUES ('5908', '/internationalization/getInternationalizationTree', '2019-08-26 15:04:35', '系统管理员', '1');
INSERT INTO `t_behavior_log` VALUES ('5909', '/internationalization/getLanguage', '2019-08-26 15:04:35', '系统管理员', '1');
INSERT INTO `t_behavior_log` VALUES ('5910', '/internationalization/getInternationalizationById', '2019-08-26 15:04:38', '系统管理员', '1');
INSERT INTO `t_behavior_log` VALUES ('5911', '/internationalization/getInternationalizationById', '2019-08-26 15:04:39', '系统管理员', '1');
INSERT INTO `t_behavior_log` VALUES ('5912', '/internationalization/getInternationalizationById', '2019-08-26 15:04:42', '系统管理员', '1');
INSERT INTO `t_behavior_log` VALUES ('5913', '/swagger-ui.html', '2019-08-27 10:02:26', '', '');
INSERT INTO `t_behavior_log` VALUES ('5914', '/swagger-resources/configuration/ui', '2019-08-27 10:02:28', '', '');
INSERT INTO `t_behavior_log` VALUES ('5915', '/swagger-resources', '2019-08-27 10:02:29', '', '');
INSERT INTO `t_behavior_log` VALUES ('5916', '/internationalize/initInternationalization', '2019-08-27 10:05:07', '', '');
INSERT INTO `t_behavior_log` VALUES ('5917', '/user/login', '2019-08-27 10:05:10', '', '');
INSERT INTO `t_behavior_log` VALUES ('5918', '/user/login', '2019-08-27 10:05:46', '', '');
INSERT INTO `t_behavior_log` VALUES ('5919', '/user/getUserInfo', '2019-08-27 10:05:47', '', '');
INSERT INTO `t_behavior_log` VALUES ('5920', '/msg/queryUserMsg', '2019-08-27 10:05:48', '系统管理员', '1');
INSERT INTO `t_behavior_log` VALUES ('5921', '/tree/getTreeList', '2019-08-27 10:06:38', '系统管理员', '1');
INSERT INTO `t_behavior_log` VALUES ('5922', '/tree/queryTreeButtonList', '2019-08-27 10:06:39', '系统管理员', '1');
INSERT INTO `t_behavior_log` VALUES ('5923', '/tree/queryTreeButtonList', '2019-08-27 10:06:43', '系统管理员', '1');
INSERT INTO `t_behavior_log` VALUES ('5924', '/tree/checkTreeCode', '2019-08-27 10:06:58', '系统管理员', '1');
INSERT INTO `t_behavior_log` VALUES ('5925', '/tree/checkTreeCode', '2019-08-27 10:07:07', '系统管理员', '1');
INSERT INTO `t_behavior_log` VALUES ('5926', '/tree/checkTreeCode', '2019-08-27 10:07:20', '系统管理员', '1');
INSERT INTO `t_behavior_log` VALUES ('5927', '/tree/addTree', '2019-08-27 10:07:20', '系统管理员', '1');
INSERT INTO `t_behavior_log` VALUES ('5928', '/tree/getTreeList', '2019-08-27 10:07:21', '系统管理员', '1');
INSERT INTO `t_behavior_log` VALUES ('5929', '/tree/queryTreeButtonList', '2019-08-27 10:07:23', '系统管理员', '1');
INSERT INTO `t_behavior_log` VALUES ('5930', '/tree/getTreeByTreeId', '2019-08-27 10:07:28', '系统管理员', '1');
INSERT INTO `t_behavior_log` VALUES ('5931', '/user/login', '2019-08-27 10:07:34', '', '');
INSERT INTO `t_behavior_log` VALUES ('5932', '/user/getUserInfo', '2019-08-27 10:07:34', '', '');
INSERT INTO `t_behavior_log` VALUES ('5933', '/msg/queryUserMsg', '2019-08-27 10:07:35', '系统管理员', '1');
INSERT INTO `t_behavior_log` VALUES ('5934', '/role/queryRoleList', '2019-08-27 10:07:36', '系统管理员', '1');
INSERT INTO `t_behavior_log` VALUES ('5935', '/role/loadTree', '2019-08-27 10:07:36', '系统管理员', '1');
INSERT INTO `t_behavior_log` VALUES ('5936', '/role/getRoleByRoleId', '2019-08-27 10:07:39', '系统管理员', '1');
INSERT INTO `t_behavior_log` VALUES ('5937', '/role/checkRoleCodeAndName', '2019-08-27 10:07:42', '系统管理员', '1');
INSERT INTO `t_behavior_log` VALUES ('5938', '/role/checkRoleCodeAndName', '2019-08-27 10:07:42', '系统管理员', '1');
INSERT INTO `t_behavior_log` VALUES ('5939', '/role/updateRole', '2019-08-27 10:07:42', '系统管理员', '1');
INSERT INTO `t_behavior_log` VALUES ('5940', '/role/queryRoleList', '2019-08-27 10:07:43', '系统管理员', '1');
INSERT INTO `t_behavior_log` VALUES ('5941', '/user/login', '2019-08-27 10:07:49', '', '');
INSERT INTO `t_behavior_log` VALUES ('5942', '/user/getUserInfo', '2019-08-27 10:07:50', '', '');
INSERT INTO `t_behavior_log` VALUES ('5943', '/msg/queryUserMsg', '2019-08-27 10:07:50', '系统管理员', '1');
INSERT INTO `t_behavior_log` VALUES ('5944', '/tTest/queryTTestList', '2019-08-27 10:08:05', '系统管理员', '1');
INSERT INTO `t_behavior_log` VALUES ('5945', '/tTest/queryTTestList', '2019-08-27 10:11:22', '系统管理员', '1');
INSERT INTO `t_behavior_log` VALUES ('5946', '/tTest/queryTTestList', '2019-08-27 10:13:20', '系统管理员', '1');
INSERT INTO `t_behavior_log` VALUES ('5947', '/tTest/queryTTestList', '2019-08-27 10:13:47', '系统管理员', '1');
INSERT INTO `t_behavior_log` VALUES ('5948', '/user/refreshToken', '2019-08-27 11:15:47', '', '');
INSERT INTO `t_behavior_log` VALUES ('5949', '/internationalize/initInternationalization', '2019-08-27 11:15:46', '', '');
INSERT INTO `t_behavior_log` VALUES ('5950', '/msg/queryUserMsg', '2019-08-27 11:15:48', '系统管理员', '1');
INSERT INTO `t_behavior_log` VALUES ('5951', '/tree/getTreeList', '2019-08-27 11:15:50', '系统管理员', '1');
INSERT INTO `t_behavior_log` VALUES ('5952', '/tree/queryTreeButtonList', '2019-08-27 11:15:51', '系统管理员', '1');
INSERT INTO `t_behavior_log` VALUES ('5953', '/tree/getTreeByTreeId', '2019-08-27 11:15:53', '系统管理员', '1');
INSERT INTO `t_behavior_log` VALUES ('5954', '/tree/checkTreeCode', '2019-08-27 11:16:04', '系统管理员', '1');
INSERT INTO `t_behavior_log` VALUES ('5955', '/tree/checkTreeCode', '2019-08-27 11:16:04', '系统管理员', '1');
INSERT INTO `t_behavior_log` VALUES ('5956', '/tree/updateTree', '2019-08-27 11:16:05', '系统管理员', '1');
INSERT INTO `t_behavior_log` VALUES ('5957', '/tree/getTreeList', '2019-08-27 11:16:05', '系统管理员', '1');
INSERT INTO `t_behavior_log` VALUES ('5958', '/internationalize/initInternationalization', '2019-08-27 11:16:10', '', '');
INSERT INTO `t_behavior_log` VALUES ('5959', '/tree/getTreeList', '2019-08-27 11:16:11', '系统管理员', '1');
INSERT INTO `t_behavior_log` VALUES ('5960', '/msg/queryUserMsg', '2019-08-27 11:16:11', '系统管理员', '1');
INSERT INTO `t_behavior_log` VALUES ('5961', '/user/login', '2019-08-27 11:16:17', '', '');
INSERT INTO `t_behavior_log` VALUES ('5962', '/user/getUserInfo', '2019-08-27 11:16:19', '', '');
INSERT INTO `t_behavior_log` VALUES ('5963', '/msg/queryUserMsg', '2019-08-27 11:16:19', '系统管理员', '1');
INSERT INTO `t_behavior_log` VALUES ('5964', '/tTest/queryTTestList', '2019-08-27 11:16:22', '系统管理员', '1');
INSERT INTO `t_behavior_log` VALUES ('5965', '/internationalize/initInternationalization', '2019-08-27 13:53:34', '', '');
INSERT INTO `t_behavior_log` VALUES ('5966', '/user/login', '2019-08-27 13:53:40', '', '');
INSERT INTO `t_behavior_log` VALUES ('5967', '/user/getUserInfo', '2019-08-27 13:53:43', '', '');
INSERT INTO `t_behavior_log` VALUES ('5968', '/msg/queryUserMsg', '2019-08-27 13:53:44', '系统管理员', '1');
INSERT INTO `t_behavior_log` VALUES ('5969', '/tree/getTreeList', '2019-08-27 13:53:47', '系统管理员', '1');
INSERT INTO `t_behavior_log` VALUES ('5970', '/language/queryLanguageList', '2019-08-27 13:53:49', '系统管理员', '1');
INSERT INTO `t_behavior_log` VALUES ('5971', '/internationalization/getLanguage', '2019-08-27 13:53:51', '系统管理员', '1');
INSERT INTO `t_behavior_log` VALUES ('5972', '/internationalization/getLanguage', '2019-08-27 13:53:51', '系统管理员', '1');
INSERT INTO `t_behavior_log` VALUES ('5973', '/internationalization/getLanguage', '2019-08-27 13:53:52', '系统管理员', '1');
INSERT INTO `t_behavior_log` VALUES ('5974', '/internationalization/getInternationalizationTree', '2019-08-27 13:53:52', '系统管理员', '1');
INSERT INTO `t_behavior_log` VALUES ('5975', '/internationalization/getInternationalizationById', '2019-08-27 13:53:54', '系统管理员', '1');
INSERT INTO `t_behavior_log` VALUES ('5976', '/internationalization/getInternationalizationById', '2019-08-27 13:53:56', '系统管理员', '1');
INSERT INTO `t_behavior_log` VALUES ('5977', '/internationalization/getInternationalizationById', '2019-08-27 13:53:58', '系统管理员', '1');
INSERT INTO `t_behavior_log` VALUES ('5978', '/internationalization/updateInternationalize', '2019-08-27 13:54:21', '系统管理员', '1');
INSERT INTO `t_behavior_log` VALUES ('5979', '/internationalization/getInternationalizationById', '2019-08-27 13:54:23', '系统管理员', '1');
INSERT INTO `t_behavior_log` VALUES ('5980', '/internationalization/getInternationalizationById', '2019-08-27 13:54:26', '系统管理员', '1');
INSERT INTO `t_behavior_log` VALUES ('5981', '/internationalization/addInternationalize', '2019-08-27 13:56:39', '系统管理员', '1');
INSERT INTO `t_behavior_log` VALUES ('5982', '/user/refreshToken', '2019-08-27 15:04:14', '', '');
INSERT INTO `t_behavior_log` VALUES ('5983', '/user/refreshToken', '2019-08-27 15:04:14', '', '');
INSERT INTO `t_behavior_log` VALUES ('5984', '/user/refreshToken', '2019-08-27 15:04:14', '', '');
INSERT INTO `t_behavior_log` VALUES ('5985', '/user/refreshToken', '2019-08-27 15:04:14', '', '');
INSERT INTO `t_behavior_log` VALUES ('5986', '/user/refreshToken', '2019-08-27 15:04:14', '', '');
INSERT INTO `t_behavior_log` VALUES ('5987', '/user/refreshToken', '2019-08-27 15:04:14', '', '');
INSERT INTO `t_behavior_log` VALUES ('5988', '/user/refreshToken', '2019-08-27 15:04:16', '', '');
INSERT INTO `t_behavior_log` VALUES ('5989', '/user/refreshToken', '2019-08-27 15:04:16', '', '');
INSERT INTO `t_behavior_log` VALUES ('5990', '/user/refreshToken', '2019-08-27 15:04:16', '', '');
INSERT INTO `t_behavior_log` VALUES ('5991', '/user/refreshToken', '2019-08-27 15:04:16', '', '');
INSERT INTO `t_behavior_log` VALUES ('5992', '/user/refreshToken', '2019-08-27 15:04:16', '', '');
INSERT INTO `t_behavior_log` VALUES ('5993', '/user/refreshToken', '2019-08-27 15:04:16', '', '');
INSERT INTO `t_behavior_log` VALUES ('5994', '/msg/queryUserMsg', '2019-08-27 15:04:17', '系统管理员', '1');
INSERT INTO `t_behavior_log` VALUES ('5995', '/internationalization/getInternationalizationTree', '2019-08-27 15:04:17', '系统管理员', '1');
INSERT INTO `t_behavior_log` VALUES ('5996', '/internationalization/getLanguage', '2019-08-27 15:04:17', '系统管理员', '1');
INSERT INTO `t_behavior_log` VALUES ('5997', '/internationalization/getLanguage', '2019-08-27 15:04:17', '系统管理员', '1');
INSERT INTO `t_behavior_log` VALUES ('5998', '/internationalization/getLanguage', '2019-08-27 15:04:17', '系统管理员', '1');
INSERT INTO `t_behavior_log` VALUES ('5999', '/user/login', '2019-08-27 15:04:18', '', '');
INSERT INTO `t_behavior_log` VALUES ('6000', '/user/getUserInfo', '2019-08-27 15:04:20', '', '');
INSERT INTO `t_behavior_log` VALUES ('6001', '/msg/queryUserMsg', '2019-08-27 15:04:20', '系统管理员', '1');
INSERT INTO `t_behavior_log` VALUES ('6002', '/dict/queryDictList', '2019-08-27 15:04:24', '系统管理员', '1');
INSERT INTO `t_behavior_log` VALUES ('6003', '/internationalization/getLanguage', '2019-08-27 15:04:29', '系统管理员', '1');
INSERT INTO `t_behavior_log` VALUES ('6004', '/internationalization/getInternationalizationTree', '2019-08-27 15:04:29', '系统管理员', '1');
INSERT INTO `t_behavior_log` VALUES ('6005', '/internationalization/getLanguage', '2019-08-27 15:04:29', '系统管理员', '1');
INSERT INTO `t_behavior_log` VALUES ('6006', '/internationalization/getLanguage', '2019-08-27 15:04:29', '系统管理员', '1');
INSERT INTO `t_behavior_log` VALUES ('6007', '/internationalization/getInternationalizationById', '2019-08-27 15:04:33', '系统管理员', '1');
INSERT INTO `t_behavior_log` VALUES ('6008', '/internationalization/getInternationalizationById', '2019-08-27 15:04:34', '系统管理员', '1');
INSERT INTO `t_behavior_log` VALUES ('6009', '/internationalization/updateInternationalize', '2019-08-27 15:04:38', '系统管理员', '1');
INSERT INTO `t_behavior_log` VALUES ('6010', '/internationalization/getLanguage', '2019-08-27 15:04:44', '系统管理员', '1');
INSERT INTO `t_behavior_log` VALUES ('6011', '/internationalization/getLanguage', '2019-08-27 15:04:44', '系统管理员', '1');
INSERT INTO `t_behavior_log` VALUES ('6012', '/internationalization/getLanguage', '2019-08-27 15:04:44', '系统管理员', '1');
INSERT INTO `t_behavior_log` VALUES ('6013', '/internationalization/getInternationalizationTree', '2019-08-27 15:04:44', '系统管理员', '1');
INSERT INTO `t_behavior_log` VALUES ('6014', '/msg/queryUserMsg', '2019-08-27 15:04:44', '系统管理员', '1');
INSERT INTO `t_behavior_log` VALUES ('6015', '/dict/queryDictList', '2019-08-27 15:04:45', '系统管理员', '1');
INSERT INTO `t_behavior_log` VALUES ('6016', '/dict/queryDictList', '2019-08-27 15:05:02', '系统管理员', '1');
INSERT INTO `t_behavior_log` VALUES ('6017', '/msg/queryUserMsg', '2019-08-27 15:05:02', '系统管理员', '1');
INSERT INTO `t_behavior_log` VALUES ('6018', '/tree/getTreeList', '2019-08-27 15:05:13', '系统管理员', '1');
INSERT INTO `t_behavior_log` VALUES ('6019', '/tree/queryTreeButtonList', '2019-08-27 15:05:15', '系统管理员', '1');
INSERT INTO `t_behavior_log` VALUES ('6020', '/tree/getTreeByTreeId', '2019-08-27 15:05:15', '系统管理员', '1');
INSERT INTO `t_behavior_log` VALUES ('6021', '/tree/queryTreeButtonList', '2019-08-27 15:05:22', '系统管理员', '1');
INSERT INTO `t_behavior_log` VALUES ('6022', '/tree/getTreeByTreeId', '2019-08-27 15:05:23', '系统管理员', '1');
INSERT INTO `t_behavior_log` VALUES ('6023', '/tree/getTreeByTreeId', '2019-08-27 15:05:26', '系统管理员', '1');
INSERT INTO `t_behavior_log` VALUES ('6024', '/internationalization/initInternationalization', '2019-08-27 15:10:24', '', '');
INSERT INTO `t_behavior_log` VALUES ('6025', '/tree/getTreeList', '2019-08-27 15:10:25', '系统管理员', '1');
INSERT INTO `t_behavior_log` VALUES ('6026', '/msg/queryUserMsg', '2019-08-27 15:10:25', '系统管理员', '1');
INSERT INTO `t_behavior_log` VALUES ('6027', '/dict/queryDictList', '2019-08-27 15:10:31', '系统管理员', '1');
INSERT INTO `t_behavior_log` VALUES ('6028', '/internationalization/initInternationalization', '2019-08-27 15:12:40', '', '');
INSERT INTO `t_behavior_log` VALUES ('6029', '/msg/queryUserMsg', '2019-08-27 15:12:46', '系统管理员', '1');
INSERT INTO `t_behavior_log` VALUES ('6030', '/dict/queryDictList', '2019-08-27 15:12:46', '系统管理员', '1');
INSERT INTO `t_behavior_log` VALUES ('6031', '/internationalization/initInternationalization', '2019-08-27 15:19:23', '', '');
INSERT INTO `t_behavior_log` VALUES ('6032', '/msg/queryUserMsg', '2019-08-27 15:19:23', '系统管理员', '1');
INSERT INTO `t_behavior_log` VALUES ('6033', '/dict/queryDictList', '2019-08-27 15:19:23', '系统管理员', '1');
INSERT INTO `t_behavior_log` VALUES ('6034', '/internationalization/initInternationalization', '2019-08-27 15:19:55', '', '');
INSERT INTO `t_behavior_log` VALUES ('6035', '/dict/queryDictList', '2019-08-27 15:19:57', '系统管理员', '1');
INSERT INTO `t_behavior_log` VALUES ('6036', '/msg/queryUserMsg', '2019-08-27 15:19:57', '系统管理员', '1');
INSERT INTO `t_behavior_log` VALUES ('6037', '/internationalization/initInternationalization', '2019-08-27 15:26:39', '', '');
INSERT INTO `t_behavior_log` VALUES ('6038', '/dict/queryDictList', '2019-08-27 15:26:40', '系统管理员', '1');
INSERT INTO `t_behavior_log` VALUES ('6039', '/msg/queryUserMsg', '2019-08-27 15:26:40', '系统管理员', '1');
INSERT INTO `t_behavior_log` VALUES ('6040', '/internationalization/getLanguage', '2019-08-27 15:27:05', '系统管理员', '1');
INSERT INTO `t_behavior_log` VALUES ('6041', '/internationalization/getLanguage', '2019-08-27 15:27:05', '系统管理员', '1');
INSERT INTO `t_behavior_log` VALUES ('6042', '/internationalization/getLanguage', '2019-08-27 15:27:05', '系统管理员', '1');
INSERT INTO `t_behavior_log` VALUES ('6043', '/internationalization/getInternationalizationTree', '2019-08-27 15:27:05', '系统管理员', '1');
INSERT INTO `t_behavior_log` VALUES ('6044', '/internationalization/getInternationalizationById', '2019-08-27 15:27:08', '系统管理员', '1');
INSERT INTO `t_behavior_log` VALUES ('6045', '/language/queryLanguageList', '2019-08-27 15:27:11', '系统管理员', '1');
INSERT INTO `t_behavior_log` VALUES ('6046', '/language/deleteLanguage', '2019-08-27 15:27:14', '系统管理员', '1');
INSERT INTO `t_behavior_log` VALUES ('6047', '/language/queryLanguageList', '2019-08-27 15:27:15', '系统管理员', '1');
INSERT INTO `t_behavior_log` VALUES ('6048', '/internationalization/initInternationalization', '2019-08-27 15:27:20', '', '');
INSERT INTO `t_behavior_log` VALUES ('6049', '/language/queryLanguageList', '2019-08-27 15:27:22', '系统管理员', '1');
INSERT INTO `t_behavior_log` VALUES ('6050', '/msg/queryUserMsg', '2019-08-27 15:27:22', '系统管理员', '1');
INSERT INTO `t_behavior_log` VALUES ('6051', '/internationalization/getLanguage', '2019-08-27 15:28:52', '系统管理员', '1');
INSERT INTO `t_behavior_log` VALUES ('6052', '/internationalization/getLanguage', '2019-08-27 15:28:52', '系统管理员', '1');
INSERT INTO `t_behavior_log` VALUES ('6053', '/internationalization/getInternationalizationTree', '2019-08-27 15:28:52', '系统管理员', '1');
INSERT INTO `t_behavior_log` VALUES ('6054', '/internationalization/getLanguage', '2019-08-27 15:28:52', '系统管理员', '1');
INSERT INTO `t_behavior_log` VALUES ('6055', '/internationalization/getInternationalizationById', '2019-08-27 15:28:55', '系统管理员', '1');
INSERT INTO `t_behavior_log` VALUES ('6056', '/internationalization/getInternationalizationById', '2019-08-27 15:28:58', '系统管理员', '1');
INSERT INTO `t_behavior_log` VALUES ('6057', '/internationalization/updateInternationalize', '2019-08-27 15:29:04', '系统管理员', '1');
INSERT INTO `t_behavior_log` VALUES ('6058', '/internationalization/getInternationalizationById', '2019-08-27 15:29:07', '系统管理员', '1');
INSERT INTO `t_behavior_log` VALUES ('6059', '/internationalization/addInternationalize', '2019-08-27 15:29:35', '系统管理员', '1');
INSERT INTO `t_behavior_log` VALUES ('6060', '/internationalization/addInternationalize', '2019-08-27 15:30:15', '系统管理员', '1');
INSERT INTO `t_behavior_log` VALUES ('6061', '/internationalization/addInternationalize', '2019-08-27 15:33:26', '系统管理员', '1');
INSERT INTO `t_behavior_log` VALUES ('6062', '/internationalization/getInternationalizationById', '2019-08-27 15:33:38', '系统管理员', '1');
INSERT INTO `t_behavior_log` VALUES ('6063', '/internationalization/getInternationalizationById', '2019-08-27 15:33:39', '系统管理员', '1');
INSERT INTO `t_behavior_log` VALUES ('6064', '/internationalization/updateInternationalize', '2019-08-27 15:33:49', '系统管理员', '1');
INSERT INTO `t_behavior_log` VALUES ('6065', '/internationalization/getInternationalizationById', '2019-08-27 15:33:53', '系统管理员', '1');
INSERT INTO `t_behavior_log` VALUES ('6066', '/internationalization/addInternationalize', '2019-08-27 15:34:23', '系统管理员', '1');
INSERT INTO `t_behavior_log` VALUES ('6067', '/internationalization/getInternationalizationById', '2019-08-27 15:41:39', '系统管理员', '1');
INSERT INTO `t_behavior_log` VALUES ('6068', '/internationalization/addInternationalize', '2019-08-27 15:42:16', '系统管理员', '1');
INSERT INTO `t_behavior_log` VALUES ('6069', '/internationalization/addInternationalize', '2019-08-27 15:42:53', '系统管理员', '1');
INSERT INTO `t_behavior_log` VALUES ('6070', '/internationalization/addInternationalize', '2019-08-27 15:43:21', '系统管理员', '1');
INSERT INTO `t_behavior_log` VALUES ('6071', '/internationalization/addInternationalize', '2019-08-27 15:43:53', '系统管理员', '1');
INSERT INTO `t_behavior_log` VALUES ('6072', '/internationalization/addInternationalize', '2019-08-27 15:44:24', '系统管理员', '1');
INSERT INTO `t_behavior_log` VALUES ('6073', '/internationalization/getInternationalizationById', '2019-08-27 15:44:25', '系统管理员', '1');
INSERT INTO `t_behavior_log` VALUES ('6074', '/internationalization/addInternationalize', '2019-08-27 15:44:42', '系统管理员', '1');
INSERT INTO `t_behavior_log` VALUES ('6075', '/internationalization/addInternationalize', '2019-08-27 15:45:11', '系统管理员', '1');
INSERT INTO `t_behavior_log` VALUES ('6076', '/internationalization/getInternationalizationById', '2019-08-27 15:45:18', '系统管理员', '1');
INSERT INTO `t_behavior_log` VALUES ('6077', '/internationalization/getInternationalizationById', '2019-08-27 15:45:18', '系统管理员', '1');
INSERT INTO `t_behavior_log` VALUES ('6078', '/internationalization/updateInternationalize', '2019-08-27 15:45:22', '系统管理员', '1');
INSERT INTO `t_behavior_log` VALUES ('6079', '/internationalization/getInternationalizationById', '2019-08-27 15:45:23', '系统管理员', '1');
INSERT INTO `t_behavior_log` VALUES ('6080', '/internationalization/getInternationalizationById', '2019-08-27 15:45:25', '系统管理员', '1');
INSERT INTO `t_behavior_log` VALUES ('6081', '/internationalization/updateInternationalize', '2019-08-27 15:45:28', '系统管理员', '1');
INSERT INTO `t_behavior_log` VALUES ('6082', '/internationalization/getInternationalizationById', '2019-08-27 15:45:29', '系统管理员', '1');
INSERT INTO `t_behavior_log` VALUES ('6083', '/internationalization/addInternationalize', '2019-08-27 15:45:57', '系统管理员', '1');
INSERT INTO `t_behavior_log` VALUES ('6084', '/internationalization/addInternationalize', '2019-08-27 15:46:17', '系统管理员', '1');
INSERT INTO `t_behavior_log` VALUES ('6085', '/internationalization/addInternationalize', '2019-08-27 15:46:33', '系统管理员', '1');
INSERT INTO `t_behavior_log` VALUES ('6086', '/internationalization/getInternationalizationById', '2019-08-27 15:46:36', '系统管理员', '1');
INSERT INTO `t_behavior_log` VALUES ('6087', '/internationalization/initInternationalization', '2019-08-27 17:04:33', '', '');
INSERT INTO `t_behavior_log` VALUES ('6088', '/user/refreshToken', '2019-08-27 17:04:34', '', '');
INSERT INTO `t_behavior_log` VALUES ('6089', '/user/refreshToken', '2019-08-27 17:04:34', '', '');
INSERT INTO `t_behavior_log` VALUES ('6090', '/user/refreshToken', '2019-08-27 17:04:34', '', '');
INSERT INTO `t_behavior_log` VALUES ('6091', '/user/refreshToken', '2019-08-27 17:04:34', '', '');
INSERT INTO `t_behavior_log` VALUES ('6092', '/user/refreshToken', '2019-08-27 17:04:34', '', '');
INSERT INTO `t_behavior_log` VALUES ('6093', '/user/login', '2019-08-27 17:04:44', '', '');
INSERT INTO `t_behavior_log` VALUES ('6094', '/user/getUserInfo', '2019-08-27 17:04:46', '', '');
INSERT INTO `t_behavior_log` VALUES ('6095', '/msg/queryUserMsg', '2019-08-27 17:04:46', '系统管理员', '1');
INSERT INTO `t_behavior_log` VALUES ('6096', '/internationalization/getLanguage', '2019-08-27 17:04:48', '系统管理员', '1');
INSERT INTO `t_behavior_log` VALUES ('6097', '/internationalization/getLanguage', '2019-08-27 17:04:48', '系统管理员', '1');
INSERT INTO `t_behavior_log` VALUES ('6098', '/internationalization/getLanguage', '2019-08-27 17:04:48', '系统管理员', '1');
INSERT INTO `t_behavior_log` VALUES ('6099', '/internationalization/getInternationalizationTree', '2019-08-27 17:04:48', '系统管理员', '1');
INSERT INTO `t_behavior_log` VALUES ('6100', '/internationalization/getInternationalizationById', '2019-08-27 17:04:53', '系统管理员', '1');
INSERT INTO `t_behavior_log` VALUES ('6101', '/internationalization/addInternationalize', '2019-08-27 17:05:14', '系统管理员', '1');
INSERT INTO `t_behavior_log` VALUES ('6102', '/internationalization/addInternationalize', '2019-08-27 17:05:47', '系统管理员', '1');
INSERT INTO `t_behavior_log` VALUES ('6103', '/internationalization/addInternationalize', '2019-08-27 17:06:18', '系统管理员', '1');
INSERT INTO `t_behavior_log` VALUES ('6104', '/internationalization/addInternationalize', '2019-08-27 17:06:59', '系统管理员', '1');
INSERT INTO `t_behavior_log` VALUES ('6105', '/internationalization/addInternationalize', '2019-08-27 17:07:32', '系统管理员', '1');
INSERT INTO `t_behavior_log` VALUES ('6106', '/internationalization/addInternationalize', '2019-08-27 17:08:20', '系统管理员', '1');
INSERT INTO `t_behavior_log` VALUES ('6107', '/internationalization/addInternationalize', '2019-08-27 17:08:53', '系统管理员', '1');
INSERT INTO `t_behavior_log` VALUES ('6108', '/internationalization/getInternationalizationById', '2019-08-27 17:08:54', '系统管理员', '1');
INSERT INTO `t_behavior_log` VALUES ('6109', '/internationalization/getInternationalizationById', '2019-08-27 17:08:55', '系统管理员', '1');
INSERT INTO `t_behavior_log` VALUES ('6110', '/internationalization/getInternationalizationById', '2019-08-27 17:08:58', '系统管理员', '1');
INSERT INTO `t_behavior_log` VALUES ('6111', '/internationalization/addInternationalize', '2019-08-27 17:09:24', '系统管理员', '1');
INSERT INTO `t_behavior_log` VALUES ('6112', '/internationalization/addInternationalize', '2019-08-27 17:09:58', '系统管理员', '1');
INSERT INTO `t_behavior_log` VALUES ('6113', '/internationalization/addInternationalize', '2019-08-27 17:11:46', '系统管理员', '1');
INSERT INTO `t_behavior_log` VALUES ('6114', '/internationalization/addInternationalize', '2019-08-27 17:12:21', '系统管理员', '1');
INSERT INTO `t_behavior_log` VALUES ('6115', '/internationalization/addInternationalize', '2019-08-27 17:12:51', '系统管理员', '1');
INSERT INTO `t_behavior_log` VALUES ('6116', '/internationalization/addInternationalize', '2019-08-27 17:13:25', '系统管理员', '1');
INSERT INTO `t_behavior_log` VALUES ('6117', '/internationalization/addInternationalize', '2019-08-27 17:13:55', '系统管理员', '1');
INSERT INTO `t_behavior_log` VALUES ('6118', '/internationalization/addInternationalize', '2019-08-27 17:14:39', '系统管理员', '1');
INSERT INTO `t_behavior_log` VALUES ('6119', '/internationalization/addInternationalize', '2019-08-27 17:15:23', '系统管理员', '1');
INSERT INTO `t_behavior_log` VALUES ('6120', '/internationalization/addInternationalize', '2019-08-27 17:15:56', '系统管理员', '1');
INSERT INTO `t_behavior_log` VALUES ('6121', '/internationalization/getInternationalizationById', '2019-08-27 17:15:58', '系统管理员', '1');
INSERT INTO `t_behavior_log` VALUES ('6122', '/internationalization/getInternationalizationById', '2019-08-27 17:16:00', '系统管理员', '1');
INSERT INTO `t_behavior_log` VALUES ('6123', '/internationalization/updateInternationalize', '2019-08-27 17:16:05', '系统管理员', '1');
INSERT INTO `t_behavior_log` VALUES ('6124', '/internationalization/getInternationalizationById', '2019-08-27 17:16:07', '系统管理员', '1');
INSERT INTO `t_behavior_log` VALUES ('6125', '/internationalization/addInternationalize', '2019-08-27 17:16:37', '系统管理员', '1');
INSERT INTO `t_behavior_log` VALUES ('6126', '/internationalization/addInternationalize', '2019-08-27 17:17:23', '系统管理员', '1');
INSERT INTO `t_behavior_log` VALUES ('6127', '/internationalization/addInternationalize', '2019-08-27 17:17:55', '系统管理员', '1');
INSERT INTO `t_behavior_log` VALUES ('6128', '/internationalization/addInternationalize', '2019-08-27 17:18:23', '系统管理员', '1');
INSERT INTO `t_behavior_log` VALUES ('6129', '/internationalization/addInternationalize', '2019-08-27 17:19:06', '系统管理员', '1');
INSERT INTO `t_behavior_log` VALUES ('6130', '/internationalization/addInternationalize', '2019-08-27 17:19:32', '系统管理员', '1');
INSERT INTO `t_behavior_log` VALUES ('6131', '/internationalization/getInternationalizationById', '2019-08-27 17:19:39', '系统管理员', '1');
INSERT INTO `t_behavior_log` VALUES ('6132', '/internationalization/addInternationalize', '2019-08-27 17:20:08', '系统管理员', '1');
INSERT INTO `t_behavior_log` VALUES ('6133', '/internationalization/getInternationalizationById', '2019-08-27 17:20:09', '系统管理员', '1');
INSERT INTO `t_behavior_log` VALUES ('6134', '/internationalization/initInternationalization', '2019-08-28 14:11:38', '', '');
INSERT INTO `t_behavior_log` VALUES ('6135', '/user/login', '2019-08-28 14:11:40', '', '');
INSERT INTO `t_behavior_log` VALUES ('6136', '/user/getUserInfo', '2019-08-28 14:11:42', '', '');
INSERT INTO `t_behavior_log` VALUES ('6137', '/msg/queryUserMsg', '2019-08-28 14:11:43', '系统管理员', '1');
INSERT INTO `t_behavior_log` VALUES ('6138', '/internationalization/getLanguage', '2019-08-28 14:11:45', '系统管理员', '1');
INSERT INTO `t_behavior_log` VALUES ('6139', '/internationalization/getLanguage', '2019-08-28 14:11:45', '系统管理员', '1');
INSERT INTO `t_behavior_log` VALUES ('6140', '/internationalization/getInternationalizationTree', '2019-08-28 14:11:45', '系统管理员', '1');
INSERT INTO `t_behavior_log` VALUES ('6141', '/internationalization/getLanguage', '2019-08-28 14:11:45', '系统管理员', '1');
INSERT INTO `t_behavior_log` VALUES ('6142', '/internationalization/getInternationalizationById', '2019-08-28 14:11:49', '系统管理员', '1');
INSERT INTO `t_behavior_log` VALUES ('6143', '/internationalization/addInternationalize', '2019-08-28 14:12:05', '系统管理员', '1');
INSERT INTO `t_behavior_log` VALUES ('6144', '/internationalization/getInternationalizationById', '2019-08-28 14:12:07', '系统管理员', '1');
INSERT INTO `t_behavior_log` VALUES ('6145', '/internationalization/addInternationalize', '2019-08-28 14:12:37', '系统管理员', '1');
INSERT INTO `t_behavior_log` VALUES ('6146', '/internationalization/addInternationalize', '2019-08-28 14:13:38', '系统管理员', '1');
INSERT INTO `t_behavior_log` VALUES ('6147', '/internationalization/addInternationalize', '2019-08-28 14:14:22', '系统管理员', '1');
INSERT INTO `t_behavior_log` VALUES ('6148', '/internationalization/addInternationalize', '2019-08-28 14:14:55', '系统管理员', '1');
INSERT INTO `t_behavior_log` VALUES ('6149', '/internationalization/getInternationalizationById', '2019-08-28 14:14:56', '系统管理员', '1');
INSERT INTO `t_behavior_log` VALUES ('6150', '/internationalization/getInternationalizationById', '2019-08-28 14:14:57', '系统管理员', '1');
INSERT INTO `t_behavior_log` VALUES ('6151', '/internationalization/updateInternationalize', '2019-08-28 14:15:03', '系统管理员', '1');
INSERT INTO `t_behavior_log` VALUES ('6152', '/internationalization/getInternationalizationById', '2019-08-28 14:15:07', '系统管理员', '1');
INSERT INTO `t_behavior_log` VALUES ('6153', '/internationalization/addInternationalize', '2019-08-28 14:15:56', '系统管理员', '1');
INSERT INTO `t_behavior_log` VALUES ('6154', '/internationalization/addInternationalize', '2019-08-28 14:16:31', '系统管理员', '1');
INSERT INTO `t_behavior_log` VALUES ('6155', '/internationalization/addInternationalize', '2019-08-28 14:17:06', '系统管理员', '1');
INSERT INTO `t_behavior_log` VALUES ('6156', '/internationalization/addInternationalize', '2019-08-28 14:17:44', '系统管理员', '1');
INSERT INTO `t_behavior_log` VALUES ('6157', '/internationalization/addInternationalize', '2019-08-28 14:18:18', '系统管理员', '1');
INSERT INTO `t_behavior_log` VALUES ('6158', '/internationalization/addInternationalize', '2019-08-28 14:18:55', '系统管理员', '1');
INSERT INTO `t_behavior_log` VALUES ('6159', '/internationalization/addInternationalize', '2019-08-28 14:19:24', '系统管理员', '1');
INSERT INTO `t_behavior_log` VALUES ('6160', '/internationalization/addInternationalize', '2019-08-28 14:20:06', '系统管理员', '1');
INSERT INTO `t_behavior_log` VALUES ('6161', '/internationalization/addInternationalize', '2019-08-28 14:20:38', '系统管理员', '1');
INSERT INTO `t_behavior_log` VALUES ('6162', '/internationalization/addInternationalize', '2019-08-28 14:21:09', '系统管理员', '1');
INSERT INTO `t_behavior_log` VALUES ('6163', '/internationalization/addInternationalize', '2019-08-28 14:21:45', '系统管理员', '1');
INSERT INTO `t_behavior_log` VALUES ('6164', '/internationalization/addInternationalize', '2019-08-28 14:22:12', '系统管理员', '1');
INSERT INTO `t_behavior_log` VALUES ('6165', '/language/queryLanguageList', '2019-08-28 14:22:17', '系统管理员', '1');
INSERT INTO `t_behavior_log` VALUES ('6166', '/internationalization/getLanguage', '2019-08-28 14:22:18', '系统管理员', '1');
INSERT INTO `t_behavior_log` VALUES ('6167', '/internationalization/getLanguage', '2019-08-28 14:22:18', '系统管理员', '1');
INSERT INTO `t_behavior_log` VALUES ('6168', '/internationalization/getInternationalizationTree', '2019-08-28 14:22:18', '系统管理员', '1');
INSERT INTO `t_behavior_log` VALUES ('6169', '/internationalization/getLanguage', '2019-08-28 14:22:18', '系统管理员', '1');
INSERT INTO `t_behavior_log` VALUES ('6170', '/internationalization/getInternationalizationById', '2019-08-28 14:22:22', '系统管理员', '1');
INSERT INTO `t_behavior_log` VALUES ('6171', '/internationalization/getInternationalizationById', '2019-08-28 14:22:23', '系统管理员', '1');
INSERT INTO `t_behavior_log` VALUES ('6172', '/internationalization/getInternationalizationById', '2019-08-28 14:22:23', '系统管理员', '1');
INSERT INTO `t_behavior_log` VALUES ('6173', '/internationalization/getInternationalizationById', '2019-08-28 14:22:24', '系统管理员', '1');
INSERT INTO `t_behavior_log` VALUES ('6174', '/internationalization/getInternationalizationById', '2019-08-28 14:22:25', '系统管理员', '1');
INSERT INTO `t_behavior_log` VALUES ('6175', '/internationalization/getInternationalizationById', '2019-08-28 14:22:26', '系统管理员', '1');
INSERT INTO `t_behavior_log` VALUES ('6176', '/internationalization/getInternationalizationById', '2019-08-28 14:22:38', '系统管理员', '1');
INSERT INTO `t_behavior_log` VALUES ('6177', '/internationalization/getInternationalizationById', '2019-08-28 14:22:40', '系统管理员', '1');
INSERT INTO `t_behavior_log` VALUES ('6178', '/internationalization/getInternationalizationById', '2019-08-28 14:22:55', '系统管理员', '1');
INSERT INTO `t_behavior_log` VALUES ('6179', '/internationalization/addInternationalize', '2019-08-28 14:23:45', '系统管理员', '1');
INSERT INTO `t_behavior_log` VALUES ('6180', '/internationalization/addInternationalize', '2019-08-28 14:24:15', '系统管理员', '1');
INSERT INTO `t_behavior_log` VALUES ('6181', '/internationalization/addInternationalize', '2019-08-28 14:24:50', '系统管理员', '1');
INSERT INTO `t_behavior_log` VALUES ('6182', '/internationalization/addInternationalize', '2019-08-28 14:25:22', '系统管理员', '1');
INSERT INTO `t_behavior_log` VALUES ('6183', '/internationalization/addInternationalize', '2019-08-28 14:25:54', '系统管理员', '1');
INSERT INTO `t_behavior_log` VALUES ('6184', '/internationalization/addInternationalize', '2019-08-28 14:26:25', '系统管理员', '1');
INSERT INTO `t_behavior_log` VALUES ('6185', '/internationalization/addInternationalize', '2019-08-28 14:26:59', '系统管理员', '1');
INSERT INTO `t_behavior_log` VALUES ('6186', '/internationalization/addInternationalize', '2019-08-28 14:27:36', '系统管理员', '1');
INSERT INTO `t_behavior_log` VALUES ('6187', '/internationalization/addInternationalize', '2019-08-28 14:28:13', '系统管理员', '1');
INSERT INTO `t_behavior_log` VALUES ('6188', '/internationalization/addInternationalize', '2019-08-28 14:28:43', '系统管理员', '1');
INSERT INTO `t_behavior_log` VALUES ('6189', '/internationalization/addInternationalize', '2019-08-28 14:29:16', '系统管理员', '1');
INSERT INTO `t_behavior_log` VALUES ('6190', '/internationalization/addInternationalize', '2019-08-28 14:29:42', '系统管理员', '1');
INSERT INTO `t_behavior_log` VALUES ('6191', '/internationalization/getInternationalizationById', '2019-08-28 14:29:44', '系统管理员', '1');
INSERT INTO `t_behavior_log` VALUES ('6192', '/internationalization/addInternationalize', '2019-08-28 14:30:05', '系统管理员', '1');
INSERT INTO `t_behavior_log` VALUES ('6193', '/internationalization/addInternationalize', '2019-08-28 14:30:26', '系统管理员', '1');
INSERT INTO `t_behavior_log` VALUES ('6194', '/internationalization/addInternationalize', '2019-08-28 14:30:46', '系统管理员', '1');
INSERT INTO `t_behavior_log` VALUES ('6195', '/internationalization/addInternationalize', '2019-08-28 14:31:07', '系统管理员', '1');
INSERT INTO `t_behavior_log` VALUES ('6196', '/internationalization/getInternationalizationById', '2019-08-28 14:31:09', '系统管理员', '1');
INSERT INTO `t_behavior_log` VALUES ('6197', '/internationalization/addInternationalize', '2019-08-28 14:31:41', '系统管理员', '1');
INSERT INTO `t_behavior_log` VALUES ('6198', '/internationalization/addInternationalize', '2019-08-28 14:32:05', '系统管理员', '1');
INSERT INTO `t_behavior_log` VALUES ('6199', '/internationalization/addInternationalize', '2019-08-28 14:32:32', '系统管理员', '1');
INSERT INTO `t_behavior_log` VALUES ('6200', '/internationalization/addInternationalize', '2019-08-28 14:33:01', '系统管理员', '1');
INSERT INTO `t_behavior_log` VALUES ('6201', '/internationalization/addInternationalize', '2019-08-28 14:33:33', '系统管理员', '1');
INSERT INTO `t_behavior_log` VALUES ('6202', '/internationalization/addInternationalize', '2019-08-28 14:34:05', '系统管理员', '1');
INSERT INTO `t_behavior_log` VALUES ('6203', '/internationalization/addInternationalize', '2019-08-28 14:34:44', '系统管理员', '1');
INSERT INTO `t_behavior_log` VALUES ('6204', '/internationalization/addInternationalize', '2019-08-28 14:35:20', '系统管理员', '1');
INSERT INTO `t_behavior_log` VALUES ('6205', '/internationalization/addInternationalize', '2019-08-28 14:35:49', '系统管理员', '1');
INSERT INTO `t_behavior_log` VALUES ('6206', '/internationalization/addInternationalize', '2019-08-28 14:36:18', '系统管理员', '1');
INSERT INTO `t_behavior_log` VALUES ('6207', '/internationalization/addInternationalize', '2019-08-28 14:36:49', '系统管理员', '1');
INSERT INTO `t_behavior_log` VALUES ('6208', '/internationalization/addInternationalize', '2019-08-28 14:37:24', '系统管理员', '1');
INSERT INTO `t_behavior_log` VALUES ('6209', '/internationalization/addInternationalize', '2019-08-28 14:37:55', '系统管理员', '1');
INSERT INTO `t_behavior_log` VALUES ('6210', '/internationalization/addInternationalize', '2019-08-28 14:38:23', '系统管理员', '1');
INSERT INTO `t_behavior_log` VALUES ('6211', '/internationalization/addInternationalize', '2019-08-28 14:38:53', '系统管理员', '1');
INSERT INTO `t_behavior_log` VALUES ('6212', '/internationalization/getInternationalizationById', '2019-08-28 14:42:28', '系统管理员', '1');
INSERT INTO `t_behavior_log` VALUES ('6213', '/internationalization/addInternationalize', '2019-08-28 14:42:49', '系统管理员', '1');
INSERT INTO `t_behavior_log` VALUES ('6214', '/internationalization/getInternationalizationById', '2019-08-28 14:42:50', '系统管理员', '1');
INSERT INTO `t_behavior_log` VALUES ('6215', '/internationalization/addInternationalize', '2019-08-28 14:43:15', '系统管理员', '1');
INSERT INTO `t_behavior_log` VALUES ('6216', '/internationalization/addInternationalize', '2019-08-28 14:43:46', '系统管理员', '1');
INSERT INTO `t_behavior_log` VALUES ('6217', '/internationalization/addInternationalize', '2019-08-28 14:44:19', '系统管理员', '1');
INSERT INTO `t_behavior_log` VALUES ('6218', '/internationalization/addInternationalize', '2019-08-28 14:44:59', '系统管理员', '1');
INSERT INTO `t_behavior_log` VALUES ('6219', '/internationalization/addInternationalize', '2019-08-28 14:45:31', '系统管理员', '1');
INSERT INTO `t_behavior_log` VALUES ('6220', '/internationalization/addInternationalize', '2019-08-28 14:46:01', '系统管理员', '1');
INSERT INTO `t_behavior_log` VALUES ('6221', '/internationalization/addInternationalize', '2019-08-28 14:46:34', '系统管理员', '1');
INSERT INTO `t_behavior_log` VALUES ('6222', '/internationalization/addInternationalize', '2019-08-28 14:47:02', '系统管理员', '1');
INSERT INTO `t_behavior_log` VALUES ('6223', '/internationalization/addInternationalize', '2019-08-28 14:47:37', '系统管理员', '1');
INSERT INTO `t_behavior_log` VALUES ('6224', '/internationalization/addInternationalize', '2019-08-28 14:48:03', '系统管理员', '1');
INSERT INTO `t_behavior_log` VALUES ('6225', '/internationalization/addInternationalize', '2019-08-28 14:48:27', '系统管理员', '1');
INSERT INTO `t_behavior_log` VALUES ('6226', '/internationalization/addInternationalize', '2019-08-28 14:49:04', '系统管理员', '1');
INSERT INTO `t_behavior_log` VALUES ('6227', '/internationalization/addInternationalize', '2019-08-28 14:49:21', '系统管理员', '1');
INSERT INTO `t_behavior_log` VALUES ('6228', '/internationalization/getInternationalizationById', '2019-08-28 14:49:22', '系统管理员', '1');
INSERT INTO `t_behavior_log` VALUES ('6229', '/internationalization/addInternationalize', '2019-08-28 14:49:43', '系统管理员', '1');
INSERT INTO `t_behavior_log` VALUES ('6230', '/internationalization/addInternationalize', '2019-08-28 14:50:04', '系统管理员', '1');
INSERT INTO `t_behavior_log` VALUES ('6231', '/internationalization/addInternationalize', '2019-08-28 14:50:32', '系统管理员', '1');
INSERT INTO `t_behavior_log` VALUES ('6232', '/internationalization/addInternationalize', '2019-08-28 14:50:54', '系统管理员', '1');
INSERT INTO `t_behavior_log` VALUES ('6233', '/internationalization/getInternationalizationById', '2019-08-28 14:50:56', '系统管理员', '1');
INSERT INTO `t_behavior_log` VALUES ('6234', '/internationalization/addInternationalize', '2019-08-28 14:52:30', '系统管理员', '1');
INSERT INTO `t_behavior_log` VALUES ('6235', '/internationalization/getInternationalizationById', '2019-08-28 14:52:31', '系统管理员', '1');
INSERT INTO `t_behavior_log` VALUES ('6236', '/internationalization/addInternationalize', '2019-08-28 14:52:50', '系统管理员', '1');
INSERT INTO `t_behavior_log` VALUES ('6237', '/internationalization/addInternationalize', '2019-08-28 14:53:13', '系统管理员', '1');
INSERT INTO `t_behavior_log` VALUES ('6238', '/internationalization/addInternationalize', '2019-08-28 14:53:56', '系统管理员', '1');
INSERT INTO `t_behavior_log` VALUES ('6239', '/internationalization/getInternationalizationById', '2019-08-28 14:53:58', '系统管理员', '1');
INSERT INTO `t_behavior_log` VALUES ('6240', '/internationalization/addInternationalize', '2019-08-28 14:55:22', '系统管理员', '1');
INSERT INTO `t_behavior_log` VALUES ('6241', '/internationalization/addInternationalize', '2019-08-28 14:55:54', '系统管理员', '1');
INSERT INTO `t_behavior_log` VALUES ('6242', '/internationalization/addInternationalize', '2019-08-28 14:56:24', '系统管理员', '1');
INSERT INTO `t_behavior_log` VALUES ('6243', '/internationalization/getInternationalizationById', '2019-08-28 14:56:38', '系统管理员', '1');
INSERT INTO `t_behavior_log` VALUES ('6244', '/internationalization/addInternationalize', '2019-08-28 14:57:06', '系统管理员', '1');
INSERT INTO `t_behavior_log` VALUES ('6245', '/internationalization/addInternationalize', '2019-08-28 14:57:34', '系统管理员', '1');
INSERT INTO `t_behavior_log` VALUES ('6246', '/internationalization/addInternationalize', '2019-08-28 15:03:48', '系统管理员', '1');
INSERT INTO `t_behavior_log` VALUES ('6247', '/internationalization/addInternationalize', '2019-08-28 15:04:37', '系统管理员', '1');
INSERT INTO `t_behavior_log` VALUES ('6248', '/internationalization/addInternationalize', '2019-08-28 15:05:11', '系统管理员', '1');
INSERT INTO `t_behavior_log` VALUES ('6249', '/internationalization/addInternationalize', '2019-08-28 15:06:38', '系统管理员', '1');
INSERT INTO `t_behavior_log` VALUES ('6250', '/internationalization/addInternationalize', '2019-08-28 15:07:23', '系统管理员', '1');
INSERT INTO `t_behavior_log` VALUES ('6251', '/internationalization/addInternationalize', '2019-08-28 15:07:54', '系统管理员', '1');
INSERT INTO `t_behavior_log` VALUES ('6252', '/internationalization/addInternationalize', '2019-08-28 15:08:33', '系统管理员', '1');
INSERT INTO `t_behavior_log` VALUES ('6253', '/internationalization/addInternationalize', '2019-08-28 15:09:02', '系统管理员', '1');
INSERT INTO `t_behavior_log` VALUES ('6254', '/internationalization/addInternationalize', '2019-08-28 15:09:30', '系统管理员', '1');
INSERT INTO `t_behavior_log` VALUES ('6255', '/internationalization/addInternationalize', '2019-08-28 15:10:03', '系统管理员', '1');
INSERT INTO `t_behavior_log` VALUES ('6256', '/internationalization/addInternationalize', '2019-08-28 15:10:31', '系统管理员', '1');
INSERT INTO `t_behavior_log` VALUES ('6257', '/internationalization/addInternationalize', '2019-08-28 15:10:58', '系统管理员', '1');
INSERT INTO `t_behavior_log` VALUES ('6258', '/internationalization/addInternationalize', '2019-08-28 15:11:22', '系统管理员', '1');
INSERT INTO `t_behavior_log` VALUES ('6259', '/user/refreshToken', '2019-08-28 15:11:48', '', '');
INSERT INTO `t_behavior_log` VALUES ('6260', '/internationalization/addInternationalize', '2019-08-28 15:11:49', '系统管理员', '1');
INSERT INTO `t_behavior_log` VALUES ('6261', '/internationalization/addInternationalize', '2019-08-28 15:12:18', '系统管理员', '1');
INSERT INTO `t_behavior_log` VALUES ('6262', '/internationalization/addInternationalize', '2019-08-28 15:12:45', '系统管理员', '1');
INSERT INTO `t_behavior_log` VALUES ('6263', '/internationalization/addInternationalize', '2019-08-28 15:13:16', '系统管理员', '1');
INSERT INTO `t_behavior_log` VALUES ('6264', '/internationalization/addInternationalize', '2019-08-28 15:13:55', '系统管理员', '1');
INSERT INTO `t_behavior_log` VALUES ('6265', '/internationalization/addInternationalize', '2019-08-28 15:14:41', '系统管理员', '1');
INSERT INTO `t_behavior_log` VALUES ('6266', '/internationalization/addInternationalize', '2019-08-28 15:15:06', '系统管理员', '1');
INSERT INTO `t_behavior_log` VALUES ('6267', '/internationalization/addInternationalize', '2019-08-28 15:15:58', '系统管理员', '1');
INSERT INTO `t_behavior_log` VALUES ('6268', '/internationalization/addInternationalize', '2019-08-28 15:16:45', '系统管理员', '1');
INSERT INTO `t_behavior_log` VALUES ('6269', '/internationalization/addInternationalize', '2019-08-28 15:17:16', '系统管理员', '1');
INSERT INTO `t_behavior_log` VALUES ('6270', '/internationalization/addInternationalize', '2019-08-28 15:43:17', '系统管理员', '1');
INSERT INTO `t_behavior_log` VALUES ('6271', '/internationalization/addInternationalize', '2019-08-28 15:43:48', '系统管理员', '1');
INSERT INTO `t_behavior_log` VALUES ('6272', '/internationalization/addInternationalize', '2019-08-28 15:44:23', '系统管理员', '1');
INSERT INTO `t_behavior_log` VALUES ('6273', '/internationalization/addInternationalize', '2019-08-28 15:44:54', '系统管理员', '1');
INSERT INTO `t_behavior_log` VALUES ('6274', '/internationalization/addInternationalize', '2019-08-28 15:45:19', '系统管理员', '1');
INSERT INTO `t_behavior_log` VALUES ('6275', '/internationalization/getInternationalizationById', '2019-08-28 15:45:22', '系统管理员', '1');
INSERT INTO `t_behavior_log` VALUES ('6276', '/language/queryLanguageList', '2019-08-28 15:45:25', '系统管理员', '1');
INSERT INTO `t_behavior_log` VALUES ('6277', '/internationalization/getLanguage', '2019-08-28 15:45:26', '系统管理员', '1');
INSERT INTO `t_behavior_log` VALUES ('6278', '/internationalization/getLanguage', '2019-08-28 15:45:26', '系统管理员', '1');
INSERT INTO `t_behavior_log` VALUES ('6279', '/internationalization/getInternationalizationTree', '2019-08-28 15:45:26', '系统管理员', '1');
INSERT INTO `t_behavior_log` VALUES ('6280', '/internationalization/getLanguage', '2019-08-28 15:45:26', '系统管理员', '1');
INSERT INTO `t_behavior_log` VALUES ('6281', '/internationalization/getInternationalizationById', '2019-08-28 15:45:33', '系统管理员', '1');
INSERT INTO `t_behavior_log` VALUES ('6282', '/internationalization/addInternationalize', '2019-08-28 15:45:55', '系统管理员', '1');
INSERT INTO `t_behavior_log` VALUES ('6283', '/internationalization/getInternationalizationById', '2019-08-28 15:47:14', '系统管理员', '1');
INSERT INTO `t_behavior_log` VALUES ('6284', '/internationalization/addInternationalize', '2019-08-28 15:48:09', '系统管理员', '1');
INSERT INTO `t_behavior_log` VALUES ('6285', '/internationalization/addInternationalize', '2019-08-28 15:48:34', '系统管理员', '1');
INSERT INTO `t_behavior_log` VALUES ('6286', '/internationalization/getInternationalizationById', '2019-08-28 15:48:36', '系统管理员', '1');
INSERT INTO `t_behavior_log` VALUES ('6287', '/internationalization/addInternationalize', '2019-08-28 15:48:51', '系统管理员', '1');
INSERT INTO `t_behavior_log` VALUES ('6288', '/internationalization/addInternationalize', '2019-08-28 15:49:10', '系统管理员', '1');
INSERT INTO `t_behavior_log` VALUES ('6289', '/internationalization/addInternationalize', '2019-08-28 15:49:28', '系统管理员', '1');
INSERT INTO `t_behavior_log` VALUES ('6290', '/internationalization/getInternationalizationById', '2019-08-28 15:49:31', '系统管理员', '1');
INSERT INTO `t_behavior_log` VALUES ('6291', '/internationalization/addInternationalize', '2019-08-28 15:49:59', '系统管理员', '1');
INSERT INTO `t_behavior_log` VALUES ('6292', '/internationalization/getInternationalizationById', '2019-08-28 15:50:00', '系统管理员', '1');
INSERT INTO `t_behavior_log` VALUES ('6293', '/internationalization/addInternationalize', '2019-08-28 15:50:21', '系统管理员', '1');
INSERT INTO `t_behavior_log` VALUES ('6294', '/internationalization/addInternationalize', '2019-08-28 15:50:46', '系统管理员', '1');
INSERT INTO `t_behavior_log` VALUES ('6295', '/internationalization/addInternationalize', '2019-08-28 15:51:20', '系统管理员', '1');
INSERT INTO `t_behavior_log` VALUES ('6296', '/internationalization/addInternationalize', '2019-08-28 15:51:41', '系统管理员', '1');
INSERT INTO `t_behavior_log` VALUES ('6297', '/internationalization/addInternationalize', '2019-08-28 15:52:01', '系统管理员', '1');
INSERT INTO `t_behavior_log` VALUES ('6298', '/internationalization/getInternationalizationById', '2019-08-28 15:52:18', '系统管理员', '1');
INSERT INTO `t_behavior_log` VALUES ('6299', '/internationalization/addInternationalize', '2019-08-28 15:52:40', '系统管理员', '1');
INSERT INTO `t_behavior_log` VALUES ('6300', '/internationalization/addInternationalize', '2019-08-28 15:53:29', '系统管理员', '1');
INSERT INTO `t_behavior_log` VALUES ('6301', '/internationalization/addInternationalize', '2019-08-28 15:53:53', '系统管理员', '1');
INSERT INTO `t_behavior_log` VALUES ('6302', '/internationalization/addInternationalize', '2019-08-28 15:54:16', '系统管理员', '1');
INSERT INTO `t_behavior_log` VALUES ('6303', '/internationalization/addInternationalize', '2019-08-28 15:54:46', '系统管理员', '1');
INSERT INTO `t_behavior_log` VALUES ('6304', '/internationalization/addInternationalize', '2019-08-28 15:55:14', '系统管理员', '1');
INSERT INTO `t_behavior_log` VALUES ('6305', '/internationalization/addInternationalize', '2019-08-28 15:55:45', '系统管理员', '1');
INSERT INTO `t_behavior_log` VALUES ('6306', '/internationalization/addInternationalize', '2019-08-28 15:56:11', '系统管理员', '1');
INSERT INTO `t_behavior_log` VALUES ('6307', '/internationalization/addInternationalize', '2019-08-28 15:56:35', '系统管理员', '1');
INSERT INTO `t_behavior_log` VALUES ('6308', '/internationalization/addInternationalize', '2019-08-28 15:57:07', '系统管理员', '1');
INSERT INTO `t_behavior_log` VALUES ('6309', '/internationalization/addInternationalize', '2019-08-28 15:57:34', '系统管理员', '1');
INSERT INTO `t_behavior_log` VALUES ('6310', '/internationalization/addInternationalize', '2019-08-28 15:58:20', '系统管理员', '1');
INSERT INTO `t_behavior_log` VALUES ('6311', '/internationalization/addInternationalize', '2019-08-28 15:58:52', '系统管理员', '1');
INSERT INTO `t_behavior_log` VALUES ('6312', '/internationalization/addInternationalize', '2019-08-28 15:59:50', '系统管理员', '1');
INSERT INTO `t_behavior_log` VALUES ('6313', '/internationalization/addInternationalize', '2019-08-28 16:00:27', '系统管理员', '1');
INSERT INTO `t_behavior_log` VALUES ('6314', '/internationalization/addInternationalize', '2019-08-28 16:00:52', '系统管理员', '1');
INSERT INTO `t_behavior_log` VALUES ('6315', '/internationalization/addInternationalize', '2019-08-28 16:01:24', '系统管理员', '1');
INSERT INTO `t_behavior_log` VALUES ('6316', '/internationalization/addInternationalize', '2019-08-28 16:01:50', '系统管理员', '1');
INSERT INTO `t_behavior_log` VALUES ('6317', '/internationalization/addInternationalize', '2019-08-28 16:03:22', '系统管理员', '1');
INSERT INTO `t_behavior_log` VALUES ('6318', '/internationalization/addInternationalize', '2019-08-28 16:04:00', '系统管理员', '1');
INSERT INTO `t_behavior_log` VALUES ('6319', '/internationalization/addInternationalize', '2019-08-28 16:04:51', '系统管理员', '1');
INSERT INTO `t_behavior_log` VALUES ('6320', '/internationalization/addInternationalize', '2019-08-28 16:05:24', '系统管理员', '1');
INSERT INTO `t_behavior_log` VALUES ('6321', '/internationalization/addInternationalize', '2019-08-28 16:05:50', '系统管理员', '1');
INSERT INTO `t_behavior_log` VALUES ('6322', '/internationalization/addInternationalize', '2019-08-28 16:06:16', '系统管理员', '1');
INSERT INTO `t_behavior_log` VALUES ('6323', '/internationalization/addInternationalize', '2019-08-28 16:06:41', '系统管理员', '1');
INSERT INTO `t_behavior_log` VALUES ('6324', '/internationalization/addInternationalize', '2019-08-28 16:07:15', '系统管理员', '1');
INSERT INTO `t_behavior_log` VALUES ('6325', '/internationalization/addInternationalize', '2019-08-28 16:07:44', '系统管理员', '1');
INSERT INTO `t_behavior_log` VALUES ('6326', '/internationalization/initInternationalization', '2019-08-28 16:08:42', '', '');
INSERT INTO `t_behavior_log` VALUES ('6327', '/internationalization/getLanguage', '2019-08-28 16:08:42', '系统管理员', '1');
INSERT INTO `t_behavior_log` VALUES ('6328', '/internationalization/getLanguage', '2019-08-28 16:08:43', '系统管理员', '1');
INSERT INTO `t_behavior_log` VALUES ('6329', '/internationalization/getLanguage', '2019-08-28 16:08:43', '系统管理员', '1');
INSERT INTO `t_behavior_log` VALUES ('6330', '/internationalization/getInternationalizationTree', '2019-08-28 16:08:43', '系统管理员', '1');
INSERT INTO `t_behavior_log` VALUES ('6331', '/msg/queryUserMsg', '2019-08-28 16:08:43', '系统管理员', '1');
INSERT INTO `t_behavior_log` VALUES ('6332', '/internationalization/initInternationalization', '2019-08-28 16:09:13', '', '');
INSERT INTO `t_behavior_log` VALUES ('6333', '/internationalization/getLanguage', '2019-08-28 16:09:14', '系统管理员', '1');
INSERT INTO `t_behavior_log` VALUES ('6334', '/msg/queryUserMsg', '2019-08-28 16:09:14', '系统管理员', '1');
INSERT INTO `t_behavior_log` VALUES ('6335', '/internationalization/getLanguage', '2019-08-28 16:09:14', '系统管理员', '1');
INSERT INTO `t_behavior_log` VALUES ('6336', '/internationalization/getLanguage', '2019-08-28 16:09:14', '系统管理员', '1');
INSERT INTO `t_behavior_log` VALUES ('6337', '/internationalization/getInternationalizationTree', '2019-08-28 16:09:14', '系统管理员', '1');
INSERT INTO `t_behavior_log` VALUES ('6338', '/dict/queryDictList', '2019-08-28 16:09:19', '系统管理员', '1');
INSERT INTO `t_behavior_log` VALUES ('6339', '/dict/deleteDict', '2019-08-28 16:09:32', '系统管理员', '1');
INSERT INTO `t_behavior_log` VALUES ('6340', '/dict/queryDictList', '2019-08-28 16:09:32', '系统管理员', '1');
INSERT INTO `t_behavior_log` VALUES ('6341', '/dict/deleteDict', '2019-08-28 16:09:38', '系统管理员', '1');
INSERT INTO `t_behavior_log` VALUES ('6342', '/dict/queryDictList', '2019-08-28 16:09:38', '系统管理员', '1');
INSERT INTO `t_behavior_log` VALUES ('6343', '/internationalization/initInternationalization', '2019-08-28 16:17:32', '', '');
INSERT INTO `t_behavior_log` VALUES ('6344', '/user/refreshToken', '2019-08-28 16:17:33', '', '');
INSERT INTO `t_behavior_log` VALUES ('6345', '/user/refreshToken', '2019-08-28 16:17:33', '', '');
INSERT INTO `t_behavior_log` VALUES ('6346', '/msg/queryUserMsg', '2019-08-28 16:17:35', '系统管理员', '1');
INSERT INTO `t_behavior_log` VALUES ('6347', '/dict/queryDictList', '2019-08-28 16:17:35', '系统管理员', '1');
INSERT INTO `t_behavior_log` VALUES ('6348', '/dict/checkTypeAndCode', '2019-08-28 16:19:37', '系统管理员', '1');
INSERT INTO `t_behavior_log` VALUES ('6349', '/dict/checkTypeAndCode', '2019-08-28 16:19:40', '系统管理员', '1');
INSERT INTO `t_behavior_log` VALUES ('6350', '/dict/checkTypeAndCode', '2019-08-28 16:19:43', '系统管理员', '1');
INSERT INTO `t_behavior_log` VALUES ('6351', '/dict/checkTypeAndCode', '2019-08-28 16:19:44', '系统管理员', '1');
INSERT INTO `t_behavior_log` VALUES ('6352', '/dict/addDict', '2019-08-28 16:19:45', '系统管理员', '1');
INSERT INTO `t_behavior_log` VALUES ('6353', '/dict/queryDictList', '2019-08-28 16:19:45', '系统管理员', '1');
INSERT INTO `t_behavior_log` VALUES ('6354', '/tree/getTreeList', '2019-08-28 16:19:56', '系统管理员', '1');
INSERT INTO `t_behavior_log` VALUES ('6355', '/internationalization/getInternationalizationTree', '2019-08-28 16:20:05', '系统管理员', '1');
INSERT INTO `t_behavior_log` VALUES ('6356', '/internationalization/getLanguage', '2019-08-28 16:20:05', '系统管理员', '1');
INSERT INTO `t_behavior_log` VALUES ('6357', '/internationalization/getLanguage', '2019-08-28 16:20:05', '系统管理员', '1');
INSERT INTO `t_behavior_log` VALUES ('6358', '/internationalization/getLanguage', '2019-08-28 16:20:05', '系统管理员', '1');
INSERT INTO `t_behavior_log` VALUES ('6359', '/internationalization/getInternationalizationById', '2019-08-28 16:20:16', '系统管理员', '1');
INSERT INTO `t_behavior_log` VALUES ('6360', '/internationalization/getInternationalizationById', '2019-08-28 16:20:19', '系统管理员', '1');
INSERT INTO `t_behavior_log` VALUES ('6361', '/internationalization/getInternationalizationById', '2019-08-28 16:20:22', '系统管理员', '1');
INSERT INTO `t_behavior_log` VALUES ('6362', '/internationalization/updateInternationalize', '2019-08-28 16:20:25', '系统管理员', '1');
INSERT INTO `t_behavior_log` VALUES ('6363', '/tree/getTreeList', '2019-08-28 16:20:28', '系统管理员', '1');
INSERT INTO `t_behavior_log` VALUES ('6364', '/internationalization/initInternationalization', '2019-08-28 16:20:33', '', '');
INSERT INTO `t_behavior_log` VALUES ('6365', '/msg/queryUserMsg', '2019-08-28 16:20:34', '系统管理员', '1');
INSERT INTO `t_behavior_log` VALUES ('6366', '/tree/getTreeList', '2019-08-28 16:20:34', '系统管理员', '1');
INSERT INTO `t_behavior_log` VALUES ('6367', '/tree/queryTreeButtonList', '2019-08-28 16:20:38', '系统管理员', '1');
INSERT INTO `t_behavior_log` VALUES ('6368', '/tree/deleteTree', '2019-08-28 16:20:40', '系统管理员', '1');
INSERT INTO `t_behavior_log` VALUES ('6369', '/tree/queryTreeButtonList', '2019-08-28 16:20:40', '系统管理员', '1');
INSERT INTO `t_behavior_log` VALUES ('6370', '/tree/getTreeList', '2019-08-28 16:20:40', '系统管理员', '1');
INSERT INTO `t_behavior_log` VALUES ('6371', '/tree/queryTreeButtonList', '2019-08-28 16:20:42', '系统管理员', '1');
INSERT INTO `t_behavior_log` VALUES ('6372', '/tree/deleteTree', '2019-08-28 16:20:45', '系统管理员', '1');
INSERT INTO `t_behavior_log` VALUES ('6373', '/tree/deleteButton', '2019-08-28 16:20:47', '系统管理员', '1');
INSERT INTO `t_behavior_log` VALUES ('6374', '/tree/queryTreeButtonList', '2019-08-28 16:20:48', '系统管理员', '1');
INSERT INTO `t_behavior_log` VALUES ('6375', '/tree/deleteButton', '2019-08-28 16:20:49', '系统管理员', '1');
INSERT INTO `t_behavior_log` VALUES ('6376', '/tree/queryTreeButtonList', '2019-08-28 16:20:50', '系统管理员', '1');
INSERT INTO `t_behavior_log` VALUES ('6377', '/tree/deleteButton', '2019-08-28 16:20:51', '系统管理员', '1');
INSERT INTO `t_behavior_log` VALUES ('6378', '/tree/queryTreeButtonList', '2019-08-28 16:20:51', '系统管理员', '1');
INSERT INTO `t_behavior_log` VALUES ('6379', '/tree/deleteTree', '2019-08-28 16:20:53', '系统管理员', '1');
INSERT INTO `t_behavior_log` VALUES ('6380', '/tree/queryTreeButtonList', '2019-08-28 16:20:54', '系统管理员', '1');
INSERT INTO `t_behavior_log` VALUES ('6381', '/tree/getTreeList', '2019-08-28 16:20:54', '系统管理员', '1');
INSERT INTO `t_behavior_log` VALUES ('6382', '/tree/queryTreeButtonList', '2019-08-28 16:21:13', '系统管理员', '1');
INSERT INTO `t_behavior_log` VALUES ('6383', '/dict/queryDictList', '2019-08-28 16:21:16', '系统管理员', '1');
INSERT INTO `t_behavior_log` VALUES ('6384', '/tree/getTreeList', '2019-08-28 16:21:19', '系统管理员', '1');
INSERT INTO `t_behavior_log` VALUES ('6385', '/tree/queryTreeButtonList', '2019-08-28 16:21:21', '系统管理员', '1');
INSERT INTO `t_behavior_log` VALUES ('6386', '/tree/getTreeByTreeId', '2019-08-28 16:21:23', '系统管理员', '1');
INSERT INTO `t_behavior_log` VALUES ('6387', '/tree/getTreeByTreeId', '2019-08-28 16:21:30', '系统管理员', '1');
INSERT INTO `t_behavior_log` VALUES ('6388', '/dict/queryDictList', '2019-08-28 16:22:18', '系统管理员', '1');
INSERT INTO `t_behavior_log` VALUES ('6389', '/dict/updateDict', '2019-08-28 16:22:23', '系统管理员', '1');
INSERT INTO `t_behavior_log` VALUES ('6390', '/dict/queryDictList', '2019-08-28 16:22:24', '系统管理员', '1');
INSERT INTO `t_behavior_log` VALUES ('6391', '/dict/deleteDict', '2019-08-28 16:22:27', '系统管理员', '1');
INSERT INTO `t_behavior_log` VALUES ('6392', '/dict/queryDictList', '2019-08-28 16:22:27', '系统管理员', '1');
INSERT INTO `t_behavior_log` VALUES ('6393', '/dict/queryDictList', '2019-08-28 16:22:32', '系统管理员', '1');
INSERT INTO `t_behavior_log` VALUES ('6394', '/dict/queryDictList', '2019-08-28 16:22:37', '系统管理员', '1');
INSERT INTO `t_behavior_log` VALUES ('6395', '/dict/queryDictList', '2019-08-28 16:22:41', '系统管理员', '1');
INSERT INTO `t_behavior_log` VALUES ('6396', '/dict/queryDictList', '2019-08-28 16:22:43', '系统管理员', '1');
INSERT INTO `t_behavior_log` VALUES ('6397', '/dict/queryDictList', '2019-08-28 16:22:47', '系统管理员', '1');
INSERT INTO `t_behavior_log` VALUES ('6398', '/role/loadTree', '2019-08-28 16:22:51', '系统管理员', '1');
INSERT INTO `t_behavior_log` VALUES ('6399', '/role/queryRoleList', '2019-08-28 16:22:51', '系统管理员', '1');
INSERT INTO `t_behavior_log` VALUES ('6400', '/role/loadTree', '2019-08-28 16:22:58', '系统管理员', '1');
INSERT INTO `t_behavior_log` VALUES ('6401', '/role/checkRoleCodeAndName', '2019-08-28 16:23:00', '系统管理员', '1');
INSERT INTO `t_behavior_log` VALUES ('6402', '/role/checkRoleCodeAndName', '2019-08-28 16:23:04', '系统管理员', '1');
INSERT INTO `t_behavior_log` VALUES ('6403', '/role/checkRoleCodeAndName', '2019-08-28 16:23:09', '系统管理员', '1');
INSERT INTO `t_behavior_log` VALUES ('6404', '/role/checkRoleCodeAndName', '2019-08-28 16:23:12', '系统管理员', '1');
INSERT INTO `t_behavior_log` VALUES ('6405', '/role/checkRoleCodeAndName', '2019-08-28 16:23:13', '系统管理员', '1');
INSERT INTO `t_behavior_log` VALUES ('6406', '/role/addRole', '2019-08-28 16:23:13', '系统管理员', '1');
INSERT INTO `t_behavior_log` VALUES ('6407', '/role/queryRoleList', '2019-08-28 16:23:14', '系统管理员', '1');
INSERT INTO `t_behavior_log` VALUES ('6408', '/role/updateRole', '2019-08-28 16:23:22', '系统管理员', '1');
INSERT INTO `t_behavior_log` VALUES ('6409', '/role/queryRoleList', '2019-08-28 16:23:23', '系统管理员', '1');
INSERT INTO `t_behavior_log` VALUES ('6410', '/role/getRoleByRoleId', '2019-08-28 16:23:24', '系统管理员', '1');
INSERT INTO `t_behavior_log` VALUES ('6411', '/role/checkRoleCodeAndName', '2019-08-28 16:23:27', '系统管理员', '1');
INSERT INTO `t_behavior_log` VALUES ('6412', '/role/checkRoleCodeAndName', '2019-08-28 16:23:28', '系统管理员', '1');
INSERT INTO `t_behavior_log` VALUES ('6413', '/role/checkRoleCodeAndName', '2019-08-28 16:23:30', '系统管理员', '1');
INSERT INTO `t_behavior_log` VALUES ('6414', '/role/checkRoleCodeAndName', '2019-08-28 16:23:30', '系统管理员', '1');
INSERT INTO `t_behavior_log` VALUES ('6415', '/role/updateRole', '2019-08-28 16:23:30', '系统管理员', '1');
INSERT INTO `t_behavior_log` VALUES ('6416', '/role/queryRoleList', '2019-08-28 16:23:31', '系统管理员', '1');
INSERT INTO `t_behavior_log` VALUES ('6417', '/role/getRoleByRoleId', '2019-08-28 16:23:34', '系统管理员', '1');
INSERT INTO `t_behavior_log` VALUES ('6418', '/role/queryRoleList', '2019-08-28 16:23:39', '系统管理员', '1');
INSERT INTO `t_behavior_log` VALUES ('6419', '/role/queryRoleList', '2019-08-28 16:23:42', '系统管理员', '1');
INSERT INTO `t_behavior_log` VALUES ('6420', '/tree/getTreeList', '2019-08-28 16:25:42', '系统管理员', '1');
INSERT INTO `t_behavior_log` VALUES ('6421', '/tree/checkTreeCode', '2019-08-28 16:25:47', '系统管理员', '1');
INSERT INTO `t_behavior_log` VALUES ('6422', '/tree/checkTreeCode', '2019-08-28 16:25:48', '系统管理员', '1');
INSERT INTO `t_behavior_log` VALUES ('6423', '/tree/addTree', '2019-08-28 16:25:48', '系统管理员', '1');
INSERT INTO `t_behavior_log` VALUES ('6424', '/tree/getTreeList', '2019-08-28 16:25:48', '系统管理员', '1');
INSERT INTO `t_behavior_log` VALUES ('6425', '/tree/queryTreeButtonList', '2019-08-28 16:25:49', '系统管理员', '1');
INSERT INTO `t_behavior_log` VALUES ('6426', '/tree/checkTreeCode', '2019-08-28 16:25:52', '系统管理员', '1');
INSERT INTO `t_behavior_log` VALUES ('6427', '/tree/checkTreeCode', '2019-08-28 16:25:53', '系统管理员', '1');
INSERT INTO `t_behavior_log` VALUES ('6428', '/tree/addButton', '2019-08-28 16:25:53', '系统管理员', '1');
INSERT INTO `t_behavior_log` VALUES ('6429', '/tree/queryTreeButtonList', '2019-08-28 16:25:53', '系统管理员', '1');
INSERT INTO `t_behavior_log` VALUES ('6430', '/tree/checkTreeCode', '2019-08-28 16:25:57', '系统管理员', '1');
INSERT INTO `t_behavior_log` VALUES ('6431', '/tree/checkTreeCode', '2019-08-28 16:25:57', '系统管理员', '1');
INSERT INTO `t_behavior_log` VALUES ('6432', '/tree/addButton', '2019-08-28 16:25:57', '系统管理员', '1');
INSERT INTO `t_behavior_log` VALUES ('6433', '/tree/queryTreeButtonList', '2019-08-28 16:25:57', '系统管理员', '1');
INSERT INTO `t_behavior_log` VALUES ('6434', '/tree/operateButton', '2019-08-28 16:25:59', '系统管理员', '1');
INSERT INTO `t_behavior_log` VALUES ('6435', '/tree/queryTreeButtonList', '2019-08-28 16:26:00', '系统管理员', '1');
INSERT INTO `t_behavior_log` VALUES ('6436', '/tree/operateButton', '2019-08-28 16:26:02', '系统管理员', '1');
INSERT INTO `t_behavior_log` VALUES ('6437', '/tree/queryTreeButtonList', '2019-08-28 16:26:02', '系统管理员', '1');
INSERT INTO `t_behavior_log` VALUES ('6438', '/tree/operateButton', '2019-08-28 16:26:04', '系统管理员', '1');
INSERT INTO `t_behavior_log` VALUES ('6439', '/tree/queryTreeButtonList', '2019-08-28 16:26:04', '系统管理员', '1');
INSERT INTO `t_behavior_log` VALUES ('6440', '/tree/operateButton', '2019-08-28 16:26:06', '系统管理员', '1');
INSERT INTO `t_behavior_log` VALUES ('6441', '/tree/queryTreeButtonList', '2019-08-28 16:26:06', '系统管理员', '1');
INSERT INTO `t_behavior_log` VALUES ('6442', '/tree/deleteButton', '2019-08-28 16:26:11', '系统管理员', '1');
INSERT INTO `t_behavior_log` VALUES ('6443', '/tree/queryTreeButtonList', '2019-08-28 16:26:11', '系统管理员', '1');
INSERT INTO `t_behavior_log` VALUES ('6444', '/tree/getTreeByTreeId', '2019-08-28 16:26:12', '系统管理员', '1');
INSERT INTO `t_behavior_log` VALUES ('6445', '/tree/checkTreeCode', '2019-08-28 16:26:15', '系统管理员', '1');
INSERT INTO `t_behavior_log` VALUES ('6446', '/tree/checkTreeCode', '2019-08-28 16:26:15', '系统管理员', '1');
INSERT INTO `t_behavior_log` VALUES ('6447', '/tree/updateButton', '2019-08-28 16:26:15', '系统管理员', '1');
INSERT INTO `t_behavior_log` VALUES ('6448', '/tree/queryTreeButtonList', '2019-08-28 16:26:16', '系统管理员', '1');
INSERT INTO `t_behavior_log` VALUES ('6449', '/tree/deleteButton', '2019-08-28 16:26:18', '系统管理员', '1');
INSERT INTO `t_behavior_log` VALUES ('6450', '/tree/queryTreeButtonList', '2019-08-28 16:26:18', '系统管理员', '1');
INSERT INTO `t_behavior_log` VALUES ('6451', '/tree/getTreeByTreeId', '2019-08-28 16:26:19', '系统管理员', '1');
INSERT INTO `t_behavior_log` VALUES ('6452', '/tree/checkTreeCode', '2019-08-28 16:26:22', '系统管理员', '1');
INSERT INTO `t_behavior_log` VALUES ('6453', '/tree/checkTreeCode', '2019-08-28 16:26:22', '系统管理员', '1');
INSERT INTO `t_behavior_log` VALUES ('6454', '/tree/updateTree', '2019-08-28 16:26:22', '系统管理员', '1');
INSERT INTO `t_behavior_log` VALUES ('6455', '/tree/getTreeList', '2019-08-28 16:26:22', '系统管理员', '1');
INSERT INTO `t_behavior_log` VALUES ('6456', '/tree/deleteTree', '2019-08-28 16:26:26', '系统管理员', '1');
INSERT INTO `t_behavior_log` VALUES ('6457', '/tree/queryTreeButtonList', '2019-08-28 16:26:26', '系统管理员', '1');
INSERT INTO `t_behavior_log` VALUES ('6458', '/tree/getTreeList', '2019-08-28 16:26:26', '系统管理员', '1');
INSERT INTO `t_behavior_log` VALUES ('6459', '/org/getOrgTree', '2019-08-28 16:26:30', '系统管理员', '1');
INSERT INTO `t_behavior_log` VALUES ('6460', '/user/queryUserList', '2019-08-28 16:26:30', '系统管理员', '1');
INSERT INTO `t_behavior_log` VALUES ('6461', '/user/queryUserList', '2019-08-28 16:26:32', '系统管理员', '1');
INSERT INTO `t_behavior_log` VALUES ('6462', '/org/checkOrgNameAndCode', '2019-08-28 16:26:34', '系统管理员', '1');
INSERT INTO `t_behavior_log` VALUES ('6463', '/org/checkOrgNameAndCode', '2019-08-28 16:26:35', '系统管理员', '1');
INSERT INTO `t_behavior_log` VALUES ('6464', '/org/checkOrgNameAndCode', '2019-08-28 16:26:35', '系统管理员', '1');
INSERT INTO `t_behavior_log` VALUES ('6465', '/org/checkOrgNameAndCode', '2019-08-28 16:26:35', '系统管理员', '1');
INSERT INTO `t_behavior_log` VALUES ('6466', '/org/addOrg', '2019-08-28 16:26:36', '系统管理员', '1');
INSERT INTO `t_behavior_log` VALUES ('6467', '/user/queryUserList', '2019-08-28 16:26:37', '系统管理员', '1');
INSERT INTO `t_behavior_log` VALUES ('6468', '/org/getOrgCascader', '2019-08-28 16:26:38', '系统管理员', '1');
INSERT INTO `t_behavior_log` VALUES ('6469', '/user/loadAllRole', '2019-08-28 16:26:38', '系统管理员', '1');
INSERT INTO `t_behavior_log` VALUES ('6470', '/user/checkLoginAccount', '2019-08-28 16:26:44', '系统管理员', '1');
INSERT INTO `t_behavior_log` VALUES ('6471', '/file/uploadFile', '2019-08-28 16:27:01', '系统管理员', '1');
INSERT INTO `t_behavior_log` VALUES ('6472', '/user/checkLoginAccount', '2019-08-28 16:27:03', '系统管理员', '1');
INSERT INTO `t_behavior_log` VALUES ('6473', '/user/createUser', '2019-08-28 16:27:04', '系统管理员', '1');
INSERT INTO `t_behavior_log` VALUES ('6474', '/user/queryUserList', '2019-08-28 16:27:04', '系统管理员', '1');
INSERT INTO `t_behavior_log` VALUES ('6475', '/user/queryUserList', '2019-08-28 16:27:07', '系统管理员', '1');
INSERT INTO `t_behavior_log` VALUES ('6476', '/user/queryUserList', '2019-08-28 16:27:10', '系统管理员', '1');
INSERT INTO `t_behavior_log` VALUES ('6477', '/user/queryUserList', '2019-08-28 16:27:15', '系统管理员', '1');
INSERT INTO `t_behavior_log` VALUES ('6478', '/org/getOrgCascader', '2019-08-28 16:27:16', '系统管理员', '1');
INSERT INTO `t_behavior_log` VALUES ('6479', '/user/getUserByUserId', '2019-08-28 16:27:16', '系统管理员', '1');
INSERT INTO `t_behavior_log` VALUES ('6480', '/user/loadAllRole', '2019-08-28 16:27:16', '系统管理员', '1');
INSERT INTO `t_behavior_log` VALUES ('6481', '/user/updateUser', '2019-08-28 16:27:22', '系统管理员', '1');
INSERT INTO `t_behavior_log` VALUES ('6482', '/user/queryUserList', '2019-08-28 16:27:23', '系统管理员', '1');
INSERT INTO `t_behavior_log` VALUES ('6483', '/user/queryUserList', '2019-08-28 16:27:24', '系统管理员', '1');
INSERT INTO `t_behavior_log` VALUES ('6484', '/user/queryUserList', '2019-08-28 16:27:26', '系统管理员', '1');
INSERT INTO `t_behavior_log` VALUES ('6485', '/user/queryUserList', '2019-08-28 16:27:27', '系统管理员', '1');
INSERT INTO `t_behavior_log` VALUES ('6486', '/user/queryUserList', '2019-08-28 16:27:28', '系统管理员', '1');
INSERT INTO `t_behavior_log` VALUES ('6487', '/org/getOrgCascader', '2019-08-28 16:27:29', '系统管理员', '1');
INSERT INTO `t_behavior_log` VALUES ('6488', '/user/loadAllRole', '2019-08-28 16:27:29', '系统管理员', '1');
INSERT INTO `t_behavior_log` VALUES ('6489', '/user/getUserByUserId', '2019-08-28 16:27:29', '系统管理员', '1');
INSERT INTO `t_behavior_log` VALUES ('6490', '/user/updateUser', '2019-08-28 16:27:34', '系统管理员', '1');
INSERT INTO `t_behavior_log` VALUES ('6491', '/user/queryUserList', '2019-08-28 16:27:34', '系统管理员', '1');
INSERT INTO `t_behavior_log` VALUES ('6492', '/user/login', '2019-08-28 16:27:41', '', '');
INSERT INTO `t_behavior_log` VALUES ('6493', '/user/getUserInfo', '2019-08-28 16:27:43', '', '');
INSERT INTO `t_behavior_log` VALUES ('6494', '/msg/queryUserMsg', '2019-08-28 16:27:43', 'a1234', '66357486c48b45cba7b5f802e2eb2461');
INSERT INTO `t_behavior_log` VALUES ('6495', '/role/queryRoleList', '2019-08-28 16:27:45', 'a1234', '66357486c48b45cba7b5f802e2eb2461');
INSERT INTO `t_behavior_log` VALUES ('6496', '/role/loadTree', '2019-08-28 16:27:45', 'a1234', '66357486c48b45cba7b5f802e2eb2461');
INSERT INTO `t_behavior_log` VALUES ('6497', '/dict/queryDictList', '2019-08-28 16:27:46', 'a1234', '66357486c48b45cba7b5f802e2eb2461');
INSERT INTO `t_behavior_log` VALUES ('6498', '/user/login', '2019-08-28 16:27:51', '', '');
INSERT INTO `t_behavior_log` VALUES ('6499', '/user/getUserInfo', '2019-08-28 16:27:51', '', '');
INSERT INTO `t_behavior_log` VALUES ('6500', '/msg/queryUserMsg', '2019-08-28 16:27:52', '系统管理员', '1');
INSERT INTO `t_behavior_log` VALUES ('6501', '/user/queryUserList', '2019-08-28 16:27:56', '系统管理员', '1');
INSERT INTO `t_behavior_log` VALUES ('6502', '/org/getOrgTree', '2019-08-28 16:27:56', '系统管理员', '1');
INSERT INTO `t_behavior_log` VALUES ('6503', '/user/queryUserList', '2019-08-28 16:28:01', '系统管理员', '1');
INSERT INTO `t_behavior_log` VALUES ('6504', '/org/getOrgTree', '2019-08-28 16:28:36', '系统管理员', '1');
INSERT INTO `t_behavior_log` VALUES ('6505', '/user/queryUserList', '2019-08-28 16:28:36', '系统管理员', '1');
INSERT INTO `t_behavior_log` VALUES ('6506', '/tree/getTreeList', '2019-08-28 16:28:38', '系统管理员', '1');
INSERT INTO `t_behavior_log` VALUES ('6507', '/org/getOrgTree', '2019-08-28 16:28:40', '系统管理员', '1');
INSERT INTO `t_behavior_log` VALUES ('6508', '/user/queryUserList', '2019-08-28 16:28:40', '系统管理员', '1');
INSERT INTO `t_behavior_log` VALUES ('6509', '/user/queryUserList', '2019-08-28 16:28:41', '系统管理员', '1');
INSERT INTO `t_behavior_log` VALUES ('6510', '/user/deleteUser', '2019-08-28 16:28:46', '系统管理员', '1');
INSERT INTO `t_behavior_log` VALUES ('6511', '/user/queryUserList', '2019-08-28 16:28:46', '系统管理员', '1');
INSERT INTO `t_behavior_log` VALUES ('6512', '/org/deleteOrg', '2019-08-28 16:28:49', '系统管理员', '1');
INSERT INTO `t_behavior_log` VALUES ('6513', '/user/queryUserList', '2019-08-28 16:28:49', '系统管理员', '1');
INSERT INTO `t_behavior_log` VALUES ('6514', '/behaviorLog/queryBehaviorLogList', '2019-08-28 16:28:51', '系统管理员', '1');
INSERT INTO `t_behavior_log` VALUES ('6515', '/behaviorLog/queryBehaviorLogList', '2019-08-28 16:29:00', '系统管理员', '1');
INSERT INTO `t_behavior_log` VALUES ('6516', '/behaviorLog/queryBehaviorLogList', '2019-08-28 16:29:05', '系统管理员', '1');
INSERT INTO `t_behavior_log` VALUES ('6517', '/behaviorLog/queryBehaviorLogList', '2019-08-28 16:29:13', '系统管理员', '1');
INSERT INTO `t_behavior_log` VALUES ('6518', '/behaviorLog/queryBehaviorLogList', '2019-08-28 16:29:15', '系统管理员', '1');
INSERT INTO `t_behavior_log` VALUES ('6519', '/user/queryUserList', '2019-08-28 16:29:18', '系统管理员', '1');
INSERT INTO `t_behavior_log` VALUES ('6520', '/msg/queryMessageList', '2019-08-28 16:29:18', '系统管理员', '1');
INSERT INTO `t_behavior_log` VALUES ('6521', '/msg/publishNews', '2019-08-28 16:29:28', '系统管理员', '1');
INSERT INTO `t_behavior_log` VALUES ('6522', '/msg/queryMessageList', '2019-08-28 16:29:28', '系统管理员', '1');
INSERT INTO `t_behavior_log` VALUES ('6523', '/internationalization/initInternationalization', '2019-08-28 16:29:44', '', '');
INSERT INTO `t_behavior_log` VALUES ('6524', '/user/queryUserList', '2019-08-28 16:29:46', '系统管理员', '1');
INSERT INTO `t_behavior_log` VALUES ('6525', '/msg/queryMessageList', '2019-08-28 16:29:46', '系统管理员', '1');
INSERT INTO `t_behavior_log` VALUES ('6526', '/msg/queryUserMsg', '2019-08-28 16:29:46', '系统管理员', '1');
INSERT INTO `t_behavior_log` VALUES ('6527', '/msg/readMsg', '2019-08-28 16:36:49', '系统管理员', '1');
INSERT INTO `t_behavior_log` VALUES ('6528', '/msg/queryMessageList', '2019-08-28 16:36:56', '系统管理员', '1');

-- ----------------------------
-- Table structure for `t_dict`
-- ----------------------------
DROP TABLE IF EXISTS `t_dict`;
CREATE TABLE `t_dict` (
  `id` varchar(32) COLLATE utf8mb4_general_ci NOT NULL COMMENT '字典流水ID',
  `dictType` varchar(100) COLLATE utf8mb4_general_ci DEFAULT NULL COMMENT '字典类型',
  `dictCode` varchar(100) COLLATE utf8mb4_general_ci DEFAULT NULL COMMENT '字典编码',
  `dictText` varchar(100) COLLATE utf8mb4_general_ci DEFAULT NULL COMMENT '字典文本',
  `dictValue` varchar(100) COLLATE utf8mb4_general_ci DEFAULT NULL COMMENT '字典值',
  PRIMARY KEY (`id`)
) ENGINE=InnoDB DEFAULT CHARSET=utf8mb4 COLLATE=utf8mb4_general_ci;

-- ----------------------------
-- Records of t_dict
-- ----------------------------
INSERT INTO `t_dict` VALUES ('70f7ac6325fe410e881f35a6a440a168', '1', '1', '1', '1');
INSERT INTO `t_dict` VALUES ('7763bf1e2a3a4960bcac121500d12b6e', '1', '2', '2', '2');
INSERT INTO `t_dict` VALUES ('7b2b97fcc3dd4eba8829b9a20326a993', '1', '11', '1', '1');

-- ----------------------------
-- Table structure for `t_internationalization`
-- ----------------------------
DROP TABLE IF EXISTS `t_internationalization`;
CREATE TABLE `t_internationalization` (
  `id` int(11) NOT NULL AUTO_INCREMENT COMMENT '国际化流水ID',
  `treeName` varchar(256) COLLATE utf8mb4_general_ci DEFAULT NULL COMMENT '节点名称',
  `fullPath` varchar(128) COLLATE utf8mb4_general_ci DEFAULT NULL COMMENT '全路径',
  `parentTreeName` varchar(128) COLLATE utf8mb4_general_ci DEFAULT NULL COMMENT '父节点名称',
  `parentId` int(11) DEFAULT NULL COMMENT '父节点ID',
  `treeCode` varchar(128) COLLATE utf8mb4_general_ci DEFAULT NULL COMMENT '节点编码',
  PRIMARY KEY (`id`)
) ENGINE=InnoDB AUTO_INCREMENT=202 DEFAULT CHARSET=utf8mb4 COLLATE=utf8mb4_general_ci;

-- ----------------------------
-- Records of t_internationalization
-- ----------------------------
INSERT INTO `t_internationalization` VALUES ('1', '国际化', '1', '无', '0', 'top');
INSERT INTO `t_internationalization` VALUES ('18', '数据字典', '1.18', '国际化', '1', 'dict');
INSERT INTO `t_internationalization` VALUES ('21', '数据字典标题', '1.18.21', '数据字典', '18', 'title');
INSERT INTO `t_internationalization` VALUES ('22', '新增按钮名称', '1.18.22', '数据字典', '18', 'addButton');
INSERT INTO `t_internationalization` VALUES ('23', '搜索框的提示信息', '1.18.23', '数据字典', '18', 'searchText');
INSERT INTO `t_internationalization` VALUES ('24', '查询数据字典列表失败的提示', '1.18.24', '数据字典', '18', 'searchFailText');
INSERT INTO `t_internationalization` VALUES ('25', '查询数据字典列表成功的提示', '1.18.25', '数据字典', '18', 'searchSuccessText');
INSERT INTO `t_internationalization` VALUES ('26', '删除数据字典成功的提示', '1.18.26', '数据字典', '18', 'deleteDictSuccess');
INSERT INTO `t_internationalization` VALUES ('27', '删除数据字典失败的提示', '1.18.27', '数据字典', '18', 'deleteDictFail');
INSERT INTO `t_internationalization` VALUES ('28', '取消删除的提示', '1.18.28', '数据字典', '18', 'deleteCancel');
INSERT INTO `t_internationalization` VALUES ('29', '删除数据字典的提示框的文字', '1.18.29', '数据字典', '18', 'deleteContent');
INSERT INTO `t_internationalization` VALUES ('30', '数据字典的列表的column', '1.18.30', '数据字典', '18', 'columns');
INSERT INTO `t_internationalization` VALUES ('31', '字典类型', '1.18.30.31', '数据字典的列表的column', '30', 'dictTypeTitle');
INSERT INTO `t_internationalization` VALUES ('32', '字典编码', '1.18.30.32', '数据字典的列表的column', '30', 'dictCodeTitle');
INSERT INTO `t_internationalization` VALUES ('33', '字典描述', '1.18.30.33', '数据字典的列表的column', '30', 'dictTextTitle');
INSERT INTO `t_internationalization` VALUES ('34', '字典数值', '1.18.30.34', '数据字典的列表的column', '30', 'dictValueTitle');
INSERT INTO `t_internationalization` VALUES ('35', '操作', '1.18.30.35', '数据字典的列表的column', '30', 'operationTitle');
INSERT INTO `t_internationalization` VALUES ('36', '新增字典的标题', '1.18.36', '数据字典', '18', 'addTitle');
INSERT INTO `t_internationalization` VALUES ('37', '字典类型的label', '1.18.37', '数据字典', '18', 'addDictTypeLabel');
INSERT INTO `t_internationalization` VALUES ('38', '字典类型的holder', '1.18.38', '数据字典', '18', 'addDictTypeHolder');
INSERT INTO `t_internationalization` VALUES ('39', '字典编码的label', '1.18.39', '数据字典', '18', 'addDictCodeLabel');
INSERT INTO `t_internationalization` VALUES ('40', '字典编码的holder', '1.18.40', '数据字典', '18', 'addDictCodeHolder');
INSERT INTO `t_internationalization` VALUES ('41', '字典描述的label', '1.18.41', '数据字典', '18', 'addDictTextLabel');
INSERT INTO `t_internationalization` VALUES ('42', '字典描述的holder', '1.18.42', '数据字典', '18', 'addDictTextHolder');
INSERT INTO `t_internationalization` VALUES ('43', '字典数值label', '1.18.43', '数据字典', '18', 'addDictValueLabel');
INSERT INTO `t_internationalization` VALUES ('44', '字典数值的holder', '1.18.44', '数据字典', '18', 'addDictValueHolder');
INSERT INTO `t_internationalization` VALUES ('45', '字典类型不为空验证', '1.18.45', '数据字典', '18', 'addDictTypeRuleMessage');
INSERT INTO `t_internationalization` VALUES ('46', '字典类型最大输入值', '1.18.46', '数据字典', '18', 'addDictTypeRuleMaxMessage');
INSERT INTO `t_internationalization` VALUES ('47', '字典编码不为空验证', '1.18.47', '数据字典', '18', 'addDictCodeRuleMessage');
INSERT INTO `t_internationalization` VALUES ('48', '字典编码最大输入值', '1.18.48', '数据字典', '18', 'addDictCodeRuleMaxMessage');
INSERT INTO `t_internationalization` VALUES ('49', '字典描述不为空验证', '1.18.49', '数据字典', '18', 'addDictTextRuleMessage');
INSERT INTO `t_internationalization` VALUES ('50', '字典描述最大输入值', '1.18.50', '数据字典', '18', 'addDictTextRuleMaxMessage');
INSERT INTO `t_internationalization` VALUES ('51', '字典数值不为空验证', '1.18.51', '数据字典', '18', 'addDictValueRuleMessage');
INSERT INTO `t_internationalization` VALUES ('52', '字典数值最大输入值', '1.18.52', '数据字典', '18', 'addDictValueRuleMaxMessage');
INSERT INTO `t_internationalization` VALUES ('53', '增加数据成功的提示信息', '1.18.53', '数据字典', '18', 'addSuccess');
INSERT INTO `t_internationalization` VALUES ('54', '表单验证失败的提示', '1.18.54', '数据字典', '18', 'addFormFail');
INSERT INTO `t_internationalization` VALUES ('55', '增加数据字典失败的提示', '1.18.55', '数据字典', '18', 'addDictFail');
INSERT INTO `t_internationalization` VALUES ('56', '验证不通过的提示', '1.18.56', '数据字典', '18', 'checkFail');
INSERT INTO `t_internationalization` VALUES ('57', '更新字典数据成功的提示', '1.18.57', '数据字典', '18', 'updateDictSuccess');
INSERT INTO `t_internationalization` VALUES ('58', '更新字典数据失败的提示', '1.18.58', '数据字典', '18', 'updateDictFail');
INSERT INTO `t_internationalization` VALUES ('59', '角色管理', '1.59', '国际化', '1', 'role');
INSERT INTO `t_internationalization` VALUES ('60', '组织管理', '1.60', '国际化', '1', 'org');
INSERT INTO `t_internationalization` VALUES ('61', '新增组织标题', '1.60.61', '组织管理', '60', 'addTitle');
INSERT INTO `t_internationalization` VALUES ('62', '父组织架构名称label', '1.60.62', '组织管理', '60', 'addParentOrgNameLabel');
INSERT INTO `t_internationalization` VALUES ('63', '父组织架构holder', '1.60.63', '组织管理', '60', 'addParentOrgNameLabelHolder');
INSERT INTO `t_internationalization` VALUES ('64', '组织架构名称label', '1.60.64', '组织管理', '60', 'addOrgNameLabel');
INSERT INTO `t_internationalization` VALUES ('65', '组织架构名称holder', '1.60.65', '组织管理', '60', 'addOrgNameHolder');
INSERT INTO `t_internationalization` VALUES ('66', '组织架构编码label', '1.60.66', '组织管理', '60', 'addOrgCodeLabel');
INSERT INTO `t_internationalization` VALUES ('67', '组织架构holder', '1.60.67', '组织管理', '60', 'addOrgCodeHolder');
INSERT INTO `t_internationalization` VALUES ('68', '组织架构名称不为空验证', '1.60.68', '组织管理', '60', 'addOrgNameRuleMessage');
INSERT INTO `t_internationalization` VALUES ('69', '组织架构名称最大长度限制', '1.60.69', '组织管理', '60', 'addOrgNameRuleMaxMessage');
INSERT INTO `t_internationalization` VALUES ('70', '组织架构编码不为空验证', '1.60.70', '组织管理', '60', 'addOrgCodeRuleMessage');
INSERT INTO `t_internationalization` VALUES ('71', '组织架构编码最大长度限制', '1.60.71', '组织管理', '60', 'addOrgCodeRuleMaxMessage');
INSERT INTO `t_internationalization` VALUES ('72', '组织验证不通过提示', '1.60.72', '组织管理', '60', 'checkOrgFail');
INSERT INTO `t_internationalization` VALUES ('73', '增加组织架构失败提示', '1.60.73', '组织管理', '60', 'addOrgFail');
INSERT INTO `t_internationalization` VALUES ('74', '删除组织架构的标题提示', '1.60.74', '组织管理', '60', 'deleteOrgContent');
INSERT INTO `t_internationalization` VALUES ('75', '取消删除的提示', '1.60.75', '组织管理', '60', 'deleteCancel');
INSERT INTO `t_internationalization` VALUES ('76', '更新组织标题', '1.60.76', '组织管理', '60', 'updateTitle');
INSERT INTO `t_internationalization` VALUES ('77', '角色管理标题', '1.59.77', '角色管理', '59', 'title');
INSERT INTO `t_internationalization` VALUES ('78', '新增角色按钮', '1.59.78', '角色管理', '59', 'addButton');
INSERT INTO `t_internationalization` VALUES ('79', '角色查询文本框的提示信息', '1.59.79', '角色管理', '59', 'searchText');
INSERT INTO `t_internationalization` VALUES ('80', '角色列表查询成功的提示', '1.59.80', '角色管理', '59', 'searchSuccessText');
INSERT INTO `t_internationalization` VALUES ('81', '角色列表查询失败的提示', '1.59.81', '角色管理', '59', 'searchFailText');
INSERT INTO `t_internationalization` VALUES ('82', '删除角色成功的提示', '1.59.82', '角色管理', '59', 'deleteRoleSuccess');
INSERT INTO `t_internationalization` VALUES ('83', '删除角色失败的提示', '1.59.83', '角色管理', '59', 'deleteRoleFail');
INSERT INTO `t_internationalization` VALUES ('84', '取消删除角色的提示', '1.59.84', '角色管理', '59', 'deleteCancel');
INSERT INTO `t_internationalization` VALUES ('85', '删除角色的提示的信息', '1.59.85', '角色管理', '59', 'deleteContent');
INSERT INTO `t_internationalization` VALUES ('86', '更新角色成功的提示', '1.59.86', '角色管理', '59', 'updateRoleSuccess');
INSERT INTO `t_internationalization` VALUES ('87', '更新角色数据失败的提示', '1.59.87', '角色管理', '59', 'updateRoleFail');
INSERT INTO `t_internationalization` VALUES ('88', '角色列表的column', '1.59.88', '角色管理', '59', 'columns');
INSERT INTO `t_internationalization` VALUES ('89', '角色名称', '1.59.88.89', '角色列表的column', '88', 'roleNameTitle');
INSERT INTO `t_internationalization` VALUES ('90', '角色编码', '1.59.88.90', '角色列表的column', '88', 'roleCodeTitle');
INSERT INTO `t_internationalization` VALUES ('91', '创建时间', '1.59.88.91', '角色列表的column', '88', 'roleCrtDateTitle');
INSERT INTO `t_internationalization` VALUES ('92', '操作', '1.59.88.92', '角色列表的column', '88', 'operationTitle');
INSERT INTO `t_internationalization` VALUES ('93', '增加角色的标题', '1.59.93', '角色管理', '59', 'addTitle');
INSERT INTO `t_internationalization` VALUES ('94', '修改角色的标题', '1.59.94', '角色管理', '59', 'editTitle');
INSERT INTO `t_internationalization` VALUES ('95', '角色名称label', '1.59.95', '角色管理', '59', 'addRoleNameLabel');
INSERT INTO `t_internationalization` VALUES ('96', '角色名称holder', '1.59.96', '角色管理', '59', 'addRoleNameHolder');
INSERT INTO `t_internationalization` VALUES ('97', '角色编码label', '1.59.97', '角色管理', '59', 'addRoleCodeLabel');
INSERT INTO `t_internationalization` VALUES ('98', '角色编码holder', '1.59.98', '角色管理', '59', 'addRoleCodeHolder');
INSERT INTO `t_internationalization` VALUES ('99', '角色名称不为空验证', '1.59.99', '角色管理', '59', 'addRoleNameRuleMessage');
INSERT INTO `t_internationalization` VALUES ('100', '角色名称最大长度限制', '1.59.100', '角色管理', '59', 'addRoleNameRuleMaxMessage');
INSERT INTO `t_internationalization` VALUES ('101', '角色编码不为空验证', '1.59.101', '角色管理', '59', 'addRoleCodeRuleMessage');
INSERT INTO `t_internationalization` VALUES ('102', '角色编码最大长度限制', '1.59.102', '角色管理', '59', 'addRoleCodeRuleMaxMessage');
INSERT INTO `t_internationalization` VALUES ('103', '增加角色成功的提示', '1.59.103', '角色管理', '59', 'addSuccess');
INSERT INTO `t_internationalization` VALUES ('104', '表单验证不通过的提示', '1.59.104', '角色管理', '59', 'addFormFail');
INSERT INTO `t_internationalization` VALUES ('105', '增加角色失败的提示', '1.59.105', '角色管理', '59', 'addRoleFail');
INSERT INTO `t_internationalization` VALUES ('106', '角色名称重复的提示', '1.59.106', '角色管理', '59', 'checkRoleNameFail');
INSERT INTO `t_internationalization` VALUES ('107', '角色编码重复的提示', '1.59.107', '角色管理', '59', 'checkRoleCodeFail');
INSERT INTO `t_internationalization` VALUES ('108', '菜单管理', '1.108', '国际化', '1', 'tree');
INSERT INTO `t_internationalization` VALUES ('109', '菜单管理标题', '1.108.109', '菜单管理', '108', 'title');
INSERT INTO `t_internationalization` VALUES ('110', '创建菜单的按钮', '1.108.110', '菜单管理', '108', 'createButton');
INSERT INTO `t_internationalization` VALUES ('111', '按钮查询的文本框的提示', '1.108.111', '菜单管理', '108', 'searchText');
INSERT INTO `t_internationalization` VALUES ('112', '查询按钮列表失败的提示', '1.108.112', '菜单管理', '108', 'searchFailText');
INSERT INTO `t_internationalization` VALUES ('113', '查询按钮列表成功的提示', '1.108.113', '菜单管理', '108', 'searchSuccessText');
INSERT INTO `t_internationalization` VALUES ('114', '删除按钮成功的提示', '1.108.114', '菜单管理', '108', 'deleteButtonSuccess');
INSERT INTO `t_internationalization` VALUES ('115', '删除按钮失败的提示', '1.108.115', '菜单管理', '108', 'deleteButtonFail');
INSERT INTO `t_internationalization` VALUES ('116', '删除按钮的提示', '1.108.116', '菜单管理', '108', 'deleteContent');
INSERT INTO `t_internationalization` VALUES ('117', '取消删除行为的提示', '1.108.117', '菜单管理', '108', 'deleteCancel');
INSERT INTO `t_internationalization` VALUES ('118', '更新按钮成功的提示', '1.108.118', '菜单管理', '108', 'updateButtonSuccess');
INSERT INTO `t_internationalization` VALUES ('119', '更新按钮失败的提示', '1.108.119', '菜单管理', '108', 'updateButtonFail');
INSERT INTO `t_internationalization` VALUES ('120', '父节点的名称', '1.108.120', '菜单管理', '108', 'parentTreeName');
INSERT INTO `t_internationalization` VALUES ('121', '按钮的columns', '1.108.121', '菜单管理', '108', 'columns');
INSERT INTO `t_internationalization` VALUES ('122', '按钮名称', '1.108.121.122', '按钮的columns', '121', 'treeNameTitle');
INSERT INTO `t_internationalization` VALUES ('123', '按钮编码', '1.108.121.123', '按钮的columns', '121', 'treeCodeTitle');
INSERT INTO `t_internationalization` VALUES ('124', '按钮状态', '1.108.121.124', '按钮的columns', '121', 'treeStateTitle');
INSERT INTO `t_internationalization` VALUES ('125', '操作', '1.108.121.125', '按钮的columns', '121', 'operationTitle');
INSERT INTO `t_internationalization` VALUES ('126', '菜单的按钮集', '1.108.126', '菜单管理', '108', 'treeButton');
INSERT INTO `t_internationalization` VALUES ('127', '增加菜单按钮名称', '1.108.126.127', '菜单的按钮集', '126', 'addTreeButton');
INSERT INTO `t_internationalization` VALUES ('128', '修改菜单按钮名称', '1.108.126.128', '菜单的按钮集', '126', 'modifyTreeButton');
INSERT INTO `t_internationalization` VALUES ('129', '删除按钮的名称', '1.108.126.129', '菜单的按钮集', '126', 'deleteTreeButton');
INSERT INTO `t_internationalization` VALUES ('130', '新增按钮标题', '1.108.130', '菜单管理', '108', 'addButtonTitle');
INSERT INTO `t_internationalization` VALUES ('131', '父菜单节点的label', '1.108.131', '菜单管理', '108', 'addParentTreeNameLabel');
INSERT INTO `t_internationalization` VALUES ('132', '按钮名称的label', '1.108.132', '菜单管理', '108', 'addButtonNameLabel');
INSERT INTO `t_internationalization` VALUES ('133', '按钮名称的holder', '1.108.133', '菜单管理', '108', 'addButtonNameHolder');
INSERT INTO `t_internationalization` VALUES ('134', '按钮编码的label', '1.108.134', '菜单管理', '108', 'addButtonCodeLabel');
INSERT INTO `t_internationalization` VALUES ('135', '按钮编码的holder', '1.108.135', '菜单管理', '108', 'addButtonCodeHolder');
INSERT INTO `t_internationalization` VALUES ('136', '按钮权限的label', '1.108.136', '菜单管理', '108', 'addButtonPowerPathLabel');
INSERT INTO `t_internationalization` VALUES ('137', '按钮名称不为空的验证', '1.108.137', '菜单管理', '108', 'addButtonNameRuleMessage');
INSERT INTO `t_internationalization` VALUES ('138', '按钮名称最大值限制', '1.108.138', '菜单管理', '108', 'addButtonNameRuleMaxMessage');
INSERT INTO `t_internationalization` VALUES ('139', '按钮编码不为空提示', '1.108.139', '菜单管理', '108', 'addButtonCodeRuleMessage');
INSERT INTO `t_internationalization` VALUES ('140', '按钮编码最大值限制', '1.108.140', '菜单管理', '108', 'addButtonCodeRuleMaxMessage');
INSERT INTO `t_internationalization` VALUES ('141', '验证不通过的提示', '1.108.141', '菜单管理', '108', 'checkFail');
INSERT INTO `t_internationalization` VALUES ('142', '增加按钮节点成功的提示', '1.108.142', '菜单管理', '108', 'addButtonSuccess');
INSERT INTO `t_internationalization` VALUES ('143', '增加按钮节点失败的提示', '1.108.143', '菜单管理', '108', 'addButtonFail');
INSERT INTO `t_internationalization` VALUES ('144', '是否冻结当前按钮的提示', '1.108.144', '菜单管理', '108', 'freezeContent');
INSERT INTO `t_internationalization` VALUES ('145', '是否解冻当前按钮的提示', '1.108.145', '菜单管理', '108', 'thawContent');
INSERT INTO `t_internationalization` VALUES ('146', '操作成功的提示', '1.108.146', '菜单管理', '108', 'operateButtonSuccess');
INSERT INTO `t_internationalization` VALUES ('147', '操作失败的提示', '1.108.147', '菜单管理', '108', 'operateButtonFail');
INSERT INTO `t_internationalization` VALUES ('148', '增加菜单的标题', '1.108.148', '菜单管理', '108', 'addTreeTitle');
INSERT INTO `t_internationalization` VALUES ('149', '菜单名称的label', '1.108.149', '菜单管理', '108', 'addTreeNameLabel');
INSERT INTO `t_internationalization` VALUES ('150', '菜单名称的holder', '1.108.150', '菜单管理', '108', 'addTreeNameHolder');
INSERT INTO `t_internationalization` VALUES ('151', '菜单编码的label', '1.108.151', '菜单管理', '108', 'addTreeCodeLabel');
INSERT INTO `t_internationalization` VALUES ('152', '菜单编码的holder', '1.108.152', '菜单管理', '108', 'addTreeCodeHolder');
INSERT INTO `t_internationalization` VALUES ('153', '菜单权限的label', '1.108.153', '菜单管理', '108', 'addPowerPathLabel');
INSERT INTO `t_internationalization` VALUES ('154', '菜单权限的holder', '1.108.154', '菜单管理', '108', 'addPowerPathHolder');
INSERT INTO `t_internationalization` VALUES ('155', '节点编码验证失败的提示', '1.108.155', '菜单管理', '108', 'checkTreeFail');
INSERT INTO `t_internationalization` VALUES ('156', '菜单名称不为空的验证', '1.108.156', '菜单管理', '108', 'addTreeNameRuleMessage');
INSERT INTO `t_internationalization` VALUES ('157', '菜单名称最大长度的限制', '1.108.157', '菜单管理', '108', 'addTreeNameRuleMaxMessage');
INSERT INTO `t_internationalization` VALUES ('158', '菜单编码不为空的验证', '1.108.158', '菜单管理', '108', 'addTreeCodeRuleMessage');
INSERT INTO `t_internationalization` VALUES ('159', '菜单编码最大值的限制', '1.108.159', '菜单管理', '108', 'addTreeCodeRuleMaxMessage');
INSERT INTO `t_internationalization` VALUES ('160', '增加菜单节点成功的提示', '1.108.160', '菜单管理', '108', 'addTreeSuccess');
INSERT INTO `t_internationalization` VALUES ('161', '增加菜单节点失败的提示', '1.108.161', '菜单管理', '108', 'addTreeFail');
INSERT INTO `t_internationalization` VALUES ('162', '删除按钮节点的提示', '1.108.162', '菜单管理', '108', 'deleteTreeContent');
INSERT INTO `t_internationalization` VALUES ('163', '用户管理', '1.163', '国际化', '1', 'user');
INSERT INTO `t_internationalization` VALUES ('164', '用户组织架构管理的标题', '1.163.164', '用户管理', '163', 'title');
INSERT INTO `t_internationalization` VALUES ('165', '组织的按钮集合', '1.163.165', '用户管理', '163', 'orgButton');
INSERT INTO `t_internationalization` VALUES ('166', '新增', '1.163.165.166', '组织的按钮集合', '165', 'addOrgButton');
INSERT INTO `t_internationalization` VALUES ('167', '修改', '1.163.165.167', '组织的按钮集合', '165', 'modifyOrgButton');
INSERT INTO `t_internationalization` VALUES ('168', '删除', '1.163.165.168', '组织的按钮集合', '165', 'deleteOrgButton');
INSERT INTO `t_internationalization` VALUES ('169', '用户列表的column', '1.163.169', '用户管理', '163', 'columns');
INSERT INTO `t_internationalization` VALUES ('170', '账号', '1.163.169.170', '用户列表的column', '169', 'loginAccountTitle');
INSERT INTO `t_internationalization` VALUES ('171', '姓名', '1.163.169.171', '用户列表的column', '169', 'nickNameTitle');
INSERT INTO `t_internationalization` VALUES ('172', '创建时间', '1.163.169.172', '用户列表的column', '169', 'crtDateTitle');
INSERT INTO `t_internationalization` VALUES ('173', '最后登录时间', '1.163.169.173', '用户列表的column', '169', 'lastLoginDateTitle');
INSERT INTO `t_internationalization` VALUES ('174', '操作', '1.163.169.174', '用户列表的column', '169', 'operationTitle');
INSERT INTO `t_internationalization` VALUES ('175', '创建用户按钮', '1.163.175', '用户管理', '163', 'createUser');
INSERT INTO `t_internationalization` VALUES ('176', '查询用户的搜索框的提示', '1.163.176', '用户管理', '163', 'searchText');
INSERT INTO `t_internationalization` VALUES ('177', '查询用户列表成功的提示', '1.163.177', '用户管理', '163', 'searchSuccessText');
INSERT INTO `t_internationalization` VALUES ('178', '查询用户列表失败的提示', '1.163.178', '用户管理', '163', 'searchFailText');
INSERT INTO `t_internationalization` VALUES ('179', '虚拟顶级组织的名称', '1.163.179', '用户管理', '163', 'parentOrgName');
INSERT INTO `t_internationalization` VALUES ('180', '新增用户的标题', '1.163.180', '用户管理', '163', 'addTitle');
INSERT INTO `t_internationalization` VALUES ('181', '用户账号的label', '1.163.181', '用户管理', '163', 'addLoginAccountLabel');
INSERT INTO `t_internationalization` VALUES ('182', '用户账号的holder', '1.163.182', '用户管理', '163', 'addLoginAccountLabelHolder');
INSERT INTO `t_internationalization` VALUES ('183', '用户姓名的label', '1.163.183', '用户管理', '163', 'addNickNameLabel');
INSERT INTO `t_internationalization` VALUES ('184', '联系地址的label', '1.163.184', '用户管理', '163', 'addPcaLabel');
INSERT INTO `t_internationalization` VALUES ('185', '街道地址label', '1.163.185', '用户管理', '163', 'addAddressLabel');
INSERT INTO `t_internationalization` VALUES ('186', '用户地址不为空的提示', '1.163.186', '用户管理', '163', 'addAddressRuleMessage');
INSERT INTO `t_internationalization` VALUES ('187', '联系地址不为空的提示', '1.163.187', '用户管理', '163', 'addPcaRuleMessage');
INSERT INTO `t_internationalization` VALUES ('188', '用户姓名的holder', '1.163.188', '用户管理', '163', 'addNickNameHolder');
INSERT INTO `t_internationalization` VALUES ('189', '用户角色的label', '1.163.189', '用户管理', '163', 'addRoleLabel');
INSERT INTO `t_internationalization` VALUES ('190', '用户角色的holder', '1.163.190', '用户管理', '163', 'addRoleLabelHolder');
INSERT INTO `t_internationalization` VALUES ('191', '用户账号不为空的验证', '1.163.191', '用户管理', '163', 'addLoginAccountRuleMessage');
INSERT INTO `t_internationalization` VALUES ('192', '用户账号最大限制', '1.163.192', '用户管理', '163', 'addLoginAccountRuleMaxMessage');
INSERT INTO `t_internationalization` VALUES ('193', '用户姓名的最大值限制', '1.163.193', '用户管理', '163', 'addNickNameRuleMaxMessage');
INSERT INTO `t_internationalization` VALUES ('194', '用户角色不为空的验证', '1.163.194', '用户管理', '163', 'addRolesRuleMessage');
INSERT INTO `t_internationalization` VALUES ('195', '组织架构不为空的验证', '1.163.195', '用户管理', '163', 'addOrgIdsRuleMessage');
INSERT INTO `t_internationalization` VALUES ('196', '新增用户失败的提示', '1.163.196', '用户管理', '163', 'addUserFail');
INSERT INTO `t_internationalization` VALUES ('197', '账户验证失败的提示', '1.163.197', '用户管理', '163', 'checkUserFail');
INSERT INTO `t_internationalization` VALUES ('198', '修改用户标题', '1.163.198', '用户管理', '163', 'updateTitle');
INSERT INTO `t_internationalization` VALUES ('199', '修改用户失败的提示', '1.163.199', '用户管理', '163', 'updateUserFail');
INSERT INTO `t_internationalization` VALUES ('200', '删除用户的提示信息', '1.163.200', '用户管理', '163', 'deleteUserContent');
INSERT INTO `t_internationalization` VALUES ('201', '取消删除操作的提示', '1.163.201', '用户管理', '163', 'deleteCancel');

-- ----------------------------
-- Table structure for `t_internationalization_language`
-- ----------------------------
DROP TABLE IF EXISTS `t_internationalization_language`;
CREATE TABLE `t_internationalization_language` (
  `internationalizationLanguageId` int(11) NOT NULL AUTO_INCREMENT COMMENT '流水ID',
  `internationalizationId` int(11) DEFAULT NULL COMMENT '国际化流水ID',
  `languageId` int(11) DEFAULT NULL COMMENT '语言类型ID',
  `internationalizationLanguageKey` varchar(128) COLLATE utf8mb4_general_ci DEFAULT NULL COMMENT '语言的key',
  `internationalizationLanguageValue` varchar(128) COLLATE utf8mb4_general_ci DEFAULT NULL COMMENT '语言的value',
  PRIMARY KEY (`internationalizationLanguageId`)
) ENGINE=InnoDB AUTO_INCREMENT=651 DEFAULT CHARSET=utf8mb4 COLLATE=utf8mb4_general_ci;

-- ----------------------------
-- Records of t_internationalization_language
-- ----------------------------
INSERT INTO `t_internationalization_language` VALUES ('74', '18', '11', 'dict', 'dict');
INSERT INTO `t_internationalization_language` VALUES ('75', '18', '12', 'dict', 'dict');
INSERT INTO `t_internationalization_language` VALUES ('76', '18', '13', 'dict', 'dict');
INSERT INTO `t_internationalization_language` VALUES ('77', '18', '14', 'dict', 'dict');
INSERT INTO `t_internationalization_language` VALUES ('78', '1', '11', 'top', 'top');
INSERT INTO `t_internationalization_language` VALUES ('79', '1', '12', 'top', 'top');
INSERT INTO `t_internationalization_language` VALUES ('80', '1', '13', 'top', 'top');
INSERT INTO `t_internationalization_language` VALUES ('81', '1', '14', 'top', 'top');
INSERT INTO `t_internationalization_language` VALUES ('90', '21', '11', 'title', '数据字典维护');
INSERT INTO `t_internationalization_language` VALUES ('91', '21', '12', 'title', '数据字典维护');
INSERT INTO `t_internationalization_language` VALUES ('92', '21', '13', 'title', 'Dictionary manage');
INSERT INTO `t_internationalization_language` VALUES ('93', '22', '11', 'addButton', '新增字典');
INSERT INTO `t_internationalization_language` VALUES ('94', '22', '12', 'addButton', '新增字典');
INSERT INTO `t_internationalization_language` VALUES ('95', '22', '13', 'addButton', 'Add Dictionary');
INSERT INTO `t_internationalization_language` VALUES ('96', '23', '11', 'searchText', '请输入相应的查询条件');
INSERT INTO `t_internationalization_language` VALUES ('97', '23', '12', 'searchText', '请输入相应的查询条件');
INSERT INTO `t_internationalization_language` VALUES ('98', '23', '13', 'searchText', 'Please enter search value');
INSERT INTO `t_internationalization_language` VALUES ('102', '24', '11', 'searchFailText', '查询数据字典列表失败');
INSERT INTO `t_internationalization_language` VALUES ('103', '24', '12', 'searchFailText', '查询数据字典列表失败');
INSERT INTO `t_internationalization_language` VALUES ('104', '24', '13', 'searchFailText', 'Failed to query dictionary');
INSERT INTO `t_internationalization_language` VALUES ('105', '25', '11', 'searchSuccessText', '查询数据字典列表成功');
INSERT INTO `t_internationalization_language` VALUES ('106', '25', '12', 'searchSuccessText', '查询数据字典列表成功');
INSERT INTO `t_internationalization_language` VALUES ('107', '25', '13', 'searchSuccessText', 'Query data dictionary list successfully');
INSERT INTO `t_internationalization_language` VALUES ('108', '26', '11', 'deleteDictSuccess', '删除字典数据成功');
INSERT INTO `t_internationalization_language` VALUES ('109', '26', '12', 'deleteDictSuccess', '删除字典数据成功');
INSERT INTO `t_internationalization_language` VALUES ('110', '26', '13', 'deleteDictSuccess', 'Delete dictionary data successfully');
INSERT INTO `t_internationalization_language` VALUES ('111', '27', '11', 'deleteDictFail', '删除字典数据失败');
INSERT INTO `t_internationalization_language` VALUES ('112', '27', '12', 'deleteDictFail', '删除字典数据失败');
INSERT INTO `t_internationalization_language` VALUES ('113', '27', '13', 'deleteDictFail', 'Failed to delete dictionary data');
INSERT INTO `t_internationalization_language` VALUES ('114', '28', '11', 'deleteCancel', '您取消了当前的操作行为');
INSERT INTO `t_internationalization_language` VALUES ('115', '28', '12', 'deleteCancel', '您取消了当前的操作行为');
INSERT INTO `t_internationalization_language` VALUES ('116', '28', '13', 'deleteCancel', 'You cancelled the current action');
INSERT INTO `t_internationalization_language` VALUES ('117', '29', '11', 'deleteContent', '是否删除当前你选中的字典数据？');
INSERT INTO `t_internationalization_language` VALUES ('118', '29', '12', 'deleteContent', '是否删除当前你选中的字典数据？');
INSERT INTO `t_internationalization_language` VALUES ('119', '29', '13', 'deleteContent', 'Do you delete the dictionary data you currently selected？');
INSERT INTO `t_internationalization_language` VALUES ('120', '30', '11', 'columns', 'columns');
INSERT INTO `t_internationalization_language` VALUES ('121', '30', '12', 'columns', 'columns');
INSERT INTO `t_internationalization_language` VALUES ('122', '30', '13', 'columns', 'columns');
INSERT INTO `t_internationalization_language` VALUES ('129', '31', '11', 'dictTypeTitle', '字典类型');
INSERT INTO `t_internationalization_language` VALUES ('130', '31', '12', 'dictTypeTitle', '字典类型');
INSERT INTO `t_internationalization_language` VALUES ('131', '31', '13', 'dictTypeTitle', 'Dictionary type');
INSERT INTO `t_internationalization_language` VALUES ('132', '32', '11', 'dictCodeTitle', '字典编码');
INSERT INTO `t_internationalization_language` VALUES ('133', '32', '12', 'dictCodeTitle', '字典编码');
INSERT INTO `t_internationalization_language` VALUES ('134', '32', '13', 'dictCodeTitle', 'Dictionary code');
INSERT INTO `t_internationalization_language` VALUES ('135', '33', '11', 'dictTextTitle', '字典描述');
INSERT INTO `t_internationalization_language` VALUES ('136', '33', '12', 'dictTextTitle', '字典描述');
INSERT INTO `t_internationalization_language` VALUES ('137', '33', '13', 'dictTextTitle', 'Dictionary text');
INSERT INTO `t_internationalization_language` VALUES ('138', '34', '11', 'dictValueTitle', '字典数值');
INSERT INTO `t_internationalization_language` VALUES ('139', '34', '12', 'dictValueTitle', '字典数值');
INSERT INTO `t_internationalization_language` VALUES ('140', '34', '13', 'dictValueTitle', 'Dictionary value');
INSERT INTO `t_internationalization_language` VALUES ('141', '35', '11', 'operationTitle', '操作');
INSERT INTO `t_internationalization_language` VALUES ('142', '35', '12', 'operationTitle', '操作');
INSERT INTO `t_internationalization_language` VALUES ('143', '35', '13', 'operationTitle', 'operation');
INSERT INTO `t_internationalization_language` VALUES ('144', '36', '11', 'addTitle', '增加');
INSERT INTO `t_internationalization_language` VALUES ('145', '36', '12', 'addTitle', '增加');
INSERT INTO `t_internationalization_language` VALUES ('146', '36', '13', 'addTitle', 'Add');
INSERT INTO `t_internationalization_language` VALUES ('147', '37', '11', 'addDictTypeLabel', '字典类型');
INSERT INTO `t_internationalization_language` VALUES ('148', '37', '12', 'addDictTypeLabel', '字典类型');
INSERT INTO `t_internationalization_language` VALUES ('149', '37', '13', 'addDictTypeLabel', 'Dictionary type');
INSERT INTO `t_internationalization_language` VALUES ('150', '38', '11', 'addDictTypeHolder', '请输入字典类型');
INSERT INTO `t_internationalization_language` VALUES ('151', '38', '12', 'addDictTypeHolder', '请输入字典类型');
INSERT INTO `t_internationalization_language` VALUES ('152', '38', '13', 'addDictTypeHolder', 'Please enter the dictionary type');
INSERT INTO `t_internationalization_language` VALUES ('153', '39', '11', 'addDictCodeLabel', '字典编码');
INSERT INTO `t_internationalization_language` VALUES ('154', '39', '12', 'addDictCodeLabel', '字典编码');
INSERT INTO `t_internationalization_language` VALUES ('155', '39', '13', 'addDictCodeLabel', 'Dictionary code');
INSERT INTO `t_internationalization_language` VALUES ('156', '40', '11', 'addDictCodeHolder', '请输入字典编码');
INSERT INTO `t_internationalization_language` VALUES ('157', '40', '12', 'addDictCodeHolder', '请输入字典编码');
INSERT INTO `t_internationalization_language` VALUES ('158', '40', '13', 'addDictCodeHolder', 'Please enter the dictionary code');
INSERT INTO `t_internationalization_language` VALUES ('159', '41', '11', 'addDictTextLabel', '字典描述');
INSERT INTO `t_internationalization_language` VALUES ('160', '41', '12', 'addDictTextLabel', '字典描述');
INSERT INTO `t_internationalization_language` VALUES ('161', '41', '13', 'addDictTextLabel', 'Dictionary text');
INSERT INTO `t_internationalization_language` VALUES ('162', '42', '11', 'addDictTextHolder', '请输入字典描述');
INSERT INTO `t_internationalization_language` VALUES ('163', '42', '12', 'addDictTextHolder', '请输入字典描述');
INSERT INTO `t_internationalization_language` VALUES ('164', '42', '13', 'addDictTextHolder', 'Please enter the dictionary text');
INSERT INTO `t_internationalization_language` VALUES ('165', '43', '11', 'addDictValueLabel', '字典数值');
INSERT INTO `t_internationalization_language` VALUES ('166', '43', '12', 'addDictValueLabel', '字典数值');
INSERT INTO `t_internationalization_language` VALUES ('167', '43', '13', 'addDictValueLabel', 'Dictionary value');
INSERT INTO `t_internationalization_language` VALUES ('168', '44', '11', 'addDictValueHolder', '请输入字典数值');
INSERT INTO `t_internationalization_language` VALUES ('169', '44', '12', 'addDictValueHolder', '请输入字典数值');
INSERT INTO `t_internationalization_language` VALUES ('170', '44', '13', 'addDictValueHolder', 'Please enter the dictionary value');
INSERT INTO `t_internationalization_language` VALUES ('171', '45', '11', 'addDictTypeRuleMessage', '请输入字典类型');
INSERT INTO `t_internationalization_language` VALUES ('172', '45', '12', 'addDictTypeRuleMessage', '请输入字典类型');
INSERT INTO `t_internationalization_language` VALUES ('173', '45', '13', 'addDictTypeRuleMessage', 'Please enter the dictionary type');
INSERT INTO `t_internationalization_language` VALUES ('174', '46', '11', 'addDictTypeRuleMaxMessage', '字典类型允许输入最大长度为50个字符');
INSERT INTO `t_internationalization_language` VALUES ('175', '46', '12', 'addDictTypeRuleMaxMessage', '字典类型允许输入最大长度为50个字符');
INSERT INTO `t_internationalization_language` VALUES ('176', '46', '13', 'addDictTypeRuleMaxMessage', 'Dictionary type allows input of up to 50 characters');
INSERT INTO `t_internationalization_language` VALUES ('177', '47', '11', 'addDictCodeRuleMessage', '请输入字典编码');
INSERT INTO `t_internationalization_language` VALUES ('178', '47', '12', 'addDictCodeRuleMessage', '请输入字典编码');
INSERT INTO `t_internationalization_language` VALUES ('179', '47', '13', 'addDictCodeRuleMessage', 'Please enter the dictionary code');
INSERT INTO `t_internationalization_language` VALUES ('180', '48', '11', 'addDictCodeRuleMaxMessage', '字典编码允许输入最大长度为50个字符');
INSERT INTO `t_internationalization_language` VALUES ('181', '48', '12', 'addDictCodeRuleMaxMessage', '字典编码允许输入最大长度为50个字符');
INSERT INTO `t_internationalization_language` VALUES ('182', '48', '13', 'addDictCodeRuleMaxMessage', 'Dictionary code allows input of up to 50 character');
INSERT INTO `t_internationalization_language` VALUES ('183', '49', '11', 'addDictTextRuleMessage', '请输入字典描述');
INSERT INTO `t_internationalization_language` VALUES ('184', '49', '12', 'addDictTextRuleMessage', '请输入字典描述');
INSERT INTO `t_internationalization_language` VALUES ('185', '49', '13', 'addDictTextRuleMessage', 'Please enter the dictionary text');
INSERT INTO `t_internationalization_language` VALUES ('189', '51', '11', 'addDictValueRuleMessage', '请输入字典数值');
INSERT INTO `t_internationalization_language` VALUES ('190', '51', '12', 'addDictValueRuleMessage', '请输入字典数值');
INSERT INTO `t_internationalization_language` VALUES ('191', '51', '13', 'addDictValueRuleMessage', 'Please enter the dictionary value');
INSERT INTO `t_internationalization_language` VALUES ('192', '52', '11', 'addDictValueRuleMaxMessage', '字典数值允许输入最大长度为50个字符');
INSERT INTO `t_internationalization_language` VALUES ('193', '52', '12', 'addDictValueRuleMaxMessage', '字典数值允许输入最大长度为50个字符');
INSERT INTO `t_internationalization_language` VALUES ('194', '52', '13', 'addDictValueRuleMaxMessage', 'Dictionary value allows input of up to 50 characters');
INSERT INTO `t_internationalization_language` VALUES ('195', '50', '11', 'addDictTextRuleMaxMessage', '字典描述允许输入最大长度为50个字符');
INSERT INTO `t_internationalization_language` VALUES ('196', '50', '12', 'addDictTextRuleMaxMessage', '字典描述允许输入最大长度为50个字符');
INSERT INTO `t_internationalization_language` VALUES ('197', '50', '13', 'addDictTextRuleMaxMessage', 'Dictionary text allows input of up to 50 characters');
INSERT INTO `t_internationalization_language` VALUES ('198', '53', '11', 'addSuccess', '增加字典数据成功');
INSERT INTO `t_internationalization_language` VALUES ('199', '53', '12', 'addSuccess', '增加字典数据成功');
INSERT INTO `t_internationalization_language` VALUES ('200', '53', '13', 'addSuccess', 'Success in adding dictionary data');
INSERT INTO `t_internationalization_language` VALUES ('201', '54', '11', 'addFormFail', '表单验证失败，请检查表单！');
INSERT INTO `t_internationalization_language` VALUES ('202', '54', '12', 'addFormFail', '表单验证失败，请检查表单！');
INSERT INTO `t_internationalization_language` VALUES ('203', '54', '13', 'addFormFail', 'Form validation failed, please check the form！');
INSERT INTO `t_internationalization_language` VALUES ('204', '55', '11', 'addDictFail', '增加字典数据失败');
INSERT INTO `t_internationalization_language` VALUES ('205', '55', '12', 'addDictFail', '增加字典数据失败');
INSERT INTO `t_internationalization_language` VALUES ('206', '55', '13', 'addDictFail', 'Failure to add dictionary data');
INSERT INTO `t_internationalization_language` VALUES ('207', '56', '11', 'checkFail', '验证不通过，该字典类型的字典编码的值已经存在了，请修改字典编码的值');
INSERT INTO `t_internationalization_language` VALUES ('208', '56', '12', 'checkFail', '验证不通过，该字典类型的字典编码的值已经存在了，请修改字典编码的值');
INSERT INTO `t_internationalization_language` VALUES ('209', '56', '13', 'checkFail', 'Validation failed. The dictionary code value of this dictionary type already exists. Please modify t');
INSERT INTO `t_internationalization_language` VALUES ('210', '57', '11', 'updateDictSuccess', '更新字典数据成功');
INSERT INTO `t_internationalization_language` VALUES ('211', '57', '12', 'updateDictSuccess', '更新字典数据成功');
INSERT INTO `t_internationalization_language` VALUES ('212', '57', '13', 'updateDictSuccess', 'Success in update dictionary data');
INSERT INTO `t_internationalization_language` VALUES ('213', '58', '11', 'updateDictFail', '更新字典数据失败');
INSERT INTO `t_internationalization_language` VALUES ('214', '58', '12', 'updateDictFail', '更新字典数据失败');
INSERT INTO `t_internationalization_language` VALUES ('215', '58', '13', 'updateDictFail', 'Failure to update dictionary data');
INSERT INTO `t_internationalization_language` VALUES ('216', '59', '11', 'role', 'role');
INSERT INTO `t_internationalization_language` VALUES ('217', '59', '12', 'role', 'role');
INSERT INTO `t_internationalization_language` VALUES ('218', '59', '13', 'role', 'role');
INSERT INTO `t_internationalization_language` VALUES ('219', '60', '11', 'org', 'org');
INSERT INTO `t_internationalization_language` VALUES ('220', '60', '12', 'org', 'org');
INSERT INTO `t_internationalization_language` VALUES ('221', '60', '13', 'org', 'org');
INSERT INTO `t_internationalization_language` VALUES ('222', '61', '11', 'addTitle', '新增组织');
INSERT INTO `t_internationalization_language` VALUES ('223', '61', '12', 'addTitle', '新增组织');
INSERT INTO `t_internationalization_language` VALUES ('224', '61', '13', 'addTitle', 'add Organization');
INSERT INTO `t_internationalization_language` VALUES ('225', '62', '11', 'addParentOrgNameLabel', '父组织架构名称');
INSERT INTO `t_internationalization_language` VALUES ('226', '62', '12', 'addParentOrgNameLabel', '父组织架构名称');
INSERT INTO `t_internationalization_language` VALUES ('227', '62', '13', 'addParentOrgNameLabel', 'parent of Organization name');
INSERT INTO `t_internationalization_language` VALUES ('231', '64', '11', 'addOrgNameLabel', '组织架构名称');
INSERT INTO `t_internationalization_language` VALUES ('232', '64', '12', 'addOrgNameLabel', '组织架构名称');
INSERT INTO `t_internationalization_language` VALUES ('233', '64', '13', 'addOrgNameLabel', 'Organization name');
INSERT INTO `t_internationalization_language` VALUES ('234', '63', '11', 'addParentOrgNameLabelHolder', '请选择父组织架构');
INSERT INTO `t_internationalization_language` VALUES ('235', '63', '12', 'addParentOrgNameLabelHolder', '请选择父组织架构');
INSERT INTO `t_internationalization_language` VALUES ('236', '63', '13', 'addParentOrgNameLabelHolder', 'please select Organization');
INSERT INTO `t_internationalization_language` VALUES ('237', '65', '11', 'addOrgNameHolder', '请输入组织架构名称');
INSERT INTO `t_internationalization_language` VALUES ('238', '65', '12', 'addOrgNameHolder', '请输入组织架构名称');
INSERT INTO `t_internationalization_language` VALUES ('239', '65', '13', 'addOrgNameHolder', 'Please Enter Organization Name');
INSERT INTO `t_internationalization_language` VALUES ('240', '66', '11', 'addOrgCodeLabel', '组织架构编码');
INSERT INTO `t_internationalization_language` VALUES ('241', '66', '12', 'addOrgCodeLabel', '组织架构编码');
INSERT INTO `t_internationalization_language` VALUES ('242', '66', '13', 'addOrgCodeLabel', 'Organization code');
INSERT INTO `t_internationalization_language` VALUES ('243', '67', '11', 'addOrgCodeHolder', '请输入组织架构编码');
INSERT INTO `t_internationalization_language` VALUES ('244', '67', '12', 'addOrgCodeHolder', '请输入组织架构编码');
INSERT INTO `t_internationalization_language` VALUES ('245', '67', '13', 'addOrgCodeHolder', 'please enter Organization code');
INSERT INTO `t_internationalization_language` VALUES ('246', '68', '11', 'addOrgNameRuleMessage', '请输入组织架构名称');
INSERT INTO `t_internationalization_language` VALUES ('247', '68', '12', 'addOrgNameRuleMessage', '请输入组织架构名称');
INSERT INTO `t_internationalization_language` VALUES ('248', '68', '13', 'addOrgNameRuleMessage', 'please enter Organization name');
INSERT INTO `t_internationalization_language` VALUES ('249', '69', '11', 'addOrgNameRuleMaxMessage', '组织架构名称允许输入最大长度为50个字符');
INSERT INTO `t_internationalization_language` VALUES ('250', '69', '12', 'addOrgNameRuleMaxMessage', '组织架构名称允许输入最大长度为50个字符');
INSERT INTO `t_internationalization_language` VALUES ('251', '69', '13', 'addOrgNameRuleMaxMessage', 'Organization name allows input of up to 50 characters');
INSERT INTO `t_internationalization_language` VALUES ('252', '70', '11', 'addOrgCodeRuleMessage', '请输入组织架构编码');
INSERT INTO `t_internationalization_language` VALUES ('253', '70', '12', 'addOrgCodeRuleMessage', '请输入组织架构编码');
INSERT INTO `t_internationalization_language` VALUES ('254', '70', '13', 'addOrgCodeRuleMessage', 'please enter Organization code');
INSERT INTO `t_internationalization_language` VALUES ('255', '71', '11', 'addOrgCodeRuleMaxMessage', '组织架构编码允许输入最大长度为50个字符');
INSERT INTO `t_internationalization_language` VALUES ('256', '71', '12', 'addOrgCodeRuleMaxMessage', '组织架构编码允许输入最大长度为50个字符');
INSERT INTO `t_internationalization_language` VALUES ('257', '71', '13', 'addOrgCodeRuleMaxMessage', 'please enter Organization code');
INSERT INTO `t_internationalization_language` VALUES ('258', '72', '11', 'checkOrgFail', '验证组织架构不通过');
INSERT INTO `t_internationalization_language` VALUES ('259', '72', '12', 'checkOrgFail', '验证组织架构不通过');
INSERT INTO `t_internationalization_language` VALUES ('260', '72', '13', 'checkOrgFail', 'Form validation failed, please check the form！');
INSERT INTO `t_internationalization_language` VALUES ('261', '73', '11', 'addOrgFail', '增加组织架构失败');
INSERT INTO `t_internationalization_language` VALUES ('262', '73', '12', 'addOrgFail', '增加组织架构失败');
INSERT INTO `t_internationalization_language` VALUES ('263', '73', '13', 'addOrgFail', 'failed to add Organization');
INSERT INTO `t_internationalization_language` VALUES ('264', '74', '11', 'deleteOrgContent', '是否删除当前选中的组织架构？');
INSERT INTO `t_internationalization_language` VALUES ('265', '74', '12', 'deleteOrgContent', '是否删除当前选中的组织架构？');
INSERT INTO `t_internationalization_language` VALUES ('266', '74', '13', 'deleteOrgContent', 'Do you delete the Organization data you currently selected？');
INSERT INTO `t_internationalization_language` VALUES ('267', '75', '11', 'deleteCancel', '取消删除请求');
INSERT INTO `t_internationalization_language` VALUES ('268', '75', '12', 'deleteCancel', '取消删除请求');
INSERT INTO `t_internationalization_language` VALUES ('269', '75', '13', 'deleteCancel', 'You cancelled the current action');
INSERT INTO `t_internationalization_language` VALUES ('270', '76', '11', 'updateTitle', '更新组织');
INSERT INTO `t_internationalization_language` VALUES ('271', '76', '12', 'updateTitle', '更新组织');
INSERT INTO `t_internationalization_language` VALUES ('272', '76', '13', 'updateTitle', 'update Organization');
INSERT INTO `t_internationalization_language` VALUES ('273', '77', '11', 'title', '角色管理');
INSERT INTO `t_internationalization_language` VALUES ('274', '77', '12', 'title', '角色管理');
INSERT INTO `t_internationalization_language` VALUES ('275', '77', '13', 'title', 'role manage');
INSERT INTO `t_internationalization_language` VALUES ('276', '78', '11', 'addButton', '新增角色');
INSERT INTO `t_internationalization_language` VALUES ('277', '78', '12', 'addButton', '新增角色');
INSERT INTO `t_internationalization_language` VALUES ('278', '78', '13', 'addButton', 'add role');
INSERT INTO `t_internationalization_language` VALUES ('279', '79', '11', 'searchText', '请输入角色编码或者角色名称来进行查询');
INSERT INTO `t_internationalization_language` VALUES ('280', '79', '12', 'searchText', '请输入角色编码或者角色名称来进行查询');
INSERT INTO `t_internationalization_language` VALUES ('281', '79', '13', 'searchText', 'please enter search value');
INSERT INTO `t_internationalization_language` VALUES ('282', '80', '11', 'searchSuccessText', '查询角色列表成功');
INSERT INTO `t_internationalization_language` VALUES ('283', '80', '12', 'searchSuccessText', '查询角色列表成功');
INSERT INTO `t_internationalization_language` VALUES ('284', '80', '13', 'searchSuccessText', 'Query data role list successfully');
INSERT INTO `t_internationalization_language` VALUES ('285', '81', '11', 'searchFailText', '查询角色列表失败');
INSERT INTO `t_internationalization_language` VALUES ('286', '81', '12', 'searchFailText', '查询角色列表失败');
INSERT INTO `t_internationalization_language` VALUES ('287', '81', '13', 'searchFailText', 'Failed to dataQuery role');
INSERT INTO `t_internationalization_language` VALUES ('288', '82', '11', 'deleteRoleSuccess', '删除角色成功');
INSERT INTO `t_internationalization_language` VALUES ('289', '82', '12', 'deleteRoleSuccess', '删除角色成功');
INSERT INTO `t_internationalization_language` VALUES ('290', '82', '13', 'deleteRoleSuccess', 'Delete role data successfully');
INSERT INTO `t_internationalization_language` VALUES ('291', '83', '11', 'deleteRoleFail', '删除角色数据失败');
INSERT INTO `t_internationalization_language` VALUES ('292', '83', '12', 'deleteRoleFail', '删除角色数据失败');
INSERT INTO `t_internationalization_language` VALUES ('293', '83', '13', 'deleteRoleFail', 'Failed to delete role data');
INSERT INTO `t_internationalization_language` VALUES ('294', '84', '11', 'deleteCancel', '您取消了当前的操作行为');
INSERT INTO `t_internationalization_language` VALUES ('295', '84', '12', 'deleteCancel', '您取消了当前的操作行为');
INSERT INTO `t_internationalization_language` VALUES ('296', '84', '13', 'deleteCancel', 'You cancelled the current action');
INSERT INTO `t_internationalization_language` VALUES ('297', '85', '11', 'deleteContent', '是否删除当前你选中的角色数据?');
INSERT INTO `t_internationalization_language` VALUES ('298', '85', '12', 'deleteContent', '是否删除当前你选中的角色数据?');
INSERT INTO `t_internationalization_language` VALUES ('299', '85', '13', 'deleteContent', 'Do you delete the role data you currently selected?');
INSERT INTO `t_internationalization_language` VALUES ('300', '86', '11', 'updateRoleSuccess', '更新角色数据成功');
INSERT INTO `t_internationalization_language` VALUES ('301', '86', '12', 'updateRoleSuccess', '更新角色数据成功');
INSERT INTO `t_internationalization_language` VALUES ('302', '86', '13', 'updateRoleSuccess', 'Success in update role data');
INSERT INTO `t_internationalization_language` VALUES ('303', '87', '11', 'updateRoleFail', '更新角色数据失败');
INSERT INTO `t_internationalization_language` VALUES ('304', '87', '12', 'updateRoleFail', '更新角色数据失败');
INSERT INTO `t_internationalization_language` VALUES ('305', '87', '13', 'updateRoleFail', 'Failure to update role data');
INSERT INTO `t_internationalization_language` VALUES ('306', '88', '11', 'columns', 'columns');
INSERT INTO `t_internationalization_language` VALUES ('307', '88', '12', 'columns', 'columns');
INSERT INTO `t_internationalization_language` VALUES ('308', '88', '13', 'columns', 'columns');
INSERT INTO `t_internationalization_language` VALUES ('309', '89', '11', 'roleNameTitle', '角色名称');
INSERT INTO `t_internationalization_language` VALUES ('310', '89', '12', 'roleNameTitle', '角色名称');
INSERT INTO `t_internationalization_language` VALUES ('311', '89', '13', 'roleNameTitle', 'role name');
INSERT INTO `t_internationalization_language` VALUES ('312', '90', '11', 'roleCodeTitle', '角色编码');
INSERT INTO `t_internationalization_language` VALUES ('313', '90', '12', 'roleCodeTitle', '角色编码');
INSERT INTO `t_internationalization_language` VALUES ('314', '90', '13', 'roleCodeTitle', 'role code');
INSERT INTO `t_internationalization_language` VALUES ('315', '91', '11', 'roleCrtDateTitle', '创建时间');
INSERT INTO `t_internationalization_language` VALUES ('316', '91', '12', 'roleCrtDateTitle', '创建时间');
INSERT INTO `t_internationalization_language` VALUES ('317', '91', '13', 'roleCrtDateTitle', 'create date');
INSERT INTO `t_internationalization_language` VALUES ('318', '92', '11', 'operationTitle', '操作');
INSERT INTO `t_internationalization_language` VALUES ('319', '92', '12', 'operationTitle', '操作');
INSERT INTO `t_internationalization_language` VALUES ('320', '92', '13', 'operationTitle', 'operation');
INSERT INTO `t_internationalization_language` VALUES ('321', '93', '11', 'addTitle', '增加角色');
INSERT INTO `t_internationalization_language` VALUES ('322', '93', '12', 'addTitle', '增加角色');
INSERT INTO `t_internationalization_language` VALUES ('323', '93', '13', 'addTitle', 'add role');
INSERT INTO `t_internationalization_language` VALUES ('324', '94', '11', 'editTitle', '修改角色');
INSERT INTO `t_internationalization_language` VALUES ('325', '94', '12', 'editTitle', '修改角色');
INSERT INTO `t_internationalization_language` VALUES ('326', '94', '13', 'editTitle', 'edit role');
INSERT INTO `t_internationalization_language` VALUES ('327', '95', '11', 'addRoleNameLabel', '角色名称');
INSERT INTO `t_internationalization_language` VALUES ('328', '95', '12', 'addRoleNameLabel', '角色名称');
INSERT INTO `t_internationalization_language` VALUES ('329', '95', '13', 'addRoleNameLabel', 'role name');
INSERT INTO `t_internationalization_language` VALUES ('330', '96', '11', 'addRoleNameHolder', '请输入角色名称');
INSERT INTO `t_internationalization_language` VALUES ('331', '96', '12', 'addRoleNameHolder', '请输入角色名称');
INSERT INTO `t_internationalization_language` VALUES ('332', '96', '13', 'addRoleNameHolder', 'please enter role name');
INSERT INTO `t_internationalization_language` VALUES ('333', '97', '11', 'addRoleCodeLabel', '角色编码');
INSERT INTO `t_internationalization_language` VALUES ('334', '97', '12', 'addRoleCodeLabel', '角色编码');
INSERT INTO `t_internationalization_language` VALUES ('335', '97', '13', 'addRoleCodeLabel', 'role code');
INSERT INTO `t_internationalization_language` VALUES ('336', '98', '11', 'addRoleCodeHolder', '请输入角色编码');
INSERT INTO `t_internationalization_language` VALUES ('337', '98', '12', 'addRoleCodeHolder', '请输入角色编码');
INSERT INTO `t_internationalization_language` VALUES ('338', '98', '13', 'addRoleCodeHolder', 'please enter role code');
INSERT INTO `t_internationalization_language` VALUES ('339', '99', '11', 'addRoleNameRuleMessage', '请输入角色名称');
INSERT INTO `t_internationalization_language` VALUES ('340', '99', '12', 'addRoleNameRuleMessage', '请输入角色名称');
INSERT INTO `t_internationalization_language` VALUES ('341', '99', '13', 'addRoleNameRuleMessage', 'please enter role name');
INSERT INTO `t_internationalization_language` VALUES ('342', '100', '11', 'addRoleNameRuleMaxMessage', '角色名称允许输入最大长度为50个字符');
INSERT INTO `t_internationalization_language` VALUES ('343', '100', '12', 'addRoleNameRuleMaxMessage', '角色名称允许输入最大长度为50个字符');
INSERT INTO `t_internationalization_language` VALUES ('344', '100', '13', 'addRoleNameRuleMaxMessage', 'role name allows input of up to 50 characters');
INSERT INTO `t_internationalization_language` VALUES ('345', '101', '11', 'addRoleCodeRuleMessage', '请输入角色编码');
INSERT INTO `t_internationalization_language` VALUES ('346', '101', '12', 'addRoleCodeRuleMessage', '请输入角色编码');
INSERT INTO `t_internationalization_language` VALUES ('347', '101', '13', 'addRoleCodeRuleMessage', 'please enter role code');
INSERT INTO `t_internationalization_language` VALUES ('348', '102', '11', 'addRoleCodeRuleMaxMessage', '角色编码允许输入最大长度为50个字符');
INSERT INTO `t_internationalization_language` VALUES ('349', '102', '12', 'addRoleCodeRuleMaxMessage', '角色编码允许输入最大长度为50个字符');
INSERT INTO `t_internationalization_language` VALUES ('350', '102', '13', 'addRoleCodeRuleMaxMessage', 'role code allows input of up to 50 characters');
INSERT INTO `t_internationalization_language` VALUES ('351', '103', '11', 'addSuccess', '增加角色数据成功');
INSERT INTO `t_internationalization_language` VALUES ('352', '103', '12', 'addSuccess', '增加角色数据成功');
INSERT INTO `t_internationalization_language` VALUES ('353', '103', '13', 'addSuccess', 'Success in adding role data');
INSERT INTO `t_internationalization_language` VALUES ('354', '104', '11', 'addFormFail', '表单验证失败，请检查表单!');
INSERT INTO `t_internationalization_language` VALUES ('355', '104', '12', 'addFormFail', '表单验证失败，请检查表单!');
INSERT INTO `t_internationalization_language` VALUES ('356', '104', '13', 'addFormFail', 'Form validation failed, please check the form!');
INSERT INTO `t_internationalization_language` VALUES ('357', '105', '11', 'addRoleFail', '增加角色数据失败');
INSERT INTO `t_internationalization_language` VALUES ('358', '105', '12', 'addRoleFail', '增加角色数据失败');
INSERT INTO `t_internationalization_language` VALUES ('359', '105', '13', 'addRoleFail', 'Failure to add role data');
INSERT INTO `t_internationalization_language` VALUES ('360', '106', '11', 'checkRoleNameFail', '验证不通过，该角色名称的值已经存在了，请修改角色名称的值');
INSERT INTO `t_internationalization_language` VALUES ('361', '106', '12', 'checkRoleNameFail', '验证不通过，该角色名称的值已经存在了，请修改角色名称的值');
INSERT INTO `t_internationalization_language` VALUES ('362', '106', '13', 'checkRoleNameFail', 'Validation failed. The role name value of this dictionary type already exists. Please modify the rol');
INSERT INTO `t_internationalization_language` VALUES ('363', '107', '11', 'checkRoleCodeFail', '验证不通过，该角色编码的值已经存在了，请修改角色编码的值');
INSERT INTO `t_internationalization_language` VALUES ('364', '107', '12', 'checkRoleCodeFail', '验证不通过，该角色编码的值已经存在了，请修改角色编码的值');
INSERT INTO `t_internationalization_language` VALUES ('365', '107', '13', 'checkRoleCodeFail', 'Validation failed. The role code value of this dictionary type already exists. Please modify the rol');
INSERT INTO `t_internationalization_language` VALUES ('366', '108', '11', 'tree', 'tree');
INSERT INTO `t_internationalization_language` VALUES ('367', '108', '12', 'tree', 'tree');
INSERT INTO `t_internationalization_language` VALUES ('368', '108', '13', 'tree', 'tree');
INSERT INTO `t_internationalization_language` VALUES ('369', '109', '11', 'title', '菜单管理');
INSERT INTO `t_internationalization_language` VALUES ('370', '109', '12', 'title', '菜单管理');
INSERT INTO `t_internationalization_language` VALUES ('371', '109', '13', 'title', 'tree manage');
INSERT INTO `t_internationalization_language` VALUES ('372', '110', '11', 'createButton', '创建按钮');
INSERT INTO `t_internationalization_language` VALUES ('373', '110', '12', 'createButton', '创建按钮');
INSERT INTO `t_internationalization_language` VALUES ('374', '110', '13', 'createButton', 'create button');
INSERT INTO `t_internationalization_language` VALUES ('375', '111', '11', 'searchText', '请输入查询的条件');
INSERT INTO `t_internationalization_language` VALUES ('376', '111', '12', 'searchText', '请输入查询的条件');
INSERT INTO `t_internationalization_language` VALUES ('377', '111', '13', 'searchText', 'Please enter search value');
INSERT INTO `t_internationalization_language` VALUES ('378', '112', '11', 'searchFailText', '查询按钮列表失败');
INSERT INTO `t_internationalization_language` VALUES ('379', '112', '12', 'searchFailText', '查询按钮列表失败');
INSERT INTO `t_internationalization_language` VALUES ('380', '112', '13', 'searchFailText', 'Failed to query button');
INSERT INTO `t_internationalization_language` VALUES ('381', '113', '11', 'searchSuccessText', '查询按钮列表成功');
INSERT INTO `t_internationalization_language` VALUES ('382', '113', '12', 'searchSuccessText', '查询按钮列表成功');
INSERT INTO `t_internationalization_language` VALUES ('383', '113', '13', 'searchSuccessText', 'Query data button list successfully');
INSERT INTO `t_internationalization_language` VALUES ('384', '114', '11', 'deleteButtonSuccess', '删除按钮成功');
INSERT INTO `t_internationalization_language` VALUES ('385', '114', '12', 'deleteButtonSuccess', '删除按钮成功');
INSERT INTO `t_internationalization_language` VALUES ('386', '114', '13', 'deleteButtonSuccess', 'deleteButtonSuccess');
INSERT INTO `t_internationalization_language` VALUES ('387', '115', '11', 'deleteButtonFail', '删除按钮失败');
INSERT INTO `t_internationalization_language` VALUES ('388', '115', '12', 'deleteButtonFail', '删除按钮失败');
INSERT INTO `t_internationalization_language` VALUES ('389', '115', '13', 'deleteButtonFail', 'Failed to delete button data');
INSERT INTO `t_internationalization_language` VALUES ('390', '116', '11', 'deleteContent', '是否删除当前你选中的按钮?');
INSERT INTO `t_internationalization_language` VALUES ('391', '116', '12', 'deleteContent', '是否删除当前你选中的按钮?');
INSERT INTO `t_internationalization_language` VALUES ('392', '116', '13', 'deleteContent', 'Do you delete the button data you currently selected?');
INSERT INTO `t_internationalization_language` VALUES ('393', '117', '11', 'deleteCancel', '您取消了当前的操作行为');
INSERT INTO `t_internationalization_language` VALUES ('394', '117', '12', 'deleteCancel', '您取消了当前的操作行为');
INSERT INTO `t_internationalization_language` VALUES ('395', '117', '13', 'deleteCancel', 'You cancelled the current action');
INSERT INTO `t_internationalization_language` VALUES ('396', '118', '11', 'updateButtonSuccess', '更新按钮成功');
INSERT INTO `t_internationalization_language` VALUES ('397', '118', '12', 'updateButtonSuccess', '更新按钮成功');
INSERT INTO `t_internationalization_language` VALUES ('398', '118', '13', 'updateButtonSuccess', 'Success in update Button');
INSERT INTO `t_internationalization_language` VALUES ('399', '119', '11', 'updateButtonFail', '更新按钮失败');
INSERT INTO `t_internationalization_language` VALUES ('400', '119', '12', 'updateButtonFail', '更新按钮失败');
INSERT INTO `t_internationalization_language` VALUES ('401', '119', '13', 'updateButtonFail', 'Failure to update Button');
INSERT INTO `t_internationalization_language` VALUES ('402', '120', '11', 'parentTreeName', '顶层节点');
INSERT INTO `t_internationalization_language` VALUES ('403', '120', '12', 'parentTreeName', '顶层节点');
INSERT INTO `t_internationalization_language` VALUES ('404', '120', '13', 'parentTreeName', 'top node');
INSERT INTO `t_internationalization_language` VALUES ('405', '121', '11', 'columns', 'columns');
INSERT INTO `t_internationalization_language` VALUES ('406', '121', '12', 'columns', 'columns');
INSERT INTO `t_internationalization_language` VALUES ('407', '121', '13', 'columns', 'columns');
INSERT INTO `t_internationalization_language` VALUES ('408', '122', '11', 'treeNameTitle', '按钮名称');
INSERT INTO `t_internationalization_language` VALUES ('409', '122', '12', 'treeNameTitle', '按钮名称');
INSERT INTO `t_internationalization_language` VALUES ('410', '122', '13', 'treeNameTitle', 'button name');
INSERT INTO `t_internationalization_language` VALUES ('411', '123', '11', 'treeCodeTitle', '按钮编码');
INSERT INTO `t_internationalization_language` VALUES ('412', '123', '12', 'treeCodeTitle', '按钮编码');
INSERT INTO `t_internationalization_language` VALUES ('413', '123', '13', 'treeCodeTitle', 'button code');
INSERT INTO `t_internationalization_language` VALUES ('414', '124', '11', 'treeStateTitle', '按钮状态');
INSERT INTO `t_internationalization_language` VALUES ('415', '124', '12', 'treeStateTitle', '按钮状态');
INSERT INTO `t_internationalization_language` VALUES ('416', '124', '13', 'treeStateTitle', 'button state');
INSERT INTO `t_internationalization_language` VALUES ('417', '125', '11', 'operationTitle', '操作');
INSERT INTO `t_internationalization_language` VALUES ('418', '125', '12', 'operationTitle', '操作');
INSERT INTO `t_internationalization_language` VALUES ('419', '125', '13', 'operationTitle', 'operation');
INSERT INTO `t_internationalization_language` VALUES ('420', '126', '11', 'treeButton', 'treeButton');
INSERT INTO `t_internationalization_language` VALUES ('421', '126', '12', 'treeButton', 'treeButton');
INSERT INTO `t_internationalization_language` VALUES ('422', '126', '13', 'treeButton', 'treeButton');
INSERT INTO `t_internationalization_language` VALUES ('426', '128', '11', 'modifyTreeButton', '修改');
INSERT INTO `t_internationalization_language` VALUES ('427', '128', '12', 'modifyTreeButton', '修改');
INSERT INTO `t_internationalization_language` VALUES ('428', '128', '13', 'modifyTreeButton', 'modify');
INSERT INTO `t_internationalization_language` VALUES ('429', '129', '11', 'deleteTreeButton', '删除');
INSERT INTO `t_internationalization_language` VALUES ('430', '129', '12', 'deleteTreeButton', '删除');
INSERT INTO `t_internationalization_language` VALUES ('431', '129', '13', 'deleteTreeButton', 'delete');
INSERT INTO `t_internationalization_language` VALUES ('432', '130', '11', 'addButtonTitle', '新增按钮');
INSERT INTO `t_internationalization_language` VALUES ('433', '130', '12', 'addButtonTitle', '新增按钮');
INSERT INTO `t_internationalization_language` VALUES ('434', '130', '13', 'addButtonTitle', 'add button');
INSERT INTO `t_internationalization_language` VALUES ('435', '131', '11', 'addParentTreeNameLabel', '父菜单节点');
INSERT INTO `t_internationalization_language` VALUES ('436', '131', '12', 'addParentTreeNameLabel', '父菜单节点');
INSERT INTO `t_internationalization_language` VALUES ('437', '131', '13', 'addParentTreeNameLabel', 'parent tree name');
INSERT INTO `t_internationalization_language` VALUES ('438', '132', '11', 'addButtonNameLabel', '按钮名称');
INSERT INTO `t_internationalization_language` VALUES ('439', '132', '12', 'addButtonNameLabel', '按钮名称');
INSERT INTO `t_internationalization_language` VALUES ('440', '132', '13', 'addButtonNameLabel', 'button name');
INSERT INTO `t_internationalization_language` VALUES ('441', '133', '11', 'addButtonNameHolder', '请输入按钮名称');
INSERT INTO `t_internationalization_language` VALUES ('442', '133', '12', 'addButtonNameHolder', '请输入按钮名称');
INSERT INTO `t_internationalization_language` VALUES ('443', '133', '13', 'addButtonNameHolder', 'please enter button name');
INSERT INTO `t_internationalization_language` VALUES ('444', '134', '11', 'addButtonCodeLabel', '按钮编码');
INSERT INTO `t_internationalization_language` VALUES ('445', '134', '12', 'addButtonCodeLabel', '按钮编码');
INSERT INTO `t_internationalization_language` VALUES ('446', '134', '13', 'addButtonCodeLabel', 'button code');
INSERT INTO `t_internationalization_language` VALUES ('447', '135', '11', 'addButtonCodeHolder', '请输入按钮编码');
INSERT INTO `t_internationalization_language` VALUES ('448', '135', '12', 'addButtonCodeHolder', '请输入按钮编码');
INSERT INTO `t_internationalization_language` VALUES ('449', '135', '13', 'addButtonCodeHolder', 'please enter button code');
INSERT INTO `t_internationalization_language` VALUES ('450', '136', '11', 'addButtonPowerPathLabel', '按钮权限');
INSERT INTO `t_internationalization_language` VALUES ('451', '136', '12', 'addButtonPowerPathLabel', '按钮权限');
INSERT INTO `t_internationalization_language` VALUES ('452', '136', '13', 'addButtonPowerPathLabel', 'button power path');
INSERT INTO `t_internationalization_language` VALUES ('453', '137', '11', 'addButtonNameRuleMessage', '请输入按钮名称');
INSERT INTO `t_internationalization_language` VALUES ('454', '137', '12', 'addButtonNameRuleMessage', '请输入按钮名称');
INSERT INTO `t_internationalization_language` VALUES ('455', '137', '13', 'addButtonNameRuleMessage', 'please enter button name');
INSERT INTO `t_internationalization_language` VALUES ('456', '138', '11', 'addButtonNameRuleMaxMessage', '按钮名称允许输入最大长度为50个字符');
INSERT INTO `t_internationalization_language` VALUES ('457', '138', '12', 'addButtonNameRuleMaxMessage', '按钮名称允许输入最大长度为50个字符');
INSERT INTO `t_internationalization_language` VALUES ('458', '138', '13', 'addButtonNameRuleMaxMessage', 'button name allows input of up to 50 characters');
INSERT INTO `t_internationalization_language` VALUES ('459', '139', '11', 'addButtonCodeRuleMessage', '请输入按钮编码');
INSERT INTO `t_internationalization_language` VALUES ('460', '139', '12', 'addButtonCodeRuleMessage', '请输入按钮编码');
INSERT INTO `t_internationalization_language` VALUES ('461', '139', '13', 'addButtonCodeRuleMessage', 'please enter button code');
INSERT INTO `t_internationalization_language` VALUES ('462', '140', '11', 'addButtonCodeRuleMaxMessage', '按钮编码允许输入最大长度为50个字符');
INSERT INTO `t_internationalization_language` VALUES ('463', '140', '12', 'addButtonCodeRuleMaxMessage', '按钮编码允许输入最大长度为50个字符');
INSERT INTO `t_internationalization_language` VALUES ('464', '140', '13', 'addButtonCodeRuleMaxMessage', 'button code allows input of up to 50 characters');
INSERT INTO `t_internationalization_language` VALUES ('465', '141', '11', 'checkFail', '验证不通过，该按钮编码的值已经存在了，请修改按钮编码的值');
INSERT INTO `t_internationalization_language` VALUES ('466', '141', '12', 'checkFail', '验证不通过，该按钮编码的值已经存在了，请修改按钮编码的值');
INSERT INTO `t_internationalization_language` VALUES ('467', '141', '13', 'checkFail', 'Validation failed. The button code value of this dictionary type already exists. Please modify the b');
INSERT INTO `t_internationalization_language` VALUES ('468', '142', '11', 'addButtonSuccess', '增加按钮节点成功');
INSERT INTO `t_internationalization_language` VALUES ('469', '142', '12', 'addButtonSuccess', '增加按钮节点成功');
INSERT INTO `t_internationalization_language` VALUES ('470', '142', '13', 'addButtonSuccess', 'add button success');
INSERT INTO `t_internationalization_language` VALUES ('471', '143', '11', 'addButtonFail', '增加按钮节点失败');
INSERT INTO `t_internationalization_language` VALUES ('472', '143', '12', 'addButtonFail', '增加按钮节点失败');
INSERT INTO `t_internationalization_language` VALUES ('473', '143', '13', 'addButtonFail', 'failure to add button');
INSERT INTO `t_internationalization_language` VALUES ('474', '144', '11', 'freezeContent', '是否冻结当前按钮');
INSERT INTO `t_internationalization_language` VALUES ('475', '144', '12', 'freezeContent', '是否冻结当前按钮');
INSERT INTO `t_internationalization_language` VALUES ('476', '144', '13', 'freezeContent', 'Whether to freeze the current button');
INSERT INTO `t_internationalization_language` VALUES ('477', '145', '11', 'thawContent', '是否解冻当前按钮');
INSERT INTO `t_internationalization_language` VALUES ('478', '145', '12', 'thawContent', '是否解冻当前按钮');
INSERT INTO `t_internationalization_language` VALUES ('479', '145', '13', 'thawContent', 'Whether to thaw the current button');
INSERT INTO `t_internationalization_language` VALUES ('480', '146', '11', 'operateButtonSuccess', '操作成功');
INSERT INTO `t_internationalization_language` VALUES ('481', '146', '12', 'operateButtonSuccess', '操作成功');
INSERT INTO `t_internationalization_language` VALUES ('482', '146', '13', 'operateButtonSuccess', 'operate success');
INSERT INTO `t_internationalization_language` VALUES ('483', '147', '11', 'operateButtonFail', '操作失败');
INSERT INTO `t_internationalization_language` VALUES ('484', '147', '12', 'operateButtonFail', '操作失败');
INSERT INTO `t_internationalization_language` VALUES ('485', '147', '13', 'operateButtonFail', 'failure to operate');
INSERT INTO `t_internationalization_language` VALUES ('486', '148', '11', 'addTreeTitle', '增加菜单');
INSERT INTO `t_internationalization_language` VALUES ('487', '148', '12', 'addTreeTitle', '增加菜单');
INSERT INTO `t_internationalization_language` VALUES ('488', '148', '13', 'addTreeTitle', 'add tree menu');
INSERT INTO `t_internationalization_language` VALUES ('489', '149', '11', 'addTreeNameLabel', '菜单名称');
INSERT INTO `t_internationalization_language` VALUES ('490', '149', '12', 'addTreeNameLabel', '菜单名称');
INSERT INTO `t_internationalization_language` VALUES ('491', '149', '13', 'addTreeNameLabel', 'tree menu name');
INSERT INTO `t_internationalization_language` VALUES ('492', '150', '11', 'addTreeNameHolder', '请输入菜单名称');
INSERT INTO `t_internationalization_language` VALUES ('493', '150', '12', 'addTreeNameHolder', '请输入菜单名称');
INSERT INTO `t_internationalization_language` VALUES ('494', '150', '13', 'addTreeNameHolder', 'please enter tree menu name');
INSERT INTO `t_internationalization_language` VALUES ('495', '151', '11', 'addTreeCodeLabel', '菜单编码');
INSERT INTO `t_internationalization_language` VALUES ('496', '151', '12', 'addTreeCodeLabel', '菜单编码');
INSERT INTO `t_internationalization_language` VALUES ('497', '151', '13', 'addTreeCodeLabel', 'tree menu code');
INSERT INTO `t_internationalization_language` VALUES ('498', '152', '11', 'addTreeCodeHolder', '请输入菜单编码');
INSERT INTO `t_internationalization_language` VALUES ('499', '152', '12', 'addTreeCodeHolder', '请输入菜单编码');
INSERT INTO `t_internationalization_language` VALUES ('500', '152', '13', 'addTreeCodeHolder', 'please enter tree menu code');
INSERT INTO `t_internationalization_language` VALUES ('501', '153', '11', 'addPowerPathLabel', '菜单权限');
INSERT INTO `t_internationalization_language` VALUES ('502', '153', '12', 'addPowerPathLabel', '菜单权限');
INSERT INTO `t_internationalization_language` VALUES ('503', '153', '13', 'addPowerPathLabel', 'tree power path');
INSERT INTO `t_internationalization_language` VALUES ('504', '154', '11', 'addPowerPathHolder', '请输入菜单权限');
INSERT INTO `t_internationalization_language` VALUES ('505', '154', '12', 'addPowerPathHolder', '请输入菜单权限');
INSERT INTO `t_internationalization_language` VALUES ('506', '154', '13', 'addPowerPathHolder', 'please enter tree power path');
INSERT INTO `t_internationalization_language` VALUES ('507', '155', '11', 'checkTreeFail', '验证不通过，该菜单编码的值已经存在了，请修改菜单编码的值');
INSERT INTO `t_internationalization_language` VALUES ('508', '155', '12', 'checkTreeFail', '验证不通过，该菜单编码的值已经存在了，请修改菜单编码的值');
INSERT INTO `t_internationalization_language` VALUES ('509', '155', '13', 'checkTreeFail', 'Validation failed. The tree code value of this dictionary type already exists. Please modify the tre');
INSERT INTO `t_internationalization_language` VALUES ('510', '156', '11', 'addTreeNameRuleMessage', '请输入菜单名称');
INSERT INTO `t_internationalization_language` VALUES ('511', '156', '12', 'addTreeNameRuleMessage', '请输入菜单名称');
INSERT INTO `t_internationalization_language` VALUES ('512', '156', '13', 'addTreeNameRuleMessage', 'please enter tree menu name');
INSERT INTO `t_internationalization_language` VALUES ('513', '157', '11', 'addTreeNameRuleMaxMessage', '菜单名称允许输入最大长度为50个字符');
INSERT INTO `t_internationalization_language` VALUES ('514', '157', '12', 'addTreeNameRuleMaxMessage', '菜单名称允许输入最大长度为50个字符');
INSERT INTO `t_internationalization_language` VALUES ('515', '157', '13', 'addTreeNameRuleMaxMessage', 'tree name allows input of up to 50 characters');
INSERT INTO `t_internationalization_language` VALUES ('516', '158', '11', 'addTreeCodeRuleMessage', '请输入菜单编码');
INSERT INTO `t_internationalization_language` VALUES ('517', '158', '12', 'addTreeCodeRuleMessage', '请输入菜单编码');
INSERT INTO `t_internationalization_language` VALUES ('518', '158', '13', 'addTreeCodeRuleMessage', 'please enter tree menu code');
INSERT INTO `t_internationalization_language` VALUES ('519', '159', '11', 'addTreeCodeRuleMaxMessage', '菜单编码允许输入最大长度为50个字符');
INSERT INTO `t_internationalization_language` VALUES ('520', '159', '12', 'addTreeCodeRuleMaxMessage', '菜单编码允许输入最大长度为50个字符');
INSERT INTO `t_internationalization_language` VALUES ('521', '159', '13', 'addTreeCodeRuleMaxMessage', 'tree code allows input of up to 50 characters');
INSERT INTO `t_internationalization_language` VALUES ('522', '160', '11', 'addTreeSuccess', '增加菜单节点成功');
INSERT INTO `t_internationalization_language` VALUES ('523', '160', '12', 'addTreeSuccess', '增加菜单节点成功');
INSERT INTO `t_internationalization_language` VALUES ('524', '160', '13', 'addTreeSuccess', 'add tree success');
INSERT INTO `t_internationalization_language` VALUES ('525', '161', '11', 'addTreeFail', '增加菜单节点失败');
INSERT INTO `t_internationalization_language` VALUES ('526', '161', '12', 'addTreeFail', '增加菜单节点失败');
INSERT INTO `t_internationalization_language` VALUES ('527', '161', '13', 'addTreeFail', 'failure to add tree');
INSERT INTO `t_internationalization_language` VALUES ('528', '162', '11', 'deleteTreeContent', '是否删除当前你选中的菜单节点?');
INSERT INTO `t_internationalization_language` VALUES ('529', '162', '12', 'deleteTreeContent', '是否删除当前你选中的菜单节点?');
INSERT INTO `t_internationalization_language` VALUES ('530', '162', '13', 'deleteTreeContent', 'Do you delete the tree you currently selected?');
INSERT INTO `t_internationalization_language` VALUES ('531', '163', '11', 'user', 'user');
INSERT INTO `t_internationalization_language` VALUES ('532', '163', '12', 'user', 'user');
INSERT INTO `t_internationalization_language` VALUES ('533', '163', '13', 'user', 'user');
INSERT INTO `t_internationalization_language` VALUES ('534', '164', '11', 'title', '用户组织架构管理');
INSERT INTO `t_internationalization_language` VALUES ('535', '164', '12', 'title', '用户组织架构管理');
INSERT INTO `t_internationalization_language` VALUES ('536', '164', '13', 'title', 'User Organization Architecture Management');
INSERT INTO `t_internationalization_language` VALUES ('537', '165', '11', 'orgButton', 'orgButton');
INSERT INTO `t_internationalization_language` VALUES ('538', '165', '12', 'orgButton', 'orgButton');
INSERT INTO `t_internationalization_language` VALUES ('539', '165', '13', 'orgButton', 'orgButton');
INSERT INTO `t_internationalization_language` VALUES ('540', '166', '11', 'addOrgButton', '新增');
INSERT INTO `t_internationalization_language` VALUES ('541', '166', '12', 'addOrgButton', '新增');
INSERT INTO `t_internationalization_language` VALUES ('542', '166', '13', 'addOrgButton', 'add');
INSERT INTO `t_internationalization_language` VALUES ('543', '167', '11', 'modifyOrgButton', '修改');
INSERT INTO `t_internationalization_language` VALUES ('544', '167', '12', 'modifyOrgButton', '修改');
INSERT INTO `t_internationalization_language` VALUES ('545', '167', '13', 'modifyOrgButton', 'modify');
INSERT INTO `t_internationalization_language` VALUES ('546', '168', '11', 'deleteOrgButton', '删除');
INSERT INTO `t_internationalization_language` VALUES ('547', '168', '12', 'deleteOrgButton', '删除');
INSERT INTO `t_internationalization_language` VALUES ('548', '168', '13', 'deleteOrgButton', 'delete');
INSERT INTO `t_internationalization_language` VALUES ('549', '169', '11', 'columns', 'columns');
INSERT INTO `t_internationalization_language` VALUES ('550', '169', '12', 'columns', 'columns');
INSERT INTO `t_internationalization_language` VALUES ('551', '169', '13', 'columns', 'columns');
INSERT INTO `t_internationalization_language` VALUES ('552', '170', '11', 'loginAccountTitle', '账号');
INSERT INTO `t_internationalization_language` VALUES ('553', '170', '12', 'loginAccountTitle', '账号');
INSERT INTO `t_internationalization_language` VALUES ('554', '170', '13', 'loginAccountTitle', 'account');
INSERT INTO `t_internationalization_language` VALUES ('555', '171', '11', 'nickNameTitle', '姓名');
INSERT INTO `t_internationalization_language` VALUES ('556', '171', '12', 'nickNameTitle', '姓名');
INSERT INTO `t_internationalization_language` VALUES ('557', '171', '13', 'nickNameTitle', 'nick name');
INSERT INTO `t_internationalization_language` VALUES ('558', '172', '11', 'crtDateTitle', '创建时间');
INSERT INTO `t_internationalization_language` VALUES ('559', '172', '12', 'crtDateTitle', '创建时间');
INSERT INTO `t_internationalization_language` VALUES ('560', '172', '13', 'crtDateTitle', 'crt date');
INSERT INTO `t_internationalization_language` VALUES ('561', '173', '11', 'lastLoginDateTitle', '最后登录时间');
INSERT INTO `t_internationalization_language` VALUES ('562', '173', '12', 'lastLoginDateTitle', '最后登录时间');
INSERT INTO `t_internationalization_language` VALUES ('563', '173', '13', 'lastLoginDateTitle', 'last login date');
INSERT INTO `t_internationalization_language` VALUES ('564', '174', '11', 'operationTitle', '操作');
INSERT INTO `t_internationalization_language` VALUES ('565', '174', '12', 'operationTitle', '操作');
INSERT INTO `t_internationalization_language` VALUES ('566', '174', '13', 'operationTitle', 'operation');
INSERT INTO `t_internationalization_language` VALUES ('567', '175', '11', 'createUser', '创建用户');
INSERT INTO `t_internationalization_language` VALUES ('568', '175', '12', 'createUser', '创建用户');
INSERT INTO `t_internationalization_language` VALUES ('569', '175', '13', 'createUser', 'create user');
INSERT INTO `t_internationalization_language` VALUES ('570', '176', '11', 'searchText', '请输入相应的查询');
INSERT INTO `t_internationalization_language` VALUES ('571', '176', '12', 'searchText', '请输入相应的查询');
INSERT INTO `t_internationalization_language` VALUES ('572', '176', '13', 'searchText', 'please enter search');
INSERT INTO `t_internationalization_language` VALUES ('573', '177', '11', 'searchSuccessText', '查询用户列表成功');
INSERT INTO `t_internationalization_language` VALUES ('574', '177', '12', 'searchSuccessText', '查询用户列表成功');
INSERT INTO `t_internationalization_language` VALUES ('575', '177', '13', 'searchSuccessText', 'Query user list successfully');
INSERT INTO `t_internationalization_language` VALUES ('576', '178', '11', 'searchFailText', '查询用户列表失败');
INSERT INTO `t_internationalization_language` VALUES ('577', '178', '12', 'searchFailText', '查询用户列表失败');
INSERT INTO `t_internationalization_language` VALUES ('578', '178', '13', 'searchFailText', 'Failed to query user list');
INSERT INTO `t_internationalization_language` VALUES ('579', '179', '11', 'parentOrgName', '虚拟顶级组织');
INSERT INTO `t_internationalization_language` VALUES ('580', '179', '12', 'parentOrgName', '虚拟顶级组织');
INSERT INTO `t_internationalization_language` VALUES ('581', '179', '13', 'parentOrgName', 'Virtual Top Organization');
INSERT INTO `t_internationalization_language` VALUES ('582', '180', '11', 'addTitle', '新增用户');
INSERT INTO `t_internationalization_language` VALUES ('583', '180', '12', 'addTitle', '新增用户');
INSERT INTO `t_internationalization_language` VALUES ('584', '180', '13', 'addTitle', 'add user');
INSERT INTO `t_internationalization_language` VALUES ('585', '181', '11', 'addLoginAccountLabel', '用户账号');
INSERT INTO `t_internationalization_language` VALUES ('586', '181', '12', 'addLoginAccountLabel', '用户账号');
INSERT INTO `t_internationalization_language` VALUES ('587', '181', '13', 'addLoginAccountLabel', 'login account');
INSERT INTO `t_internationalization_language` VALUES ('588', '182', '11', 'addLoginAccountLabelHolder', '请输入用户账号');
INSERT INTO `t_internationalization_language` VALUES ('589', '182', '12', 'addLoginAccountLabelHolder', '请输入用户账号');
INSERT INTO `t_internationalization_language` VALUES ('590', '182', '13', 'addLoginAccountLabelHolder', 'please enter login account');
INSERT INTO `t_internationalization_language` VALUES ('591', '183', '11', 'addNickNameLabel', '用户姓名');
INSERT INTO `t_internationalization_language` VALUES ('592', '183', '12', 'addNickNameLabel', '用户姓名');
INSERT INTO `t_internationalization_language` VALUES ('593', '183', '13', 'addNickNameLabel', 'nick name');
INSERT INTO `t_internationalization_language` VALUES ('594', '184', '11', 'addPcaLabel', '联系地址');
INSERT INTO `t_internationalization_language` VALUES ('595', '184', '12', 'addPcaLabel', '联系地址');
INSERT INTO `t_internationalization_language` VALUES ('596', '184', '13', 'addPcaLabel', 'concat address');
INSERT INTO `t_internationalization_language` VALUES ('597', '185', '11', 'addAddressLabel', '街道地址');
INSERT INTO `t_internationalization_language` VALUES ('598', '185', '12', 'addAddressLabel', '街道地址');
INSERT INTO `t_internationalization_language` VALUES ('599', '185', '13', 'addAddressLabel', 'street address');
INSERT INTO `t_internationalization_language` VALUES ('600', '186', '11', 'addAddressRuleMessage', '请输入用户地址');
INSERT INTO `t_internationalization_language` VALUES ('601', '186', '12', 'addAddressRuleMessage', '请输入用户地址');
INSERT INTO `t_internationalization_language` VALUES ('602', '186', '13', 'addAddressRuleMessage', 'please enter user address');
INSERT INTO `t_internationalization_language` VALUES ('603', '187', '11', 'addPcaRuleMessage', '请选择省市区');
INSERT INTO `t_internationalization_language` VALUES ('604', '187', '12', 'addPcaRuleMessage', '请选择省市区');
INSERT INTO `t_internationalization_language` VALUES ('605', '187', '13', 'addPcaRuleMessage', 'please select province');
INSERT INTO `t_internationalization_language` VALUES ('606', '188', '11', 'addNickNameHolder', '请输入用户姓名');
INSERT INTO `t_internationalization_language` VALUES ('607', '188', '12', 'addNickNameHolder', '请输入用户姓名');
INSERT INTO `t_internationalization_language` VALUES ('608', '188', '13', 'addNickNameHolder', 'please enter nick name');
INSERT INTO `t_internationalization_language` VALUES ('609', '189', '11', 'addRoleLabel', '用户角色');
INSERT INTO `t_internationalization_language` VALUES ('610', '189', '12', 'addRoleLabel', '用户角色');
INSERT INTO `t_internationalization_language` VALUES ('611', '189', '13', 'addRoleLabel', 'user role');
INSERT INTO `t_internationalization_language` VALUES ('612', '190', '11', 'addRoleLabelHolder', '请选择相应的角色赋予用户');
INSERT INTO `t_internationalization_language` VALUES ('613', '190', '12', 'addRoleLabelHolder', '请选择相应的角色赋予用户');
INSERT INTO `t_internationalization_language` VALUES ('614', '190', '13', 'addRoleLabelHolder', 'please select user roles to user');
INSERT INTO `t_internationalization_language` VALUES ('615', '191', '11', 'addLoginAccountRuleMessage', '请输入用户账号');
INSERT INTO `t_internationalization_language` VALUES ('616', '191', '12', 'addLoginAccountRuleMessage', '请输入用户账号');
INSERT INTO `t_internationalization_language` VALUES ('617', '191', '13', 'addLoginAccountRuleMessage', 'please enter login account');
INSERT INTO `t_internationalization_language` VALUES ('618', '192', '11', 'addLoginAccountRuleMaxMessage', '用户账号允许输入最大长度为50个字符');
INSERT INTO `t_internationalization_language` VALUES ('619', '192', '12', 'addLoginAccountRuleMaxMessage', '用户账号允许输入最大长度为50个字符');
INSERT INTO `t_internationalization_language` VALUES ('620', '192', '13', 'addLoginAccountRuleMaxMessage', 'login account allows input of up to 50 characters');
INSERT INTO `t_internationalization_language` VALUES ('621', '193', '11', 'addNickNameRuleMaxMessage', '用户姓名允许输入最大长度为50个字符');
INSERT INTO `t_internationalization_language` VALUES ('622', '193', '12', 'addNickNameRuleMaxMessage', '用户姓名允许输入最大长度为50个字符');
INSERT INTO `t_internationalization_language` VALUES ('623', '193', '13', 'addNickNameRuleMaxMessage', 'nick name allows input of up to 50 characters');
INSERT INTO `t_internationalization_language` VALUES ('624', '194', '11', 'addRolesRuleMessage', '请选择相应的用户角色');
INSERT INTO `t_internationalization_language` VALUES ('625', '194', '12', 'addRolesRuleMessage', '请选择相应的用户角色');
INSERT INTO `t_internationalization_language` VALUES ('626', '194', '13', 'addRolesRuleMessage', 'please select user roles');
INSERT INTO `t_internationalization_language` VALUES ('627', '195', '11', 'addOrgIdsRuleMessage', '请选择相应的组织架构');
INSERT INTO `t_internationalization_language` VALUES ('628', '195', '12', 'addOrgIdsRuleMessage', '请选择相应的组织架构');
INSERT INTO `t_internationalization_language` VALUES ('629', '195', '13', 'addOrgIdsRuleMessage', 'please select Organizations');
INSERT INTO `t_internationalization_language` VALUES ('630', '196', '11', 'addUserFail', '新增用户失败');
INSERT INTO `t_internationalization_language` VALUES ('631', '196', '12', 'addUserFail', '新增用户失败');
INSERT INTO `t_internationalization_language` VALUES ('632', '196', '13', 'addUserFail', 'failed to add user');
INSERT INTO `t_internationalization_language` VALUES ('633', '197', '11', 'checkUserFail', '账户验证失败');
INSERT INTO `t_internationalization_language` VALUES ('634', '197', '12', 'checkUserFail', '账户验证失败');
INSERT INTO `t_internationalization_language` VALUES ('635', '197', '13', 'checkUserFail', 'failed to validate login account');
INSERT INTO `t_internationalization_language` VALUES ('636', '198', '11', 'updateTitle', '修改用户');
INSERT INTO `t_internationalization_language` VALUES ('637', '198', '12', 'updateTitle', '修改用户');
INSERT INTO `t_internationalization_language` VALUES ('638', '198', '13', 'updateTitle', 'update user');
INSERT INTO `t_internationalization_language` VALUES ('639', '199', '11', 'updateUserFail', '修改用户失败');
INSERT INTO `t_internationalization_language` VALUES ('640', '199', '12', 'updateUserFail', '修改用户失败');
INSERT INTO `t_internationalization_language` VALUES ('641', '199', '13', 'updateUserFail', 'update user');
INSERT INTO `t_internationalization_language` VALUES ('642', '200', '11', 'deleteUserContent', '是否删除当前用户');
INSERT INTO `t_internationalization_language` VALUES ('643', '200', '12', 'deleteUserContent', '是否删除当前用户');
INSERT INTO `t_internationalization_language` VALUES ('644', '200', '13', 'deleteUserContent', 'Whether to delete the current user');
INSERT INTO `t_internationalization_language` VALUES ('645', '201', '11', 'deleteCancel', '取消删除请求');
INSERT INTO `t_internationalization_language` VALUES ('646', '201', '12', 'deleteCancel', '取消删除请求');
INSERT INTO `t_internationalization_language` VALUES ('647', '201', '13', 'deleteCancel', 'You cancelled the current action');
INSERT INTO `t_internationalization_language` VALUES ('648', '127', '11', 'addTreeButton', '增加');
INSERT INTO `t_internationalization_language` VALUES ('649', '127', '12', 'addTreeButton', '增加');
INSERT INTO `t_internationalization_language` VALUES ('650', '127', '13', 'addTreeButton', 'add');

-- ----------------------------
-- Table structure for `t_language`
-- ----------------------------
DROP TABLE IF EXISTS `t_language`;
CREATE TABLE `t_language` (
  `id` int(11) NOT NULL AUTO_INCREMENT COMMENT '语言类型ID',
  `languageName` varchar(128) COLLATE utf8mb4_general_ci DEFAULT NULL COMMENT '语言类型名称',
  `languageCode` varchar(128) COLLATE utf8mb4_general_ci DEFAULT NULL COMMENT '语言类型编码',
  `state` varchar(2) COLLATE utf8mb4_general_ci DEFAULT NULL COMMENT '状态：1：启用；2：禁用',
  PRIMARY KEY (`id`)
) ENGINE=InnoDB AUTO_INCREMENT=15 DEFAULT CHARSET=utf8mb4 COLLATE=utf8mb4_general_ci;

-- ----------------------------
-- Records of t_language
-- ----------------------------
INSERT INTO `t_language` VALUES ('11', '简体中文', 'zh-CN', '1');
INSERT INTO `t_language` VALUES ('12', '简体繁文', 'zh-TW', '1');
INSERT INTO `t_language` VALUES ('13', '英文', 'en-US', '1');

-- ----------------------------
-- Table structure for `t_message`
-- ----------------------------
DROP TABLE IF EXISTS `t_message`;
CREATE TABLE `t_message` (
  `messageId` varchar(32) COLLATE utf8mb4_general_ci NOT NULL COMMENT '消息流水ID',
  `title` varchar(100) COLLATE utf8mb4_general_ci DEFAULT NULL COMMENT '消息标题',
  `content` varchar(500) COLLATE utf8mb4_general_ci DEFAULT NULL COMMENT '消息内容',
  `crtDate` datetime DEFAULT NULL COMMENT '创建事件',
  `crtUserId` varchar(32) COLLATE utf8mb4_general_ci DEFAULT NULL COMMENT '创建用户ID',
  `crtUserName` varchar(100) COLLATE utf8mb4_general_ci DEFAULT NULL COMMENT '创建用户名称',
  `type` varchar(2) COLLATE utf8mb4_general_ci DEFAULT NULL COMMENT '消息类型【1：系统消息；2：其他消息】',
  PRIMARY KEY (`messageId`)
) ENGINE=InnoDB DEFAULT CHARSET=utf8mb4 COLLATE=utf8mb4_general_ci;

-- ----------------------------
-- Records of t_message
-- ----------------------------
INSERT INTO `t_message` VALUES ('1d04c9c947424e9e9a3b40b145d8586a', '范德萨发', '正常V型中山大道飞洒未确认无公开化个热污染VB过任务', '2019-06-21 14:17:19', '1', '系统管理员', '1');
INSERT INTO `t_message` VALUES ('97bab50b9a624a07b483769f9fdace79', '1212', '2121', '2019-08-28 16:29:28', '1', '系统管理员', '1');
INSERT INTO `t_message` VALUES ('b5af85724ef2427b86e6baeeeec225c8', '你好阿', '消息内容收到了没呢', '2019-06-21 13:49:59', '1', '系统管理员', '1');
INSERT INTO `t_message` VALUES ('f8d515f5494240898e351b9941f2108b', '安徽的好事', '发的撒谎就回复sad开发就和手机号借我入围', '2019-06-21 13:54:14', '1', '系统管理员', '1');

-- ----------------------------
-- Table structure for `t_org`
-- ----------------------------
DROP TABLE IF EXISTS `t_org`;
CREATE TABLE `t_org` (
  `orgId` int(11) NOT NULL AUTO_INCREMENT COMMENT '流水ID',
  `orgName` varchar(100) COLLATE utf8mb4_general_ci DEFAULT NULL COMMENT '组织名字',
  `orgCode` varchar(32) COLLATE utf8mb4_general_ci DEFAULT NULL COMMENT '组织编码',
  `parentOrgId` int(11) DEFAULT NULL COMMENT '父流水ID',
  `parentOrgName` varchar(100) COLLATE utf8mb4_general_ci DEFAULT NULL COMMENT '父组织架构名字',
  `crtDate` datetime DEFAULT NULL COMMENT '创建时间',
  `fullPath` varchar(255) COLLATE utf8mb4_general_ci DEFAULT NULL COMMENT '菜单流水完整路径(1.2.3)',
  PRIMARY KEY (`orgId`)
) ENGINE=InnoDB AUTO_INCREMENT=39 DEFAULT CHARSET=utf8mb4 COLLATE=utf8mb4_general_ci;

-- ----------------------------
-- Records of t_org
-- ----------------------------
INSERT INTO `t_org` VALUES ('1', '虚拟顶级组织', 'xx', '0', null, '2019-05-10 14:41:27', '1');
INSERT INTO `t_org` VALUES ('2', '研发一部', 'xx-1', '1', '虚拟顶级组织', '2019-05-10 14:41:45', '1.2');
INSERT INTO `t_org` VALUES ('3', '研发一组', 'xx-12', '2', '研发一部', '2019-05-10 14:42:23', '1.2.3');
INSERT INTO `t_org` VALUES ('4', '研发二部', 'xx-2', '1', '虚拟顶级组织', '2019-05-10 14:42:50', '1.4');

-- ----------------------------
-- Table structure for `t_role`
-- ----------------------------
DROP TABLE IF EXISTS `t_role`;
CREATE TABLE `t_role` (
  `roleId` varchar(32) COLLATE utf8mb4_general_ci NOT NULL COMMENT '角色流水ID',
  `roleName` varchar(100) COLLATE utf8mb4_general_ci DEFAULT NULL COMMENT '角色名字',
  `roleCode` varchar(100) COLLATE utf8mb4_general_ci DEFAULT NULL COMMENT '角色编码',
  `crtDate` datetime DEFAULT NULL COMMENT '创建时间',
  PRIMARY KEY (`roleId`)
) ENGINE=InnoDB DEFAULT CHARSET=utf8mb4 COLLATE=utf8mb4_general_ci;

-- ----------------------------
-- Records of t_role
-- ----------------------------
INSERT INTO `t_role` VALUES ('1', '系统管理员', 'system-admin', '2019-05-01 22:10:00');
INSERT INTO `t_role` VALUES ('615b36a78e414e2d9a69614ecca08306', '普通用户', 'normal', '2019-05-15 20:22:11');
INSERT INTO `t_role` VALUES ('61bd333840bf4a97a3ecfc9fa3dae184', '用户维护', 'testUser', '2019-07-09 15:35:19');
INSERT INTO `t_role` VALUES ('642ce921c0c6445bae2104f19c364a0a', '按钮权限测试', 'button-test', '2019-08-12 09:23:22');
INSERT INTO `t_role` VALUES ('8da03793c468476598355c3a8c509803', '1212as阿萨德·1', 'aae·1', '2019-08-28 16:23:13');

-- ----------------------------
-- Table structure for `t_role_tree`
-- ----------------------------
DROP TABLE IF EXISTS `t_role_tree`;
CREATE TABLE `t_role_tree` (
  `roleTreeId` varchar(32) COLLATE utf8mb4_general_ci NOT NULL COMMENT '角色菜单关联流水ID',
  `roleId` varchar(32) COLLATE utf8mb4_general_ci DEFAULT NULL COMMENT '角色ID',
  `treeId` int(11) DEFAULT NULL COMMENT '菜单ID',
  PRIMARY KEY (`roleTreeId`)
) ENGINE=InnoDB DEFAULT CHARSET=utf8mb4 COLLATE=utf8mb4_general_ci;

-- ----------------------------
-- Records of t_role_tree
-- ----------------------------
INSERT INTO `t_role_tree` VALUES ('0278133abf19487281a0196182c85a76', '8da03793c468476598355c3a8c509803', '27');
INSERT INTO `t_role_tree` VALUES ('035403838aaf4490b5fbecd7098f6f0f', '1', '41');
INSERT INTO `t_role_tree` VALUES ('0d3c1e3119de4cc89f389e0b20fef518', '61bd333840bf4a97a3ecfc9fa3dae184', '42');
INSERT INTO `t_role_tree` VALUES ('0fa5f7e31df4468abe03f5100aca1498', '1', '68');
INSERT INTO `t_role_tree` VALUES ('144a273aa87a472484523ea1efde899a', '1', '42');
INSERT INTO `t_role_tree` VALUES ('1a7c2f59edbf4679b05075258cf6fea0', '1', '2');
INSERT INTO `t_role_tree` VALUES ('1abdc90b933b4d2e858fdf0763dda419', '1', '44');
INSERT INTO `t_role_tree` VALUES ('1e6595228014480cafe504c2a05d2628', '642ce921c0c6445bae2104f19c364a0a', '14');
INSERT INTO `t_role_tree` VALUES ('1fb2a65a51d547b7b76ab674ed6ea6c6', '1', '40');
INSERT INTO `t_role_tree` VALUES ('2355c105b3254cbe83532e96cf505547', '1', '4');
INSERT INTO `t_role_tree` VALUES ('277699dc8f7843149fbf519be6543461', '1', '34');
INSERT INTO `t_role_tree` VALUES ('2eb83b44aa7d4dbd80321ee6e7a6ddaf', '615b36a78e414e2d9a69614ecca08306', '3');
INSERT INTO `t_role_tree` VALUES ('40965a9f4d164239ba226775f52ab49a', '1', '38');
INSERT INTO `t_role_tree` VALUES ('4d1168977b0b4439a3d95cdd0bb5847f', '1', '65');
INSERT INTO `t_role_tree` VALUES ('4d640b5ca24240f7a8fa7f531173a17b', '642ce921c0c6445bae2104f19c364a0a', '3');
INSERT INTO `t_role_tree` VALUES ('501558d2dfd64288bfae52812f22e5d6', '1', '28');
INSERT INTO `t_role_tree` VALUES ('52c11c9359b64acb80c6dd6353c96e6c', '61bd333840bf4a97a3ecfc9fa3dae184', '38');
INSERT INTO `t_role_tree` VALUES ('53cc67ba695b4b2fb8539ae4cffe717c', '8da03793c468476598355c3a8c509803', '1');
INSERT INTO `t_role_tree` VALUES ('5a5109592b0043c1bba289ea91fe55c1', '1', '1');
INSERT INTO `t_role_tree` VALUES ('5b755e9d633e46a2b8901525ef78a49d', '1', '66');
INSERT INTO `t_role_tree` VALUES ('670644cfc3544b2e8c6cd35a849cfcac', '1', '14');
INSERT INTO `t_role_tree` VALUES ('6ad31d936c6c4d42a4743e1beb7ea3af', '642ce921c0c6445bae2104f19c364a0a', '27');
INSERT INTO `t_role_tree` VALUES ('6c1534087161402c8835c668f5b25814', '1', '35');
INSERT INTO `t_role_tree` VALUES ('7026f286fa3c46739acf71ba28f6dc11', '1', '26');
INSERT INTO `t_role_tree` VALUES ('735503cc16834c2a9243808e28473b4a', '1', '64');
INSERT INTO `t_role_tree` VALUES ('798f667fb6754c20b9b9f099b388b403', '8da03793c468476598355c3a8c509803', '29');
INSERT INTO `t_role_tree` VALUES ('80610d5dcdb64cfea0a0454f907b6687', '642ce921c0c6445bae2104f19c364a0a', '33');
INSERT INTO `t_role_tree` VALUES ('812d1c85826740579a649667e49ca451', '615b36a78e414e2d9a69614ecca08306', '2');
INSERT INTO `t_role_tree` VALUES ('814f76ea801e4e1abda328ccd4b3e7a0', '1', '37');
INSERT INTO `t_role_tree` VALUES ('83b61ec04d504fa98c798861d8bea966', '1', '69');
INSERT INTO `t_role_tree` VALUES ('891e76addb944fa890c1019e0d290ae4', '642ce921c0c6445bae2104f19c364a0a', '4');
INSERT INTO `t_role_tree` VALUES ('8df48be0ef174ad58c8f1921d839299a', '61bd333840bf4a97a3ecfc9fa3dae184', '14');
INSERT INTO `t_role_tree` VALUES ('8ea65b7cc3694f578aceaa31d2373e17', '61bd333840bf4a97a3ecfc9fa3dae184', '41');
INSERT INTO `t_role_tree` VALUES ('9039732d6f6f4d0abbadee5589832be9', '1', '39');
INSERT INTO `t_role_tree` VALUES ('95837a6121bd4778b697835b5c185103', '642ce921c0c6445bae2104f19c364a0a', '37');
INSERT INTO `t_role_tree` VALUES ('961209d9b4b84c94b5336ea92bcb0f01', '1', '70');
INSERT INTO `t_role_tree` VALUES ('98b7870779c340ecbeea39b19414e413', '1', '27');
INSERT INTO `t_role_tree` VALUES ('99c69d90455b4aaaa2a42e05602568cf', '642ce921c0c6445bae2104f19c364a0a', '41');
INSERT INTO `t_role_tree` VALUES ('9a0a403d03c34296bca1c76ca56a172a', '642ce921c0c6445bae2104f19c364a0a', '45');
INSERT INTO `t_role_tree` VALUES ('9aea6a9c3eee455f88314653b33cf6f2', '642ce921c0c6445bae2104f19c364a0a', '36');
INSERT INTO `t_role_tree` VALUES ('9c8c4ba29aaf482dbe23ad3dd94b1bf1', '8da03793c468476598355c3a8c509803', '2');
INSERT INTO `t_role_tree` VALUES ('9fbfcae1c95048d1b2858cbef0856787', '642ce921c0c6445bae2104f19c364a0a', '1');
INSERT INTO `t_role_tree` VALUES ('a0e0eb95e3044e8cb57a7b44f56d01da', '1', '63');
INSERT INTO `t_role_tree` VALUES ('a16b7bcdac324fb5a6e5a63b2c930495', '1', '30');
INSERT INTO `t_role_tree` VALUES ('a30ad28fc45c4ce5bb19784e679aee8a', '1', '33');
INSERT INTO `t_role_tree` VALUES ('a929884f9d96458e8d5cd13cd5883b92', '61bd333840bf4a97a3ecfc9fa3dae184', '37');
INSERT INTO `t_role_tree` VALUES ('ab2d5962ccee4df9ab11edd11c6c6d0e', '1', '15');
INSERT INTO `t_role_tree` VALUES ('abc81908b1e343e8920b59c06924cd86', '61bd333840bf4a97a3ecfc9fa3dae184', '1');
INSERT INTO `t_role_tree` VALUES ('b1d7967c023d4b48b7167924ba7a0e53', '8da03793c468476598355c3a8c509803', '4');
INSERT INTO `t_role_tree` VALUES ('b20f7ef817b647a1a918f816fea8a5e5', '1', '3');
INSERT INTO `t_role_tree` VALUES ('b96393ed6fe94175b0fa01b5015e116a', '615b36a78e414e2d9a69614ecca08306', '1');
INSERT INTO `t_role_tree` VALUES ('b9847813098648d8b34b7477e839df0e', '1', '13');
INSERT INTO `t_role_tree` VALUES ('b9a5f68349ab4c8eb50939f328200a32', '8da03793c468476598355c3a8c509803', '3');
INSERT INTO `t_role_tree` VALUES ('ba0e2a41f7c74065aab1065ad2d058ab', '61bd333840bf4a97a3ecfc9fa3dae184', '40');
INSERT INTO `t_role_tree` VALUES ('bcaf5e67ee3f4f39b06fd7ad1ea13aa5', '8da03793c468476598355c3a8c509803', '25');
INSERT INTO `t_role_tree` VALUES ('c2d4da14c2274529a967435ecba2bfa4', '642ce921c0c6445bae2104f19c364a0a', '2');
INSERT INTO `t_role_tree` VALUES ('c5ab5b74484544b7b758334c70a4134d', '642ce921c0c6445bae2104f19c364a0a', '44');
INSERT INTO `t_role_tree` VALUES ('caa2484b74204e96b6e37a878635c76f', '1', '36');
INSERT INTO `t_role_tree` VALUES ('cbc33064031f416baf3c42fceac2a98f', '642ce921c0c6445bae2104f19c364a0a', '30');
INSERT INTO `t_role_tree` VALUES ('cc57fb7b0dd54bb5b0e94901b2f1415e', '8da03793c468476598355c3a8c509803', '26');
INSERT INTO `t_role_tree` VALUES ('d3384ac0648e40928ec3d8b9b0ea0d53', '1', '32');
INSERT INTO `t_role_tree` VALUES ('d34d30166ed343918a2c27a3717f63b7', '1', '45');
INSERT INTO `t_role_tree` VALUES ('db84f860a48048df9c91f4b2a480f04b', '1', '67');
INSERT INTO `t_role_tree` VALUES ('e0eab44de8e34fb5b19b55f90bba67bb', '1', '25');
INSERT INTO `t_role_tree` VALUES ('e3e7a9d779fe4a86bc4d7995a4648216', '642ce921c0c6445bae2104f19c364a0a', '13');
INSERT INTO `t_role_tree` VALUES ('e83f291673fb4ff4a3d8b9c21d2b57ac', '642ce921c0c6445bae2104f19c364a0a', '39');
INSERT INTO `t_role_tree` VALUES ('ebf3b9c1e3be4f12ba7299c8526cb471', '1', '31');
INSERT INTO `t_role_tree` VALUES ('edb9cc234ab543e194db007115f48850', '642ce921c0c6445bae2104f19c364a0a', '15');
INSERT INTO `t_role_tree` VALUES ('f7bae299d6f64dc59d4f01a1252cbf7d', '8da03793c468476598355c3a8c509803', '28');
INSERT INTO `t_role_tree` VALUES ('fd105ff330f24a88a7ad3c4102ba73f7', '61bd333840bf4a97a3ecfc9fa3dae184', '39');
INSERT INTO `t_role_tree` VALUES ('fe4aef331ec5456099e9ce04c612fece', '1', '29');

-- ----------------------------
-- Table structure for `t_system_internationalization`
-- ----------------------------
DROP TABLE IF EXISTS `t_system_internationalization`;
CREATE TABLE `t_system_internationalization` (
  `systemInternationalizationId` int(11) NOT NULL AUTO_INCREMENT COMMENT '系统国际化流水ID',
  `internationalizationKey` varchar(128) COLLATE utf8mb4_general_ci DEFAULT NULL COMMENT '国际化对应的key',
  `internationalizationValue` varchar(128) COLLATE utf8mb4_general_ci DEFAULT NULL COMMENT '国际化对应的值',
  `parentTreeName` varchar(128) COLLATE utf8mb4_general_ci DEFAULT NULL COMMENT '父节点菜单名称',
  `parentInternationalizationId` int(11) DEFAULT NULL COMMENT '父节点ID',
  `fullPath` varchar(128) COLLATE utf8mb4_general_ci DEFAULT NULL COMMENT '全路径',
  `treeName` varchar(256) COLLATE utf8mb4_general_ci DEFAULT NULL COMMENT '菜单名称',
  `crtDate` datetime DEFAULT NULL COMMENT '创建时间',
  PRIMARY KEY (`systemInternationalizationId`)
) ENGINE=InnoDB AUTO_INCREMENT=263 DEFAULT CHARSET=utf8mb4 COLLATE=utf8mb4_general_ci COMMENT='系统国际化';

-- ----------------------------
-- Records of t_system_internationalization
-- ----------------------------
INSERT INTO `t_system_internationalization` VALUES ('1', 'top', 'top', '无', '0', '1', '国际化顶层节点', '2019-08-15 09:49:21');
INSERT INTO `t_system_internationalization` VALUES ('4', 'zh-CN', 'zh-CN', '国际化顶层节点', '1', '1,4', '简体中文', '2019-08-16 09:28:25');
INSERT INTO `t_system_internationalization` VALUES ('5', 'en-US', 'en-US', '国际化顶层节点', '1', '1,5', '英文', '2019-08-16 09:28:41');
INSERT INTO `t_system_internationalization` VALUES ('6', 'zh-TW', 'zh-TW', '国际化顶层节点', '1', '1,6', '繁体中文', '2019-08-16 09:28:58');
INSERT INTO `t_system_internationalization` VALUES ('7', 'dict', 'dict', '中文', '4', '1,4,7', '数据字典', '2019-08-16 09:29:44');
INSERT INTO `t_system_internationalization` VALUES ('8', 'title', '数据字典维护', '测试数据', '7', '1,4,7,8', '标题', '2019-08-16 09:30:02');
INSERT INTO `t_system_internationalization` VALUES ('9', 'addButton', '新增字典', '测试数据', '7', '1,4,7,9', '新增按钮', '2019-08-16 09:30:15');
INSERT INTO `t_system_internationalization` VALUES ('10', 'tr-TR', 'tr-TR', '国际化顶层节点', '1', '1,10', '土耳其语', '2019-08-16 13:50:42');
INSERT INTO `t_system_internationalization` VALUES ('11', 'es-ES', 'es-ES', '国际化顶层节点', '1', '1,11', '西班牙语', '2019-08-16 13:51:03');
INSERT INTO `t_system_internationalization` VALUES ('12', 'ja-JP', 'ja-JP', '国际化顶层节点', '1', '1,12', '日语', '2019-08-16 13:51:18');
INSERT INTO `t_system_internationalization` VALUES ('14', 'fr-FR', 'fr-FR', '国际化顶层节点', '1', '1,14', '法语', '2019-08-16 13:51:46');
INSERT INTO `t_system_internationalization` VALUES ('15', 'de-DE', 'de-DE', '国际化顶层节点', '1', '1,15', '德语', '2019-08-16 13:52:07');
INSERT INTO `t_system_internationalization` VALUES ('16', 'pt-BR', 'pt-BR', '国际化顶层节点', '1', '1,16', '巴西葡萄牙语', '2019-08-16 13:52:25');
INSERT INTO `t_system_internationalization` VALUES ('17', 'pt-PT', 'pt-PT', '国际化顶层节点', '1', '1,17', '葡萄牙语', '2019-08-16 13:52:38');
INSERT INTO `t_system_internationalization` VALUES ('18', 'ko-KR', 'ko-KR', '国际化顶层节点', '1', '1,18', '韩语', '2019-08-16 13:52:52');
INSERT INTO `t_system_internationalization` VALUES ('19', 'vi-VN', 'vi-VN', '国际化顶层节点', '1', '1,19', '越南语', '2019-08-16 13:53:05');
INSERT INTO `t_system_internationalization` VALUES ('20', 'sv-SE', 'sv-SE', '国际化顶层节点', '1', '1,20', '瑞典语', '2019-08-16 13:53:18');
INSERT INTO `t_system_internationalization` VALUES ('21', 'id-ID', 'id-ID', '国际化顶层节点', '1', '1,21', '印尼语', '2019-08-16 13:53:31');
INSERT INTO `t_system_internationalization` VALUES ('22', 'uk-UA', 'uk-UA', '国际化顶层节点', '1', '1,22', '乌克兰语', '2019-08-16 13:53:45');
INSERT INTO `t_system_internationalization` VALUES ('23', 'it-IT', 'it-IT', '国际化顶层节点', '1', '1,23', '意大利语', '2019-08-16 13:53:56');
INSERT INTO `t_system_internationalization` VALUES ('24', 'th-TH', 'th-TH', '国际化顶层节点', '1', '1,24', '泰语', '2019-08-16 13:54:11');
INSERT INTO `t_system_internationalization` VALUES ('25', 'hi-IN', 'hi-IN', '国际化顶层节点', '1', '1,25', '印地语', '2019-08-16 13:54:25');
INSERT INTO `t_system_internationalization` VALUES ('26', 'fa-IR', 'fa-IR', '国际化顶层节点', '1', '1,26', '波斯语', '2019-08-16 13:54:43');
INSERT INTO `t_system_internationalization` VALUES ('27', 'ro-RO', 'ro-RO', '国际化顶层节点', '1', '1,27', '罗马尼亚语', '2019-08-16 13:54:55');
INSERT INTO `t_system_internationalization` VALUES ('28', 'el-GR', 'el-GR', '国际化顶层节点', '1', '1,28', '希腊语', '2019-08-16 13:55:08');
INSERT INTO `t_system_internationalization` VALUES ('29', 'nl-NL', 'nl-NL', '国际化顶层节点', '1', '1,29', '荷兰语', '2019-08-16 13:55:19');
INSERT INTO `t_system_internationalization` VALUES ('30', 'cs-CZ', 'cs-CZ', '国际化顶层节点', '1', '1,30', '捷克语', '2019-08-16 13:55:30');
INSERT INTO `t_system_internationalization` VALUES ('31', 'mn-MN', 'mn-MN', '国际化顶层节点', '1', '1,31', '蒙古语', '2019-08-16 13:55:41');
INSERT INTO `t_system_internationalization` VALUES ('32', 'mn-TR', 'mn-TR', '国际化顶层节点', '1', '1,32', '传统蒙古语', '2019-08-16 13:55:52');
INSERT INTO `t_system_internationalization` VALUES ('33', 'fi-FI', 'fi-FI', '国际化顶层节点', '1', '1,33', '芬兰语', '2019-08-16 13:56:03');
INSERT INTO `t_system_internationalization` VALUES ('38', 'searchText', '请输入相应的查询条件', '测试数据', '7', '1,4,7,38', '字典列表查询框', '2019-08-16 14:02:29');
INSERT INTO `t_system_internationalization` VALUES ('39', 'searchSuccessText', '查询数据字典列表成功', '数据字典', '7', '1,4,7,39', '字典列表查询成功的信息', '2019-08-16 14:56:39');
INSERT INTO `t_system_internationalization` VALUES ('40', 'searchFailText', '查询数据字典列表失败', '数据字典', '7', '1,4,7,40', '字典列表查询失败的返回', '2019-08-16 14:57:13');
INSERT INTO `t_system_internationalization` VALUES ('41', 'deleteDictSuccess', '删除字典数据成功', '数据字典', '7', '1,4,7,41', '删除字典数据成功的返回', '2019-08-16 14:57:36');
INSERT INTO `t_system_internationalization` VALUES ('42', 'deleteDictFail', '删除字典数据失败', '数据字典', '7', '1,4,7,42', '删除字典数据失败返回', '2019-08-16 14:57:56');
INSERT INTO `t_system_internationalization` VALUES ('43', 'deleteCancel', '您取消了当前的操作行为', '数据字典', '7', '1,4,7,43', '取消删除的提示', '2019-08-16 14:58:16');
INSERT INTO `t_system_internationalization` VALUES ('44', 'deleteContent', '是否删除当前你选中的字典数据', '数据字典', '7', '1,4,7,44', '删除字典的confirm的提示', '2019-08-16 14:58:40');
INSERT INTO `t_system_internationalization` VALUES ('45', 'columns', 'columns', '数据字典', '7', '1,4,7,45', '字典列表的columns', '2019-08-16 14:58:59');
INSERT INTO `t_system_internationalization` VALUES ('46', 'dictTypeTitle', '字典类型', '字典列表的columns', '45', '1,4,7,45,46', '字典类型', '2019-08-16 14:59:14');
INSERT INTO `t_system_internationalization` VALUES ('47', 'dictCodeTitle', '字典编码', '字典列表的columns', '45', '1,4,7,45,47', '字典编码', '2019-08-16 14:59:30');
INSERT INTO `t_system_internationalization` VALUES ('48', 'dictTextTitle', '字典描述', '字典列表的columns', '45', '1,4,7,45,48', '字典描述', '2019-08-16 14:59:42');
INSERT INTO `t_system_internationalization` VALUES ('49', 'dictValueTitle', '字典数值', '字典列表的columns', '45', '1,4,7,45,49', '字典数值', '2019-08-16 14:59:54');
INSERT INTO `t_system_internationalization` VALUES ('50', 'operationTitle', '操作', '字典列表的columns', '45', '1,4,7,45,50', '操作', '2019-08-16 15:00:07');
INSERT INTO `t_system_internationalization` VALUES ('51', 'addTitle', '新增', '数据字典', '7', '1,4,7,51', '新增字典的modal的title', '2019-08-16 15:00:36');
INSERT INTO `t_system_internationalization` VALUES ('52', 'addDictTypeLabel', '字典类型', '数据字典', '7', '1,4,7,52', '新增字典的字典类型的Label', '2019-08-16 15:04:29');
INSERT INTO `t_system_internationalization` VALUES ('53', 'addDictTypeHolder', '请输入字典类型', '数据字典', '7', '1,4,7,53', '新增字典的字典类型的holder', '2019-08-16 15:12:28');
INSERT INTO `t_system_internationalization` VALUES ('54', 'addDictCodeLabel', '字典编码', '数据字典', '7', '1,4,7,54', '新增字典的字典编码的label', '2019-08-16 15:12:56');
INSERT INTO `t_system_internationalization` VALUES ('55', 'addDictCodeHolder', '请输入字典编码', '数据字典', '7', '1,4,7,55', '新增字典的字典编码的holder', '2019-08-16 15:13:27');
INSERT INTO `t_system_internationalization` VALUES ('56', 'addDictTextLabel', '字典数值', '数据字典', '7', '1,4,7,56', '新增字典的字典数值的label', '2019-08-16 15:13:55');
INSERT INTO `t_system_internationalization` VALUES ('57', 'addDictTextHolder', '请输入字典数值', '数据字典', '7', '1,4,7,57', '新增字典的字典数值的holder', '2019-08-16 15:14:37');
INSERT INTO `t_system_internationalization` VALUES ('58', 'addDictValueLabel', '字典描述', '数据字典', '7', '1,4,7,58', '新增字典的字典描述的label', '2019-08-16 15:15:03');
INSERT INTO `t_system_internationalization` VALUES ('59', 'addDictValueHolder', '请输入字典描述', '数据字典', '7', '1,4,7,59', '新增字典的字典描述的holder', '2019-08-16 15:15:29');
INSERT INTO `t_system_internationalization` VALUES ('60', 'addDictTypeRuleMessage', '请输入字典类型', '数据字典', '7', '1,4,7,60', '字典类型不为空的提示', '2019-08-16 15:16:09');
INSERT INTO `t_system_internationalization` VALUES ('61', 'addDictTypeRuleMaxMessage', '字典类型允许输入最大长度为50个字符', '数据字典', '7', '1,4,7,61', '字典类型长度的提示', '2019-08-16 15:16:41');
INSERT INTO `t_system_internationalization` VALUES ('62', 'addDictCodeRuleMessage', '请输入字典编码', '数据字典', '7', '1,4,7,62', '字典编码不为空的提示', '2019-08-16 15:19:13');
INSERT INTO `t_system_internationalization` VALUES ('63', 'addDictCodeRuleMaxMessage', '字典编码允许输入最大长度为50个字符', '数据字典', '7', '1,4,7,63', '字典编码长度的提示', '2019-08-16 15:19:30');
INSERT INTO `t_system_internationalization` VALUES ('64', 'addDictTextRuleMessage', '请输入字典描述', '数据字典', '7', '1,4,7,64', '字典描述不为空的提示', '2019-08-16 15:20:17');
INSERT INTO `t_system_internationalization` VALUES ('65', 'addDictTextRuleMaxMessage', '字典描述允许输入最大长度为50个字符', '数据字典', '7', '1,4,7,65', '字典描述长度的提示', '2019-08-16 15:20:36');
INSERT INTO `t_system_internationalization` VALUES ('66', 'addDictValueRuleMessage', '请输入字典数值', '数据字典', '7', '1,4,7,66', '字典数值不为空的提示', '2019-08-16 15:21:09');
INSERT INTO `t_system_internationalization` VALUES ('67', 'addDictValueRuleMaxMessage', '字典数值允许输入最大长度为50个字符', '数据字典', '7', '1,4,7,67', '字典数值长度的提示', '2019-08-16 15:21:28');
INSERT INTO `t_system_internationalization` VALUES ('68', 'addSuccess', '增加字典数据成功', '数据字典', '7', '1,4,7,68', '增加字典数据成功的提示', '2019-08-16 15:21:47');
INSERT INTO `t_system_internationalization` VALUES ('69', 'addFormFail', '表单验证失败，请检查表单!', '数据字典', '7', '1,4,7,69', '新增字典的表单验证失败的提示', '2019-08-16 15:22:16');
INSERT INTO `t_system_internationalization` VALUES ('70', 'addDictFail', '增加字典数据失败', '数据字典', '7', '1,4,7,70', '增加字典数据失败的提示', '2019-08-16 15:24:36');
INSERT INTO `t_system_internationalization` VALUES ('71', 'checkFail', '验证不通过，该字典类型的字典编码的值已经存在了，请修改字典编码的值', '数据字典', '7', '1,4,7,71', '字典类型重复验证不通过的提示', '2019-08-16 15:25:02');
INSERT INTO `t_system_internationalization` VALUES ('72', 'updateDictSuccess', '更新字典数据成功', '数据字典', '7', '1,4,7,72', '更新字典数据成功的提示', '2019-08-16 15:25:26');
INSERT INTO `t_system_internationalization` VALUES ('73', 'updateDictFail', '更新字典数据失败', '数据字典', '7', '1,4,7,73', '更新字典数据失败的提示', '2019-08-16 15:25:39');
INSERT INTO `t_system_internationalization` VALUES ('74', 'org', 'org', '简体中文', '4', '1,4,74', '组织架构', '2019-08-16 15:58:04');
INSERT INTO `t_system_internationalization` VALUES ('75', 'addTitle', '新增组织', '组织架构', '74', '1,4,74,75', '新增组织架构的标题', '2019-08-16 16:14:58');
INSERT INTO `t_system_internationalization` VALUES ('76', 'addParentOrgNameLabel', '父组织架构名称', '组织架构', '74', '1,4,74,76', '父组织架构名称', '2019-08-16 16:45:46');
INSERT INTO `t_system_internationalization` VALUES ('77', 'addParentOrgNameLabelHolder', '请选择父组织架构名称', '组织架构', '74', '1,4,74,77', '父组织架构holder', '2019-08-16 16:46:10');
INSERT INTO `t_system_internationalization` VALUES ('78', 'addOrgNameLabel', '组织架构名称', '组织架构', '74', '1,4,74,78', '组织架构名称label', '2019-08-16 16:46:32');
INSERT INTO `t_system_internationalization` VALUES ('79', 'addOrgNameHolder', '请输入组织架构名称', '组织架构', '74', '1,4,74,79', '组织架构名称holder', '2019-08-16 16:46:51');
INSERT INTO `t_system_internationalization` VALUES ('80', 'addOrgCodeLabel', '组织架构编码', '组织架构', '74', '1,4,74,80', '组织架构编码label', '2019-08-16 16:47:06');
INSERT INTO `t_system_internationalization` VALUES ('81', 'addOrgCodeHolder', '请输入组织架构编码', '组织架构', '74', '1,4,74,81', '组织架构编码holder', '2019-08-16 16:47:22');
INSERT INTO `t_system_internationalization` VALUES ('82', 'addOrgNameRuleMessage', '请输入组织架构名称', '组织架构', '74', '1,4,74,82', '组织架构名称不为空验证', '2019-08-16 16:48:20');
INSERT INTO `t_system_internationalization` VALUES ('83', 'addOrgNameRuleMaxMessage', '组织架构名称允许输入最大长度为50个字符', '组织架构', '74', '1,4,74,83', '组织架构名称长度验证', '2019-08-16 16:48:43');
INSERT INTO `t_system_internationalization` VALUES ('84', 'addOrgCodeRuleMessage', '请输入组织架构编码', '组织架构', '74', '1,4,74,84', '组织编码不为空验证', '2019-08-16 16:49:01');
INSERT INTO `t_system_internationalization` VALUES ('85', 'addOrgCodeRuleMaxMessage', '组织架构编码允许输入最大长度为50个字符', '组织架构', '74', '1,4,74,85', '组织编码最大长度验证', '2019-08-16 16:49:19');
INSERT INTO `t_system_internationalization` VALUES ('86', 'checkOrgFail', '验证组织架构不通过', '组织架构', '74', '1,4,74,86', '验证组织架构不通过提示', '2019-08-16 16:49:37');
INSERT INTO `t_system_internationalization` VALUES ('87', 'addOrgFail', '增加组织架构失败', '组织架构', '74', '1,4,74,87', '增加组织失败提示', '2019-08-16 16:49:56');
INSERT INTO `t_system_internationalization` VALUES ('88', 'deleteOrgContent', '是否删除当前选中的组织架构？', '组织架构', '74', '1,4,74,88', '删除组织架构提示', '2019-08-16 16:50:17');
INSERT INTO `t_system_internationalization` VALUES ('89', 'deleteCancel', '取消删除请求', '组织架构', '74', '1,4,74,89', '取消删除提示', '2019-08-16 16:50:36');
INSERT INTO `t_system_internationalization` VALUES ('90', 'updateTitle', '更新组织', '组织架构', '74', '1,4,74,90', '更新组织标题', '2019-08-16 16:50:54');
INSERT INTO `t_system_internationalization` VALUES ('91', 'role', 'role', '简体中文', '4', '1,4,91', '角色管理', '2019-08-16 17:02:08');
INSERT INTO `t_system_internationalization` VALUES ('95', '阿萨德', '打', '繁体中文', '6', '1,6,95', '阿打算', '2019-08-19 09:39:56');
INSERT INTO `t_system_internationalization` VALUES ('129', 'dict', 'dict', '英文', '5', '1,5,129', '数据字典', '2019-08-20 09:32:42');
INSERT INTO `t_system_internationalization` VALUES ('136', 'title', '角色管理', '角色管理', '91', '1,4,91,136', '标题', '2019-08-20 14:17:28');
INSERT INTO `t_system_internationalization` VALUES ('137', 'addButton', '新增角色', '角色管理', '91', '1,4,91,137', '新增角色按钮', '2019-08-20 14:17:47');
INSERT INTO `t_system_internationalization` VALUES ('138', 'searchText', '请输入角色编码或者角色名称来进行查询', '角色管理', '91', '1,4,91,138', '查询框的查询文本', '2019-08-20 14:18:15');
INSERT INTO `t_system_internationalization` VALUES ('139', 'searchSuccessText', '查询角色列表成功', '角色管理', '91', '1,4,91,139', '查询角色列表成功的提示', '2019-08-20 14:19:29');
INSERT INTO `t_system_internationalization` VALUES ('140', 'searchFailText', '查询角色列表失败', '角色管理', '91', '1,4,91,140', '查询角色列表失败的提示', '2019-08-20 14:19:44');
INSERT INTO `t_system_internationalization` VALUES ('141', 'deleteRoleSuccess', '删除角色成功', '角色管理', '91', '1,4,91,141', '删除角色成功的提示', '2019-08-20 14:20:00');
INSERT INTO `t_system_internationalization` VALUES ('142', 'deleteRoleFail', '删除角色数据失败', '角色管理', '91', '1,4,91,142', '删除角色数据失败的提示', '2019-08-20 14:20:16');
INSERT INTO `t_system_internationalization` VALUES ('143', 'deleteCancel', '您取消了当前的操作行为', '角色管理', '91', '1,4,91,143', '取消删除的提示', '2019-08-20 14:20:32');
INSERT INTO `t_system_internationalization` VALUES ('144', 'deleteContent', '是否删除当前你选中的角色数据', '角色管理', '91', '1,4,91,144', '删除角色提示框的信息', '2019-08-20 14:20:50');
INSERT INTO `t_system_internationalization` VALUES ('145', 'updateRoleSuccess', '更新角色数据成功', '角色管理', '91', '1,4,91,145', '更新角色数据成功提示', '2019-08-20 14:21:07');
INSERT INTO `t_system_internationalization` VALUES ('146', 'updateRoleFail', '更新角色数据失败', '角色管理', '91', '1,4,91,146', '更新角色数据失败的提示', '2019-08-20 14:21:23');
INSERT INTO `t_system_internationalization` VALUES ('147', 'columns', 'columns', '角色管理', '91', '1,4,91,147', '角色列表', '2019-08-20 14:21:39');
INSERT INTO `t_system_internationalization` VALUES ('148', 'roleNameTitle', '角色名称', '角色列表', '147', '1,4,91,147,148', '角色名称', '2019-08-20 14:21:57');
INSERT INTO `t_system_internationalization` VALUES ('149', 'roleCodeTitle', '角色编码', '角色列表', '147', '1,4,91,147,149', '角色编码', '2019-08-20 14:22:11');
INSERT INTO `t_system_internationalization` VALUES ('150', 'roleCrtDateTitle', '创建时间', '角色列表', '147', '1,4,91,147,150', '创建时间', '2019-08-20 14:22:23');
INSERT INTO `t_system_internationalization` VALUES ('151', 'operationTitle', '操作', '角色列表', '147', '1,4,91,147,151', '操作', '2019-08-20 14:22:35');
INSERT INTO `t_system_internationalization` VALUES ('152', 'addTitle', '增加角色', '角色管理', '91', '1,4,91,152', '增加角色标题', '2019-08-20 14:22:57');
INSERT INTO `t_system_internationalization` VALUES ('153', 'editTitle', '修改角色', '角色管理', '91', '1,4,91,153', '修改角色标题', '2019-08-20 14:23:12');
INSERT INTO `t_system_internationalization` VALUES ('154', 'addRoleNameLabel', '角色名称', '角色管理', '91', '1,4,91,154', '角色名称label', '2019-08-20 14:23:30');
INSERT INTO `t_system_internationalization` VALUES ('155', 'addRoleNameHolder', '请输入角色名称', '角色管理', '91', '1,4,91,155', '角色名称holder', '2019-08-20 14:23:51');
INSERT INTO `t_system_internationalization` VALUES ('156', 'addRoleCodeLabel', '角色编码', '角色管理', '91', '1,4,91,156', '角色编码label', '2019-08-20 14:24:07');
INSERT INTO `t_system_internationalization` VALUES ('157', 'addRoleCodeHolder', '请输入角色编码', '角色管理', '91', '1,4,91,157', '角色编码holder', '2019-08-20 14:24:28');
INSERT INTO `t_system_internationalization` VALUES ('158', 'addRoleNameRuleMessage', '请输入角色名称', '角色管理', '91', '1,4,91,158', '角色名称不为空提示', '2019-08-20 14:25:02');
INSERT INTO `t_system_internationalization` VALUES ('159', 'addRoleNameRuleMaxMessage', '角色名称允许输入最大长度为50个字符', '角色管理', '91', '1,4,91,159', '角色名称最大限制提示', '2019-08-20 14:25:22');
INSERT INTO `t_system_internationalization` VALUES ('160', 'addRoleCodeRuleMessage', '请输入角色编码', '角色管理', '91', '1,4,91,160', '角色编码不为空提示', '2019-08-20 14:25:46');
INSERT INTO `t_system_internationalization` VALUES ('161', 'addRoleCodeRuleMaxMessage', '角色编码允许输入最大长度为50个字符', '角色管理', '91', '1,4,91,161', '角色编码最大限制提示', '2019-08-20 14:26:07');
INSERT INTO `t_system_internationalization` VALUES ('162', 'addSuccess', '增加角色数据成功', '角色管理', '91', '1,4,91,162', '增加角色数据成功提示', '2019-08-20 14:26:21');
INSERT INTO `t_system_internationalization` VALUES ('163', 'addFormFail', '表单验证失败，请检查表单!', '角色管理', '91', '1,4,91,163', '表单验证失败提示', '2019-08-20 14:26:42');
INSERT INTO `t_system_internationalization` VALUES ('164', 'addRoleFail', '增加角色数据失败', '角色管理', '91', '1,4,91,164', '增加角色数据失败提示', '2019-08-20 14:26:58');
INSERT INTO `t_system_internationalization` VALUES ('165', 'checkRoleNameFail', '验证不通过，该角色名称的值已经存在了，请修改角色名称的值', '角色管理', '91', '1,4,91,165', '角色名称验证不通过提示', '2019-08-20 14:27:20');
INSERT INTO `t_system_internationalization` VALUES ('166', 'checkRoleCodeFail', '验证不通过，该角色编码的值已经存在了，请修改角色编码的值', '角色管理', '91', '1,4,91,166', '角色编码验证不通过提示', '2019-08-20 14:27:40');
INSERT INTO `t_system_internationalization` VALUES ('167', 'user', 'user', '简体中文', '4', '1,4,167', '用户管理', '2019-08-20 14:28:07');
INSERT INTO `t_system_internationalization` VALUES ('168', 'tree', 'tree', '简体中文', '4', '1,4,168', '菜单管理', '2019-08-20 14:28:39');
INSERT INTO `t_system_internationalization` VALUES ('169', 'title', '用户组织架构管理', '菜单管理', '167', '1,4,167,169', '用户组织架构管理标题', '2019-08-20 15:15:36');
INSERT INTO `t_system_internationalization` VALUES ('170', 'orgButton', 'orgButton', '菜单管理', '167', '1,4,167,170', '组织管理按钮名称集合', '2019-08-20 15:15:58');
INSERT INTO `t_system_internationalization` VALUES ('171', 'addOrgButton', '新增', '组织管理按钮名称集合', '170', '1,4,167,170,171', '新增组织按钮', '2019-08-20 15:16:17');
INSERT INTO `t_system_internationalization` VALUES ('172', 'modifyOrgButton', '修改', '组织管理按钮名称集合', '170', '1,4,167,170,172', '修改组织按钮', '2019-08-20 15:16:33');
INSERT INTO `t_system_internationalization` VALUES ('173', 'deleteOrgButton', '删除', '组织管理按钮名称集合', '170', '1,4,167,170,173', '删除组织按钮', '2019-08-20 15:16:47');
INSERT INTO `t_system_internationalization` VALUES ('174', 'columns', 'columns', '菜单管理', '167', '1,4,167,174', '用户table列表的column', '2019-08-20 15:17:39');
INSERT INTO `t_system_internationalization` VALUES ('175', 'loginAccountTitle', '账号', '用户table列表的column', '174', '1,4,167,174,175', '账号', '2019-08-20 15:22:44');
INSERT INTO `t_system_internationalization` VALUES ('176', 'nickNameTitle', '姓名', '用户table列表的column', '174', '1,4,167,174,176', '姓名', '2019-08-20 15:23:00');
INSERT INTO `t_system_internationalization` VALUES ('177', 'crtDateTitle', '创建时间', '用户table列表的column', '174', '1,4,167,174,177', '创建时间', '2019-08-20 15:23:18');
INSERT INTO `t_system_internationalization` VALUES ('178', 'lastLoginDateTitle', '最后登录时间', '用户table列表的column', '174', '1,4,167,174,178', '最后登录时间', '2019-08-20 15:23:39');
INSERT INTO `t_system_internationalization` VALUES ('179', 'operationTitle', '操作', '用户table列表的column', '174', '1,4,167,174,179', '操作', '2019-08-20 15:23:52');
INSERT INTO `t_system_internationalization` VALUES ('180', 'createUser', '创建用户', '用户管理', '167', '1,4,167,180', '创建用户按钮', '2019-08-20 15:28:00');
INSERT INTO `t_system_internationalization` VALUES ('181', 'searchText', '请输入相应的查询', '用户管理', '167', '1,4,167,181', '查询用户的查询框提示', '2019-08-20 15:28:33');
INSERT INTO `t_system_internationalization` VALUES ('182', 'searchSuccessText', '查询用户列表成功', '用户管理', '167', '1,4,167,182', '查询用户列表成功的提示', '2019-08-20 15:28:49');
INSERT INTO `t_system_internationalization` VALUES ('183', 'searchFailText', '查询用户列表失败', '用户管理', '167', '1,4,167,183', '查询用户列表失败的提示', '2019-08-20 15:29:11');
INSERT INTO `t_system_internationalization` VALUES ('184', 'parentOrgName', '虚拟顶级组织', '用户管理', '167', '1,4,167,184', '顶级组织名称', '2019-08-20 15:29:33');
INSERT INTO `t_system_internationalization` VALUES ('185', 'addTitle', '新增用户', '用户管理', '167', '1,4,167,185', '新增用户标题', '2019-08-20 15:30:01');
INSERT INTO `t_system_internationalization` VALUES ('186', 'addLoginAccountLabel', '用户账号', '用户管理', '167', '1,4,167,186', '用户账号label', '2019-08-20 15:30:19');
INSERT INTO `t_system_internationalization` VALUES ('187', 'addLoginAccountLabelHolder', '请输入用户账号', '用户管理', '167', '1,4,167,187', '用户账号holder', '2019-08-20 15:30:41');
INSERT INTO `t_system_internationalization` VALUES ('188', 'addNickNameLabel', '用户姓名', '用户管理', '167', '1,4,167,188', '用户姓名label', '2019-08-20 15:30:55');
INSERT INTO `t_system_internationalization` VALUES ('189', 'addPcaLabel', '联系地址', '用户管理', '167', '1,4,167,189', '联系地址label', '2019-08-20 15:31:14');
INSERT INTO `t_system_internationalization` VALUES ('190', 'addAddressLabel', '街道地址', '用户管理', '167', '1,4,167,190', '街道地址label', '2019-08-20 15:31:28');
INSERT INTO `t_system_internationalization` VALUES ('191', 'addAddressRuleMessage', '请输入用户地址', '用户管理', '167', '1,4,167,191', '用户地址不为空提示', '2019-08-20 15:31:46');
INSERT INTO `t_system_internationalization` VALUES ('192', 'addPcaRuleMessage', '请选择省市区', '用户管理', '167', '1,4,167,192', '请选择省市区提示', '2019-08-20 15:32:11');
INSERT INTO `t_system_internationalization` VALUES ('193', 'addNickNameHolder', '请输入用户姓名', '用户管理', '167', '1,4,167,193', '用户姓名holder', '2019-08-20 15:32:29');
INSERT INTO `t_system_internationalization` VALUES ('194', 'addRoleLabel', '用户角色', '用户管理', '167', '1,4,167,194', '用户角色label', '2019-08-20 15:32:44');
INSERT INTO `t_system_internationalization` VALUES ('195', 'addRoleLabelHolder', '请选择相应的角色赋予用户', '用户管理', '167', '1,4,167,195', '用户角色holder', '2019-08-20 15:33:03');
INSERT INTO `t_system_internationalization` VALUES ('196', 'addLoginAccountRuleMessage', '请输入用户账号', '用户管理', '167', '1,4,167,196', '用户账号不为空提示', '2019-08-20 15:33:22');
INSERT INTO `t_system_internationalization` VALUES ('197', 'addLoginAccountRuleMaxMessage', '用户账号允许输入最大长度为50个字符', '用户管理', '167', '1,4,167,197', '用户账号最大长度限制', '2019-08-20 15:33:43');
INSERT INTO `t_system_internationalization` VALUES ('198', 'addNickNameRuleMessage', '请输入用户姓名', '用户管理', '167', '1,4,167,198', '用户姓名不为空提示', '2019-08-20 15:34:12');
INSERT INTO `t_system_internationalization` VALUES ('199', 'addNickNameRuleMaxMessage', '用户姓名允许输入最大长度为50个字符', '用户管理', '167', '1,4,167,199', '用户姓名最大长度限制提示', '2019-08-20 15:34:44');
INSERT INTO `t_system_internationalization` VALUES ('200', 'addRolesRuleMessage', '请选择相应的用户角色', '用户管理', '167', '1,4,167,200', '用户角色不为空提示', '2019-08-20 15:35:05');
INSERT INTO `t_system_internationalization` VALUES ('201', 'addOrgIdsRuleMessage', '请选择相应的组织架构', '用户管理', '167', '1,4,167,201', '组织架构不为空提示', '2019-08-20 15:35:22');
INSERT INTO `t_system_internationalization` VALUES ('202', 'addUserFail', '新增用户失败', '用户管理', '167', '1,4,167,202', '新增用户失败提示', '2019-08-20 15:35:37');
INSERT INTO `t_system_internationalization` VALUES ('203', 'checkUserFail', '账户验证失败', '用户管理', '167', '1,4,167,203', '账户验证失败提示', '2019-08-20 15:35:52');
INSERT INTO `t_system_internationalization` VALUES ('204', 'updateTitle', '修改用户', '用户管理', '167', '1,4,167,204', '修改用户标题', '2019-08-20 15:36:08');
INSERT INTO `t_system_internationalization` VALUES ('205', 'updateUserFail', '修改用户失败', '用户管理', '167', '1,4,167,205', '修改用户失败提示', '2019-08-20 15:36:21');
INSERT INTO `t_system_internationalization` VALUES ('206', 'deleteUserContent', '是否删除当前用户', '用户管理', '167', '1,4,167,206', '删除用户提示信息', '2019-08-20 15:36:40');
INSERT INTO `t_system_internationalization` VALUES ('207', 'deleteCancel', '取消删除请求', '用户管理', '167', '1,4,167,207', '取消删除请求提示', '2019-08-20 15:37:09');
INSERT INTO `t_system_internationalization` VALUES ('208', 'title', '菜单管理', '菜单管理', '168', '1,4,168,208', '菜单管理标题', '2019-08-20 15:59:55');
INSERT INTO `t_system_internationalization` VALUES ('209', 'createButton', '创建按钮', '菜单管理', '168', '1,4,168,209', '创建按钮名称', '2019-08-20 16:00:16');
INSERT INTO `t_system_internationalization` VALUES ('210', 'searchText', '请输入查询的条件', '菜单管理', '168', '1,4,168,210', '查询按钮的文本框提示信息', '2019-08-20 16:00:40');
INSERT INTO `t_system_internationalization` VALUES ('211', 'searchSuccessText', '查询按钮列表成功', '菜单管理', '168', '1,4,168,211', '查询按钮列表成功的提示', '2019-08-20 16:00:55');
INSERT INTO `t_system_internationalization` VALUES ('212', 'searchFailText', '查询按钮列表失败', '菜单管理', '168', '1,4,168,212', '查询按钮列表失败的提示', '2019-08-20 16:01:10');
INSERT INTO `t_system_internationalization` VALUES ('213', 'deleteButtonSuccess', '删除按钮成功', '菜单管理', '168', '1,4,168,213', '删除按钮成功的提示', '2019-08-20 16:01:25');
INSERT INTO `t_system_internationalization` VALUES ('214', 'deleteButtonFail', '删除按钮失败', '菜单管理', '168', '1,4,168,214', '删除按钮失败的提示', '2019-08-20 16:01:43');
INSERT INTO `t_system_internationalization` VALUES ('215', 'deleteContent', '是否删除当前你选中的按钮', '菜单管理', '168', '1,4,168,215', '删除按钮的文本框提示信息', '2019-08-20 16:02:03');
INSERT INTO `t_system_internationalization` VALUES ('216', 'deleteCancel', '您取消了当前的操作行为', '菜单管理', '168', '1,4,168,216', '取消删除的提示', '2019-08-20 16:02:24');
INSERT INTO `t_system_internationalization` VALUES ('217', 'updateButtonSuccess', '更新按钮成功', '菜单管理', '168', '1,4,168,217', '更新按钮成功的提示', '2019-08-20 16:02:45');
INSERT INTO `t_system_internationalization` VALUES ('218', 'updateButtonFail', '更新按钮失败', '菜单管理', '168', '1,4,168,218', '更新按钮失败的提示', '2019-08-20 16:02:57');
INSERT INTO `t_system_internationalization` VALUES ('219', 'parentTreeName', '顶层节点', '菜单管理', '168', '1,4,168,219', '顶层节点的名称', '2019-08-20 16:03:16');
INSERT INTO `t_system_internationalization` VALUES ('220', 'columns', 'columns', '菜单管理', '168', '1,4,168,220', '按钮列表的列信息', '2019-08-20 16:03:35');
INSERT INTO `t_system_internationalization` VALUES ('221', 'treeNameTitle', '按钮名称', '按钮列表的列信息', '220', '1,4,168,220,221', '按钮名称', '2019-08-20 16:03:57');
INSERT INTO `t_system_internationalization` VALUES ('222', 'treeCodeTitle', '按钮编码', '按钮列表的列信息', '220', '1,4,168,220,222', '按钮编码', '2019-08-20 16:04:11');
INSERT INTO `t_system_internationalization` VALUES ('223', 'treeStateTitle', '按钮状态', '按钮列表的列信息', '220', '1,4,168,220,223', '按钮状态', '2019-08-20 16:08:20');
INSERT INTO `t_system_internationalization` VALUES ('224', 'operationTitle', '操作', '按钮列表的列信息', '220', '1,4,168,220,224', '操作', '2019-08-20 16:08:33');
INSERT INTO `t_system_internationalization` VALUES ('225', 'treeButton', 'treeButton', '菜单管理', '168', '1,4,168,225', '按钮集合', '2019-08-20 16:08:52');
INSERT INTO `t_system_internationalization` VALUES ('226', 'addTreeButton', '增加', '按钮集合', '225', '1,4,168,225,226', '增加菜单按钮', '2019-08-20 16:09:13');
INSERT INTO `t_system_internationalization` VALUES ('227', 'modifyTreeButton', '修改', '按钮集合', '225', '1,4,168,225,227', '修改菜单按钮', '2019-08-20 16:09:34');
INSERT INTO `t_system_internationalization` VALUES ('228', 'deleteTreeButton', '删除', '按钮集合', '225', '1,4,168,225,228', '删除菜单按钮', '2019-08-20 16:09:48');
INSERT INTO `t_system_internationalization` VALUES ('229', 'addButtonTitle', '新增按钮', '菜单管理', '168', '1,4,168,229', '新增按钮', '2019-08-20 16:10:07');
INSERT INTO `t_system_internationalization` VALUES ('230', 'addParentTreeNameLabel', '父菜单节点', '菜单管理', '168', '1,4,168,230', '父菜单节点label', '2019-08-20 16:10:24');
INSERT INTO `t_system_internationalization` VALUES ('231', 'addButtonNameLabel', '按钮名称', '菜单管理', '168', '1,4,168,231', '按钮名称label', '2019-08-20 16:10:39');
INSERT INTO `t_system_internationalization` VALUES ('232', 'addButtonNameHolder', '请输入按钮名称', '菜单管理', '168', '1,4,168,232', '按钮名称holder', '2019-08-20 16:11:01');
INSERT INTO `t_system_internationalization` VALUES ('233', 'addButtonCodeLabel', '按钮编码', '菜单管理', '168', '1,4,168,233', '按钮编码label', '2019-08-20 16:11:17');
INSERT INTO `t_system_internationalization` VALUES ('234', 'addButtonCodeHolder', '请输入按钮编码', '菜单管理', '168', '1,4,168,234', '按钮编码holder', '2019-08-20 16:12:58');
INSERT INTO `t_system_internationalization` VALUES ('235', 'addButtonPowerPathLabel', '按钮权限', '菜单管理', '168', '1,4,168,235', '按钮权限label', '2019-08-20 16:13:16');
INSERT INTO `t_system_internationalization` VALUES ('236', 'addButtonPowerPathHolder', '请输入按钮权限', '菜单管理', '168', '1,4,168,236', '按钮权限holder', '2019-08-20 16:13:35');
INSERT INTO `t_system_internationalization` VALUES ('237', 'addButtonNameRuleMessage', '请输入按钮名称', '菜单管理', '168', '1,4,168,237', '按钮名称不为空提示', '2019-08-20 16:13:57');
INSERT INTO `t_system_internationalization` VALUES ('238', 'addButtonNameRuleMaxMessage', '按钮名称允许输入最大长度为50个字符', '菜单管理', '168', '1,4,168,238', '按钮名称最大长度限制', '2019-08-20 16:14:15');
INSERT INTO `t_system_internationalization` VALUES ('239', 'addButtonCodeRuleMessage', '请输入按钮编码', '菜单管理', '168', '1,4,168,239', '按钮编码不为空提示', '2019-08-20 16:14:33');
INSERT INTO `t_system_internationalization` VALUES ('240', 'addButtonCodeRuleMaxMessage', '按钮编码允许输入最大长度为50个字符', '菜单管理', '168', '1,4,168,240', '按钮编码最大长度限制', '2019-08-20 16:14:50');
INSERT INTO `t_system_internationalization` VALUES ('241', 'checkFail', '验证不通过，该按钮编码的值已经存在了，请修改按钮编码的值', '菜单管理', '168', '1,4,168,241', '按钮编码验证不通过提示', '2019-08-20 16:15:13');
INSERT INTO `t_system_internationalization` VALUES ('242', 'addButtonSuccess', '增加按钮节点成功', '菜单管理', '168', '1,4,168,242', '增加按钮节点成功提示', '2019-08-20 16:15:30');
INSERT INTO `t_system_internationalization` VALUES ('243', 'addButtonFail', '增加按钮节点失败', '菜单管理', '168', '1,4,168,243', '增加按钮节点失败提示', '2019-08-20 16:15:47');
INSERT INTO `t_system_internationalization` VALUES ('244', 'freezeContent', '是否冻结当前按钮', '菜单管理', '168', '1,4,168,244', '是否冻结当前按钮', '2019-08-20 16:15:59');
INSERT INTO `t_system_internationalization` VALUES ('245', 'thawContent', '是否解冻当前按钮', '菜单管理', '168', '1,4,168,245', '是否解冻当前按钮', '2019-08-20 16:16:12');
INSERT INTO `t_system_internationalization` VALUES ('246', 'operateButtonSuccess', '操作成功', '菜单管理', '168', '1,4,168,246', '操作成功提示', '2019-08-20 16:16:28');
INSERT INTO `t_system_internationalization` VALUES ('247', 'operateButtonFail', '操作失败', '菜单管理', '168', '1,4,168,247', '操作失败提示', '2019-08-20 16:16:42');
INSERT INTO `t_system_internationalization` VALUES ('248', 'addTreeTitle', '增加菜单', '菜单管理', '168', '1,4,168,248', '增加菜单', '2019-08-20 16:16:57');
INSERT INTO `t_system_internationalization` VALUES ('249', 'addTreeNameLabel', '菜单名称', '菜单管理', '168', '1,4,168,249', '菜单名称label', '2019-08-20 16:17:15');
INSERT INTO `t_system_internationalization` VALUES ('250', 'addTreeNameHolder', '请输入菜单名称', '菜单管理', '168', '1,4,168,250', '菜单名称holder', '2019-08-20 16:17:29');
INSERT INTO `t_system_internationalization` VALUES ('251', 'addTreeCodeLabel', '菜单编码', '菜单管理', '168', '1,4,168,251', '菜单编码label', '2019-08-20 16:17:44');
INSERT INTO `t_system_internationalization` VALUES ('252', 'addTreeCodeHolder', '请输入菜单编码', '菜单管理', '168', '1,4,168,252', '菜单编码holder', '2019-08-20 16:18:02');
INSERT INTO `t_system_internationalization` VALUES ('253', 'addPowerPathLabel', '菜单权限', '菜单管理', '168', '1,4,168,253', '菜单权限label', '2019-08-20 16:18:17');
INSERT INTO `t_system_internationalization` VALUES ('254', 'addPowerPathHolder', '请输入菜单权限', '菜单管理', '168', '1,4,168,254', '菜单权限holder', '2019-08-20 16:18:37');
INSERT INTO `t_system_internationalization` VALUES ('255', 'checkTreeFail', '验证不通过，该菜单编码的值已经存在了，请修改菜单编码的值', '菜单管理', '168', '1,4,168,255', '菜单编码验证不通过提示', '2019-08-20 16:19:00');
INSERT INTO `t_system_internationalization` VALUES ('256', 'addTreeNameRuleMessage', '请输入菜单名称', '菜单管理', '168', '1,4,168,256', '菜单名称不为空提示', '2019-08-20 16:19:17');
INSERT INTO `t_system_internationalization` VALUES ('257', 'addTreeNameRuleMaxMessage', '菜单名称允许输入最大长度为50个字符', '菜单管理', '168', '1,4,168,257', '菜单名称最大长度限制', '2019-08-20 16:19:34');
INSERT INTO `t_system_internationalization` VALUES ('258', 'addTreeCodeRuleMessage', '请输入菜单编码', '菜单管理', '168', '1,4,168,258', '菜单编码不为空提示', '2019-08-20 16:19:53');
INSERT INTO `t_system_internationalization` VALUES ('259', 'addTreeCodeRuleMaxMessage', '菜单编码允许输入最大长度为50个字符', '菜单管理', '168', '1,4,168,259', '菜单编码最大长度限制', '2019-08-20 16:20:11');
INSERT INTO `t_system_internationalization` VALUES ('260', 'addTreeSuccess', '增加按钮节点成功', '菜单管理', '168', '1,4,168,260', '增加按钮节点成功提示', '2019-08-20 16:20:28');
INSERT INTO `t_system_internationalization` VALUES ('261', 'addTreeFail', '增加按钮节点失败', '菜单管理', '168', '1,4,168,261', '增加按钮节点失败提示', '2019-08-20 16:20:42');
INSERT INTO `t_system_internationalization` VALUES ('262', 'deleteTreeContent', '是否删除当前你选中的菜单节点', '菜单管理', '168', '1,4,168,262', '删除按钮节点提示信息', '2019-08-20 16:20:59');

-- ----------------------------
-- Table structure for `t_target_message`
-- ----------------------------
DROP TABLE IF EXISTS `t_target_message`;
CREATE TABLE `t_target_message` (
  `targetMessageId` varchar(32) COLLATE utf8mb4_general_ci NOT NULL COMMENT '流水ID',
  `messageId` varchar(32) COLLATE utf8mb4_general_ci DEFAULT NULL COMMENT '消息流水ID',
  `state` varchar(2) COLLATE utf8mb4_general_ci DEFAULT NULL COMMENT '消息状态【1：未读；2：已读】',
  `targetName` varchar(100) CHARACTER SET utf8 COLLATE utf8_general_ci DEFAULT NULL COMMENT '接收人姓名',
  `userId` varchar(32) COLLATE utf8mb4_general_ci DEFAULT NULL COMMENT '用户ID',
  `sendTime` datetime DEFAULT NULL COMMENT '发送时间',
  `readeTime` datetime DEFAULT NULL COMMENT '阅读时间',
  `removeState` varchar(2) COLLATE utf8mb4_general_ci DEFAULT NULL COMMENT '删除状态【0：已删除；1：正常】',
  PRIMARY KEY (`targetMessageId`)
) ENGINE=InnoDB DEFAULT CHARSET=utf8mb4 COLLATE=utf8mb4_general_ci;

-- ----------------------------
-- Records of t_target_message
-- ----------------------------
INSERT INTO `t_target_message` VALUES ('2e1501ed383b4ddc93632ebced773404', 'f8d515f5494240898e351b9941f2108b', '2', null, '1', null, '2019-06-25 09:33:46', '1');
INSERT INTO `t_target_message` VALUES ('6246a41f0d954c2589bd70039f9487f0', 'f8d515f5494240898e351b9941f2108b', '1', null, '382b4ac7e6e34b469b765aa24b7cfd67', null, null, '1');
INSERT INTO `t_target_message` VALUES ('87e4ae1f701c4e7da973242e9d4dabbd', '1d04c9c947424e9e9a3b40b145d8586a', '2', '系统管理员', '1', '2019-06-21 14:24:24', '2019-06-25 09:34:46', '1');
INSERT INTO `t_target_message` VALUES ('e1109b15f17a40ff9b1ab2831a209c63', '97bab50b9a624a07b483769f9fdace79', '2', '系统管理员', '1', '2019-08-28 16:29:28', '2019-08-28 16:36:49', '1');
INSERT INTO `t_target_message` VALUES ('f16edfc9abea476a84d6603a02131e93', 'b5af85724ef2427b86e6baeeeec225c8', '2', null, '1', null, '2019-06-25 09:34:50', '1');

-- ----------------------------
-- Table structure for `t_tree`
-- ----------------------------
DROP TABLE IF EXISTS `t_tree`;
CREATE TABLE `t_tree` (
  `treeId` int(11) NOT NULL AUTO_INCREMENT COMMENT '菜单流水ID',
  `treeName` varchar(100) COLLATE utf8mb4_general_ci DEFAULT NULL COMMENT '菜单名字',
  `treeCode` varchar(100) COLLATE utf8mb4_general_ci DEFAULT NULL COMMENT '菜单编码',
  `treeState` varchar(10) COLLATE utf8mb4_general_ci DEFAULT NULL COMMENT '菜单状态【1：可用；2：禁用】',
  `treeType` varchar(10) COLLATE utf8mb4_general_ci DEFAULT NULL COMMENT '菜单类型【1：菜单节点；2：按钮节点】',
  `parentTreeId` int(11) DEFAULT NULL COMMENT '父节点编号',
  `parentTreeName` varchar(100) COLLATE utf8mb4_general_ci DEFAULT NULL COMMENT '父节点名称',
  `crtDate` datetime DEFAULT NULL COMMENT '创建时间',
  `fullPath` varchar(255) COLLATE utf8mb4_general_ci DEFAULT NULL COMMENT '菜单流水完整路径(1.2.3)',
  `powerPath` varchar(4000) CHARACTER SET utf8 COLLATE utf8_general_ci DEFAULT NULL COMMENT '权限路径',
  PRIMARY KEY (`treeId`)
) ENGINE=InnoDB AUTO_INCREMENT=75 DEFAULT CHARSET=utf8mb4 COLLATE=utf8mb4_general_ci;

-- ----------------------------
-- Records of t_tree
-- ----------------------------
INSERT INTO `t_tree` VALUES ('1', '系统管理', 'system-manage', '1', '1', '0', null, '2019-05-05 16:24:04', '1', '/user/changePassword:/msg/queryUserMsg:/msg/readMsg');
INSERT INTO `t_tree` VALUES ('2', '字典管理', 'system-manage-dict', '1', '1', '1', '系统管理', '2019-05-05 16:24:39', '1.2', '/dict/queryDictList');
INSERT INTO `t_tree` VALUES ('3', '增加字典', 'system-manage-dict-add', '1', '2', '2', '字典管理', '2019-05-05 17:22:59', '1.2.3', '/dict/checkTypeAndCode:/dict/addDict');
INSERT INTO `t_tree` VALUES ('4', '角色管理', 'system-manage-role', '1', '1', '1', '系统管理', '2019-05-07 16:46:36', '1.4', '/role/queryRoleList');
INSERT INTO `t_tree` VALUES ('13', '菜单管理', 'system-manage-tree', '1', '1', '1', '系统管理', '2019-05-15 19:49:09', '1.13', '/tree/getTreeList:/tree/queryTreeButtonList:/tree/');
INSERT INTO `t_tree` VALUES ('14', '用户组织', 'system-manage-user', '1', '1', '1', '系统管理', '2019-05-15 19:49:30', '1.14', '/user/queryUserList:/org/getOrgTree');
INSERT INTO `t_tree` VALUES ('15', '行为日志', 'system-manage-behavior', '1', '1', '1', '系统管理', '2019-05-20 13:49:40', '1.15', '/behaviorLog/queryBehaviorLogList');
INSERT INTO `t_tree` VALUES ('25', '删除字典', 'system-manage-dict-delete', '1', '2', '2', '字典管理', '2019-06-04 14:21:59', '1.2.25', '/dict/deleteDict');
INSERT INTO `t_tree` VALUES ('26', '更新数据', 'system-manage-dict-update', '1', '2', '2', '字典管理', '2019-06-04 14:23:07', '1.2.26', '/dict/getDict:/dict/updateDict:/dict/checkTypeAndCode');
INSERT INTO `t_tree` VALUES ('27', '新增角色', 'system-manage-role-add', '1', '2', '4', '角色管理', '2019-06-04 16:28:21', '1.4.27', '/role/loadTree:/role/addRole:/role/checkRoleCodeAndName');
INSERT INTO `t_tree` VALUES ('28', '修改角色', 'system-manage-role-update', '1', '2', '4', '角色管理', '2019-06-04 16:29:27', '1.4.28', '/role/loadTree:/role/updateRole:/role/checkRoleCodeAndName:/role/getRoleByRoleId');
INSERT INTO `t_tree` VALUES ('29', '删除角色', 'system-manage-role-delete', '1', '2', '4', '角色管理', '2019-06-04 16:30:12', '1.4.29', 'role/deleteRole');
INSERT INTO `t_tree` VALUES ('30', '新增菜单', 'system-manage-tree-add', '1', '2', '13', '菜单管理', '2019-06-04 16:32:22', '1.13.30', '/tree/checkTreeCode:/tree/addTree');
INSERT INTO `t_tree` VALUES ('31', '修改菜单', 'system-manage-tree-update', '1', '2', '13', '菜单管理', '2019-06-04 16:33:33', '1.13.31', '/tree/checkTreeCode:/tree/getTreeByTreeId:/tree/updateTree');
INSERT INTO `t_tree` VALUES ('32', '删除菜单', 'system-manage-tree-delete', '1', '2', '13', '菜单管理', '2019-06-04 16:33:59', '1.13.32', '/tree/deleteTree');
INSERT INTO `t_tree` VALUES ('33', '新增按钮', 'system-manage-button-add', '1', '2', '13', '菜单管理', '2019-06-04 16:34:38', '1.13.33', '/tree/addButton:/tree/checkTreeCode');
INSERT INTO `t_tree` VALUES ('34', '修改按钮', 'system-manage-button-update', '1', '2', '13', '菜单管理', '2019-06-04 16:35:59', '1.13.34', '/tree/checkTreeCode:/tree/updateButton:/tree/getTreeByTreeId');
INSERT INTO `t_tree` VALUES ('35', '删除按钮', 'system-manage-button-delete', '1', '2', '13', '菜单管理', '2019-06-04 16:36:35', '1.13.35', '/tree/deleteButton');
INSERT INTO `t_tree` VALUES ('36', '冻结/解冻', 'system-manage-button-operate', '1', '2', '13', '菜单管理', '2019-06-04 16:37:09', '1.13.36', '/tree/operateButton');
INSERT INTO `t_tree` VALUES ('37', '新增用户', 'system-manage-user-add', '1', '2', '14', '用户组织', '2019-06-04 16:49:52', '1.14.37', '/user/checkLoginAccount:/user/createUser:/user/loadAllRole:/file/uploadFile');
INSERT INTO `t_tree` VALUES ('38', '更新用户', 'system-manage-user-update', '1', '2', '14', '用户组织', '2019-06-04 16:50:40', '1.14.38', '/user/checkLoginAccount:/user/updateUser:/user/loadAllRole:/user/getUserByUserId:/file/uploadFile');
INSERT INTO `t_tree` VALUES ('39', '删除用户', 'system-manage-user-delete', '1', '2', '14', '用户组织', '2019-06-04 16:52:15', '1.14.39', '/user/deleteUser');
INSERT INTO `t_tree` VALUES ('40', '新建组织', 'system-manage-org-add', '1', '2', '14', '用户组织', '2019-06-04 17:01:47', '1.14.40', '/org/getOrgCascader:/org/checkOrgNameAndCode:/org/addOrg');
INSERT INTO `t_tree` VALUES ('41', '修改组织', 'system-manage-org-update', '1', '2', '14', '用户组织', '2019-06-04 17:03:00', '1.14.41', '/org/updateOrg:/org/checkOrgNameAndCode:/org/updateOrg:/org/getOrgByOrgId');
INSERT INTO `t_tree` VALUES ('42', '删除组织', 'system-manage-org-delete', '1', '2', '14', '用户组织', '2019-06-04 17:03:25', '1.14.42', '/org/deleteOrg');
INSERT INTO `t_tree` VALUES ('44', '消息管理', 'system-manage-message', '1', '1', '1', '系统管理', '2019-06-20 16:35:03', '1.44', '/msg/queryMessageList');
INSERT INTO `t_tree` VALUES ('45', '发布消息', 'system-manage-message-add', '1', '2', '44', '消息管理', '2019-06-21 10:14:30', '1.44.45', '/msg/publishNews');
INSERT INTO `t_tree` VALUES ('63', '语言维护', 'system-manage-language', '1', '1', '1', '系统管理', '2019-08-21 10:01:23', '1.63', '/language/getLanguage:/language/queryLanguageList');
INSERT INTO `t_tree` VALUES ('64', '创建', 'system-manage-language-add', '1', '2', '63', '语言维护', '2019-08-21 10:02:11', '1.63.64', '/language/addLanguage');
INSERT INTO `t_tree` VALUES ('65', '删除', 'system-manage-language-delete', '1', '2', '63', '语言维护', '2019-08-21 10:02:40', '1.63.65', '/language/deleteLanguage');
INSERT INTO `t_tree` VALUES ('66', '更新', 'system-manage-language-update', '1', '2', '63', '语言维护', '2019-08-21 10:03:14', '1.63.66', '/language/getLanguage:/language/updateLanguage');
INSERT INTO `t_tree` VALUES ('67', '国际化新版', 'system-manage-internationalization', '1', '1', '1', '系统管理', '2019-08-21 14:17:50', '1.67', '/internationalization/getInternationalizationTree');
INSERT INTO `t_tree` VALUES ('68', '新增', 'system-manage-internationalization-add', '1', '2', '67', '国际化新版', '2019-08-21 14:22:35', '1.67.68', '/internationalization/addInternationalize:/internationalization/getLanguage');
INSERT INTO `t_tree` VALUES ('69', '删除', 'system-manage-internationalization-delete', '1', '2', '67', '国际化新版', '2019-08-21 14:23:00', '1.67.69', '/internationalization/deleteInternationalization');
INSERT INTO `t_tree` VALUES ('70', '更新', 'system-manage-internationalization-update', '1', '2', '67', '国际化新版', '2019-08-21 14:23:45', '1.67.70', '/internationalization/getInternationalizationById:/internationalization/updateInternationalize:/internationalization/getLanguage');

-- ----------------------------
-- Table structure for `t_user`
-- ----------------------------
DROP TABLE IF EXISTS `t_user`;
CREATE TABLE `t_user` (
  `userId` varchar(32) COLLATE utf8mb4_general_ci NOT NULL COMMENT '用户流水ID',
  `loginAccount` varchar(100) COLLATE utf8mb4_general_ci DEFAULT NULL COMMENT '用户登录账号',
  `loginPassword` varchar(100) CHARACTER SET utf8mb4 COLLATE utf8mb4_general_ci DEFAULT NULL COMMENT '鐢ㄦ埛鐧诲綍瀵嗙爜',
  `crtDate` datetime DEFAULT NULL COMMENT '创建时间',
  `nickName` varchar(100) COLLATE utf8mb4_general_ci DEFAULT NULL COMMENT '真实姓名',
  `lastLoginDate` datetime DEFAULT NULL COMMENT '最后登录时间',
  `token` varchar(32) COLLATE utf8mb4_general_ci DEFAULT NULL COMMENT '登录的token',
  `address` varchar(100) COLLATE utf8mb4_general_ci DEFAULT NULL COMMENT '具体地址',
  `areaName` varchar(50) COLLATE utf8mb4_general_ci DEFAULT NULL COMMENT '所在区名称',
  `area` varchar(20) COLLATE utf8mb4_general_ci DEFAULT NULL COMMENT '区编码',
  `cityName` varchar(50) COLLATE utf8mb4_general_ci DEFAULT NULL,
  `city` varchar(20) COLLATE utf8mb4_general_ci DEFAULT NULL COMMENT '所在市',
  `provinceName` varchar(50) COLLATE utf8mb4_general_ci DEFAULT NULL COMMENT '所在省名称',
  `province` varchar(20) COLLATE utf8mb4_general_ci DEFAULT NULL COMMENT '所在省编码',
  `headImg` varchar(100) COLLATE utf8mb4_general_ci DEFAULT NULL COMMENT '用户头像图片地址',
  PRIMARY KEY (`userId`)
) ENGINE=InnoDB DEFAULT CHARSET=utf8mb4 COLLATE=utf8mb4_general_ci;

-- ----------------------------
-- Records of t_user
-- ----------------------------
INSERT INTO `t_user` VALUES ('1', 'admin', '123456', '2019-06-10 16:09:22', '系统管理员', '2019-08-28 16:27:51', '832c984e3c7c4ac1abd95698e0bcb05f', null, null, null, null, null, null, null, '');
INSERT INTO `t_user` VALUES ('2', 'oauthTest', '$2a$10$YVYvUUjtCaAtK9cmPcMLuerVvDcHMbN3xQ8lZvyJCNrBIjoDaz9me', '2019-05-31 14:16:42', 'oauth测试', null, null, null, null, null, null, null, null, null, null);
INSERT INTO `t_user` VALUES ('382b4ac7e6e34b469b765aa24b7cfd67', 'linzf', '123456', '2019-06-12 10:15:48', '林泽锋', '2019-07-12 13:48:03', 'e5cd1faf487a414aa67fa117a09e6482', null, null, null, null, null, null, null, 'user/64e65bcc2633422aa1015c45d5675b9a.jpg');
INSERT INTO `t_user` VALUES ('483b947f8ee943e48b411b7d68631c38', 'testabc', '123456', '2019-07-09 14:55:14', 'testabc11111', '2019-07-09 15:18:24', '5dd766e9a6da4f8c99d282de8806de30', 'testabc111', '长治县', '140421', '长治市', '140400', '山西省', '140000', '');
INSERT INTO `t_user` VALUES ('7405af9d414a4116a638778ba790a436', 'lin-button', '123456', '2019-08-12 09:23:51', 'lin-button', '2019-08-12 15:05:07', '4f59adefa4b448b48eea5c82fe894271', 'lin-button', '东城区', '110101', '市辖区', '110100', '北京市', '110000', '');
INSERT INTO `t_user` VALUES ('8cf35dc98d684a8293ce44f2f370ec14', 'test123', '123456', '2019-07-09 15:56:55', 'test123', null, null, 'test123', '东城区', '110101', '市辖区', '110100', '北京市', '110000', 'user/69618cfc358b438ab90d8c9b8acabfc0.jpg');
INSERT INTO `t_user` VALUES ('9e9d3980d9e3421ca3e3635356441e93', 'userManage', '123456', '2019-07-09 15:35:53', 'userManage', '2019-07-09 15:36:01', 'f50f0b36ce5449bbaef6ef00157c9033', 'userManage', '东城区', '110101', '市辖区', '110100', '北京市', '110000', 'user/f080d5b2645b4459b5519e07264f288e.jpg');
INSERT INTO `t_user` VALUES ('a3d2179015d74035a127c5810fb1d453', '2323', '123456', '2019-06-25 14:02:22', '232', '2019-07-05 15:55:34', '8b7419be6df04330b9489eb8a3bd1f9f', '', '朝阳区', '110105', '市辖区', '110100', '北京市', '110000', 'user/40693d71f50c474a9fe0c9d3ea4dd36f.jpg');
INSERT INTO `t_user` VALUES ('ee15c39491ef4647acd37da8271a301a', '1111', '123456', '2019-07-09 15:58:22', '1111', null, null, '111', '泽州县', '140525', '晋城市', '140500', '山西省', '140000', 'user/34cb34daf34d41789686e15f5fe842d2.jpg');

-- ----------------------------
-- Table structure for `t_user_org`
-- ----------------------------
DROP TABLE IF EXISTS `t_user_org`;
CREATE TABLE `t_user_org` (
  `userOrgId` varchar(32) COLLATE utf8mb4_general_ci NOT NULL COMMENT '用户组织关联流水ID',
  `userId` varchar(32) COLLATE utf8mb4_general_ci DEFAULT NULL COMMENT '用户流水ID',
  `orgId` int(11) DEFAULT NULL COMMENT '组织流水ID',
  PRIMARY KEY (`userOrgId`)
) ENGINE=InnoDB DEFAULT CHARSET=utf8mb4 COLLATE=utf8mb4_general_ci;

-- ----------------------------
-- Records of t_user_org
-- ----------------------------
INSERT INTO `t_user_org` VALUES ('0ca405f43c9d406f93a231042849ba15', 'ee15c39491ef4647acd37da8271a301a', '1');
INSERT INTO `t_user_org` VALUES ('30a2797316304791947418f8e2b0df98', '382b4ac7e6e34b469b765aa24b7cfd67', '2');
INSERT INTO `t_user_org` VALUES ('5a80be1cfd854b55bdd13d08c3523ff2', 'a3d2179015d74035a127c5810fb1d453', '4');
INSERT INTO `t_user_org` VALUES ('5dc97d9fee994c228df66052687f054f', '9e9d3980d9e3421ca3e3635356441e93', '4');
INSERT INTO `t_user_org` VALUES ('963c2c86847944f6bc695ae2e820e739', '483b947f8ee943e48b411b7d68631c38', '3');
INSERT INTO `t_user_org` VALUES ('b2aa6311d25f421c930933e56a1aaadc', '7405af9d414a4116a638778ba790a436', '3');
INSERT INTO `t_user_org` VALUES ('db96f88d7cdb4819b8bd14261fc7bfca', '8cf35dc98d684a8293ce44f2f370ec14', '4');
INSERT INTO `t_user_org` VALUES ('df7829afd1494211984df08b8b457962', '1', '1');

-- ----------------------------
-- Table structure for `t_user_role`
-- ----------------------------
DROP TABLE IF EXISTS `t_user_role`;
CREATE TABLE `t_user_role` (
  `userRoleId` varchar(32) COLLATE utf8mb4_general_ci NOT NULL COMMENT '用户角色关联流水ID',
  `userId` varchar(32) COLLATE utf8mb4_general_ci DEFAULT NULL COMMENT '用户ID',
  `roleId` varchar(32) COLLATE utf8mb4_general_ci DEFAULT NULL COMMENT '角色ID',
  PRIMARY KEY (`userRoleId`)
) ENGINE=InnoDB DEFAULT CHARSET=utf8mb4 COLLATE=utf8mb4_general_ci;

-- ----------------------------
-- Records of t_user_role
-- ----------------------------
INSERT INTO `t_user_role` VALUES ('0a77c4f9cd204a6ca713a8428559b8f0', '1', '615b36a78e414e2d9a69614ecca08306');
INSERT INTO `t_user_role` VALUES ('0d8ba95cc3fb439eb1ea5ea0074c2595', 'ee15c39491ef4647acd37da8271a301a', '1');
INSERT INTO `t_user_role` VALUES ('1adf4a4e12a3453bace32741c9521b57', '483b947f8ee943e48b411b7d68631c38', '1');
INSERT INTO `t_user_role` VALUES ('2', '2', '1');
INSERT INTO `t_user_role` VALUES ('207e8b6ca9ec417782c4ca45b574ba60', '8cf35dc98d684a8293ce44f2f370ec14', '1');
INSERT INTO `t_user_role` VALUES ('4dd7a846abd14d74b6714a9048b2d150', '1', '1');
INSERT INTO `t_user_role` VALUES ('756868fbbccb490191ffe8e07ef75e9c', 'a3d2179015d74035a127c5810fb1d453', '1');
INSERT INTO `t_user_role` VALUES ('b901c0796eb944f286eef9d298f58f8b', '483b947f8ee943e48b411b7d68631c38', '615b36a78e414e2d9a69614ecca08306');
INSERT INTO `t_user_role` VALUES ('d9b0713b26bf4f99af211a56f22b4984', '7405af9d414a4116a638778ba790a436', '642ce921c0c6445bae2104f19c364a0a');
INSERT INTO `t_user_role` VALUES ('ea2334ccfe3144acb53c2b84efe83fd6', '9e9d3980d9e3421ca3e3635356441e93', '61bd333840bf4a97a3ecfc9fa3dae184');
INSERT INTO `t_user_role` VALUES ('fb9285161997468c9cc63ecfb0085208', '382b4ac7e6e34b469b765aa24b7cfd67', '615b36a78e414e2d9a69614ecca08306');
